window_id,source_clip_id,source_path,category,coarse_class,subject,window_start_frame,window_end_frame,output_path
train_009509_idle_000556_000751_w000000_000045,train_009509_idle_000556_000751,MPI_HDM05/bk/HDM_bk_01-01_01_120_poses.npz,idle,other,bk,0,45,windows/train/idle/train_009509_idle_000556_000751_w000000_000045.npz
train_009509_unknown_mixed_004021_004838_w000000_000045,train_009509_unknown_mixed_004021_004838,MPI_HDM05/bk/HDM_bk_01-01_01_120_poses.npz,unknown_mixed,other,bk,0,45,windows/train/unknown_mixed/train_009509_unknown_mixed_004021_004838_w000000_000045.npz
train_009509_idle_000556_000751_w000004_000049,train_009509_idle_000556_000751,MPI_HDM05/bk/HDM_bk_01-01_01_120_poses.npz,idle,other,bk,4,49,windows/train/idle/train_009509_idle_000556_000751_w000004_000049.npz
train_009509_unknown_mixed_000000_000556_w000015_000060,train_009509_unknown_mixed_000000_000556,MPI_HDM05/bk/HDM_bk_01-01_01_120_poses.npz,unknown_mixed,other,bk,15,60,windows/train/unknown_mixed/train_009509_unknown_mixed_000000_000556_w000015_000060.npz
train_009509_unknown_mixed_004021_004838_w000030_000075,train_009509_unknown_mixed_004021_004838,MPI_HDM05/bk/HDM_bk_01-01_01_120_poses.npz,unknown_mixed,other,bk,30,75,windows/train/unknown_mixed/train_009509_unknown_mixed_004021_004838_w000030_000075.npz
train_009509_idle_005738_006668_w000060_000105,train_009509_idle_005738_006668,MPI_HDM05/bk/HDM_bk_01-01_01_120_poses.npz,idle,other,bk,60,105,windows/train/idle/train_009509_idle_005738_006668_w000060_000105.npz
train_009509_unknown_mixed_004021_004838_w000075_000120,train_009509_unknown_mixed_004021_004838,MPI_HDM05/bk/HDM_bk_01-01_01_120_poses.npz,unknown_mixed,other,bk,75,120,windows/train/unknown_mixed/train_009509_unknown_mixed_004021_004838_w000075_000120.npz
train_009509_idle_005738_006668_w000105_000150,train_009509_idle_005738_006668,MPI_HDM05/bk/HDM_bk_01-01_01_120_poses.npz,idle,other,bk,105,150,windows/train/idle/train_009509_idle_005738_006668_w000105_000150.npz
train_009509_unknown_mixed_005063_005738_w000124_000169,train_009509_unknown_mixed_005063_005738,MPI_HDM05/bk/HDM_bk_01-01_01_120_poses.npz,unknown_mixed,other,bk,124,169,windows/train/unknown_mixed/train_009509_unknown_mixed_005063_005738_w000124_000169.npz
train_009509_idle_005738_006668_w000188_000233,train_009509_idle_005738_006668,MPI_HDM05/bk/HDM_bk_01-01_01_120_poses.npz,idle,other,bk,188,233,windows/train/idle/train_009509_idle_005738_006668_w000188_000233.npz
train_009509_walk_000751_001208_w000000_000045,train_009509_walk_000751_001208,MPI_HDM05/bk/HDM_bk_01-01_01_120_poses.npz,walk,walk,bk,0,45,windows/train/walk/train_009509_walk_000751_001208_w000000_000045.npz
train_009509_walk_009916_010096_w000000_000045,train_009509_walk_009916_010096,MPI_HDM05/bk/HDM_bk_01-01_01_120_poses.npz,walk,walk,bk,0,45,windows/train/walk/train_009509_walk_009916_010096_w000000_000045.npz
train_009509_walk_008656_009578_w000015_000060,train_009509_walk_008656_009578,MPI_HDM05/bk/HDM_bk_01-01_01_120_poses.npz,walk,walk,bk,15,60,windows/train/walk/train_009509_walk_008656_009578_w000015_000060.npz
train_009509_walk_008656_009578_w000030_000075,train_009509_walk_008656_009578,MPI_HDM05/bk/HDM_bk_01-01_01_120_poses.npz,walk,walk,bk,30,75,windows/train/walk/train_009509_walk_008656_009578_w000030_000075.npz
train_009509_walk_008656_009578_w000045_000090,train_009509_walk_008656_009578,MPI_HDM05/bk/HDM_bk_01-01_01_120_poses.npz,walk,walk,bk,45,90,windows/train/walk/train_009509_walk_008656_009578_w000045_000090.npz
train_009509_walk_007576_008198_w000060_000105,train_009509_walk_007576_008198,MPI_HDM05/bk/HDM_bk_01-01_01_120_poses.npz,walk,walk,bk,60,105,windows/train/walk/train_009509_walk_007576_008198_w000060_000105.npz
train_009509_walk_007576_008198_w000075_000120,train_009509_walk_007576_008198,MPI_HDM05/bk/HDM_bk_01-01_01_120_poses.npz,walk,walk,bk,75,120,windows/train/walk/train_009509_walk_007576_008198_w000075_000120.npz
train_009509_walk_008656_009578_w000090_000135,train_009509_walk_008656_009578,MPI_HDM05/bk/HDM_bk_01-01_01_120_poses.npz,walk,walk,bk,90,135,windows/train/walk/train_009509_walk_008656_009578_w000090_000135.npz
train_009509_walk_002258_002918_w000120_000165,train_009509_walk_002258_002918,MPI_HDM05/bk/HDM_bk_01-01_01_120_poses.npz,walk,walk,bk,120,165,windows/train/walk/train_009509_walk_002258_002918_w000120_000165.npz
train_009509_walk_008656_009578_w000186_000231,train_009509_walk_008656_009578,MPI_HDM05/bk/HDM_bk_01-01_01_120_poses.npz,walk,walk,bk,186,231,windows/train/walk/train_009509_walk_008656_009578_w000186_000231.npz
train_013267_idle_002802_003048_w000000_000045,train_013267_idle_002802_003048,MPI_HDM05/bk/HDM_bk_01-01_02_120_poses.npz,idle,other,bk,0,45,windows/train/idle/train_013267_idle_002802_003048_w000000_000045.npz
train_013267_unknown_mixed_006007_008375_w000015_000060,train_013267_unknown_mixed_006007_008375,MPI_HDM05/bk/HDM_bk_01-01_02_120_poses.npz,unknown_mixed,other,bk,15,60,windows/train/unknown_mixed/train_013267_unknown_mixed_006007_008375_w000015_000060.npz
train_013267_unknown_mixed_000000_000378_w000050_000095,train_013267_unknown_mixed_000000_000378,MPI_HDM05/bk/HDM_bk_01-01_02_120_poses.npz,unknown_mixed,other,bk,50,95,windows/train/unknown_mixed/train_013267_unknown_mixed_000000_000378_w000050_000095.npz
train_013267_unknown_mixed_000608_002802_w000105_000150,train_013267_unknown_mixed_000608_002802,MPI_HDM05/bk/HDM_bk_01-01_02_120_poses.npz,unknown_mixed,other,bk,105,150,windows/train/unknown_mixed/train_013267_unknown_mixed_000608_002802_w000105_000150.npz
train_013267_unknown_mixed_000608_002802_w000150_000195,train_013267_unknown_mixed_000608_002802,MPI_HDM05/bk/HDM_bk_01-01_02_120_poses.npz,unknown_mixed,other,bk,150,195,windows/train/unknown_mixed/train_013267_unknown_mixed_000608_002802_w000150_000195.npz
train_013267_unknown_mixed_000608_002802_w000210_000255,train_013267_unknown_mixed_000608_002802,MPI_HDM05/bk/HDM_bk_01-01_02_120_poses.npz,unknown_mixed,other,bk,210,255,windows/train/unknown_mixed/train_013267_unknown_mixed_000608_002802_w000210_000255.npz
train_013267_unknown_mixed_003048_004425_w000270_000315,train_013267_unknown_mixed_003048_004425,MPI_HDM05/bk/HDM_bk_01-01_02_120_poses.npz,unknown_mixed,other,bk,270,315,windows/train/unknown_mixed/train_013267_unknown_mixed_003048_004425_w000270_000315.npz
train_013267_unknown_mixed_006007_008375_w000345_000390,train_013267_unknown_mixed_006007_008375,MPI_HDM05/bk/HDM_bk_01-01_02_120_poses.npz,unknown_mixed,other,bk,345,390,windows/train/unknown_mixed/train_013267_unknown_mixed_006007_008375_w000345_000390.npz
train_013267_unknown_mixed_006007_008375_w000435_000480,train_013267_unknown_mixed_006007_008375,MPI_HDM05/bk/HDM_bk_01-01_02_120_poses.npz,unknown_mixed,other,bk,435,480,windows/train/unknown_mixed/train_013267_unknown_mixed_006007_008375_w000435_000480.npz
train_013267_unknown_mixed_006007_008375_w000547_000592,train_013267_unknown_mixed_006007_008375,MPI_HDM05/bk/HDM_bk_01-01_02_120_poses.npz,unknown_mixed,other,bk,547,592,windows/train/unknown_mixed/train_013267_unknown_mixed_006007_008375_w000547_000592.npz
train_013267_walk_005517_006007_w000000_000045,train_013267_walk_005517_006007,MPI_HDM05/bk/HDM_bk_01-01_02_120_poses.npz,walk,walk,bk,0,45,windows/train/walk/train_013267_walk_005517_006007_w000000_000045.npz
train_013267_walk_005517_006007_w000015_000060,train_013267_walk_005517_006007,MPI_HDM05/bk/HDM_bk_01-01_02_120_poses.npz,walk,walk,bk,15,60,windows/train/walk/train_013267_walk_005517_006007_w000015_000060.npz
train_013267_walk_005517_006007_w000030_000075,train_013267_walk_005517_006007,MPI_HDM05/bk/HDM_bk_01-01_02_120_poses.npz,walk,walk,bk,30,75,windows/train/walk/train_013267_walk_005517_006007_w000030_000075.npz
train_013267_walk_005517_006007_w000045_000090,train_013267_walk_005517_006007,MPI_HDM05/bk/HDM_bk_01-01_02_120_poses.npz,walk,walk,bk,45,90,windows/train/walk/train_013267_walk_005517_006007_w000045_000090.npz
train_013267_walk_005517_006007_w000060_000105,train_013267_walk_005517_006007,MPI_HDM05/bk/HDM_bk_01-01_02_120_poses.npz,walk,walk,bk,60,105,windows/train/walk/train_013267_walk_005517_006007_w000060_000105.npz
train_013267_walk_005517_006007_w000075_000120,train_013267_walk_005517_006007,MPI_HDM05/bk/HDM_bk_01-01_02_120_poses.npz,walk,walk,bk,75,120,windows/train/walk/train_013267_walk_005517_006007_w000075_000120.npz
train_013267_walk_005517_006007_w000078_000123,train_013267_walk_005517_006007,MPI_HDM05/bk/HDM_bk_01-01_02_120_poses.npz,walk,walk,bk,78,123,windows/train/walk/train_013267_walk_005517_006007_w000078_000123.npz
train_004283_unknown_mixed_000000_000715_w000000_000045,train_004283_unknown_mixed_000000_000715,MPI_HDM05/bk/HDM_bk_01-01_03_120_poses.npz,unknown_mixed,other,bk,0,45,windows/train/unknown_mixed/train_004283_unknown_mixed_000000_000715_w000000_000045.npz
train_004283_unknown_mixed_000000_000715_w000030_000075,train_004283_unknown_mixed_000000_000715,MPI_HDM05/bk/HDM_bk_01-01_03_120_poses.npz,unknown_mixed,other,bk,30,75,windows/train/unknown_mixed/train_004283_unknown_mixed_000000_000715_w000030_000075.npz
train_004283_unknown_mixed_002869_005347_w000060_000105,train_004283_unknown_mixed_002869_005347,MPI_HDM05/bk/HDM_bk_01-01_03_120_poses.npz,unknown_mixed,other,bk,60,105,windows/train/unknown_mixed/train_004283_unknown_mixed_002869_005347_w000060_000105.npz
train_004283_unknown_mixed_002869_005347_w000090_000135,train_004283_unknown_mixed_002869_005347,MPI_HDM05/bk/HDM_bk_01-01_03_120_poses.npz,unknown_mixed,other,bk,90,135,windows/train/unknown_mixed/train_004283_unknown_mixed_002869_005347_w000090_000135.npz
train_004283_unknown_mixed_002869_005347_w000120_000165,train_004283_unknown_mixed_002869_005347,MPI_HDM05/bk/HDM_bk_01-01_03_120_poses.npz,unknown_mixed,other,bk,120,165,windows/train/unknown_mixed/train_004283_unknown_mixed_002869_005347_w000120_000165.npz
train_004283_unknown_mixed_002869_005347_w000195_000240,train_004283_unknown_mixed_002869_005347,MPI_HDM05/bk/HDM_bk_01-01_03_120_poses.npz,unknown_mixed,other,bk,195,240,windows/train/unknown_mixed/train_004283_unknown_mixed_002869_005347_w000195_000240.npz
train_004283_unknown_mixed_002869_005347_w000300_000345,train_004283_unknown_mixed_002869_005347,MPI_HDM05/bk/HDM_bk_01-01_03_120_poses.npz,unknown_mixed,other,bk,300,345,windows/train/unknown_mixed/train_004283_unknown_mixed_002869_005347_w000300_000345.npz
train_004283_unknown_mixed_002869_005347_w000390_000435,train_004283_unknown_mixed_002869_005347,MPI_HDM05/bk/HDM_bk_01-01_03_120_poses.npz,unknown_mixed,other,bk,390,435,windows/train/unknown_mixed/train_004283_unknown_mixed_002869_005347_w000390_000435.npz
train_004283_unknown_mixed_002869_005347_w000495_000540,train_004283_unknown_mixed_002869_005347,MPI_HDM05/bk/HDM_bk_01-01_03_120_poses.npz,unknown_mixed,other,bk,495,540,windows/train/unknown_mixed/train_004283_unknown_mixed_002869_005347_w000495_000540.npz
train_004283_unknown_mixed_002869_005347_w000575_000620,train_004283_unknown_mixed_002869_005347,MPI_HDM05/bk/HDM_bk_01-01_03_120_poses.npz,unknown_mixed,other,bk,575,620,windows/train/unknown_mixed/train_004283_unknown_mixed_002869_005347_w000575_000620.npz
train_004283_walk_000715_001243_w000000_000045,train_004283_walk_000715_001243,MPI_HDM05/bk/HDM_bk_01-01_03_120_poses.npz,walk,walk,bk,0,45,windows/train/walk/train_004283_walk_000715_001243_w000000_000045.npz
train_004283_walk_005347_006073_w000015_000060,train_004283_walk_005347_006073,MPI_HDM05/bk/HDM_bk_01-01_03_120_poses.npz,walk,walk,bk,15,60,windows/train/walk/train_004283_walk_005347_006073_w000015_000060.npz
train_004283_walk_007411_008359_w000030_000075,train_004283_walk_007411_008359,MPI_HDM05/bk/HDM_bk_01-01_03_120_poses.npz,walk,walk,bk,30,75,windows/train/walk/train_004283_walk_007411_008359_w000030_000075.npz
train_004283_walk_000715_001243_w000060_000105,train_004283_walk_000715_001243,MPI_HDM05/bk/HDM_bk_01-01_03_120_poses.npz,walk,walk,bk,60,105,windows/train/walk/train_004283_walk_000715_001243_w000060_000105.npz
train_004283_walk_005347_006073_w000075_000120,train_004283_walk_005347_006073,MPI_HDM05/bk/HDM_bk_01-01_03_120_poses.npz,walk,walk,bk,75,120,windows/train/walk/train_004283_walk_005347_006073_w000075_000120.npz
train_004283_walk_007411_008359_w000090_000135,train_004283_walk_007411_008359,MPI_HDM05/bk/HDM_bk_01-01_03_120_poses.npz,walk,walk,bk,90,135,windows/train/walk/train_004283_walk_007411_008359_w000090_000135.npz
train_004283_walk_006367_007051_w000120_000165,train_004283_walk_006367_007051,MPI_HDM05/bk/HDM_bk_01-01_03_120_poses.npz,walk,walk,bk,120,165,windows/train/walk/train_004283_walk_006367_007051_w000120_000165.npz
train_004283_walk_005347_006073_w000137_000182,train_004283_walk_005347_006073,MPI_HDM05/bk/HDM_bk_01-01_03_120_poses.npz,walk,walk,bk,137,182,windows/train/walk/train_004283_walk_005347_006073_w000137_000182.npz
train_004283_walk_007411_008359_w000192_000237,train_004283_walk_007411_008359,MPI_HDM05/bk/HDM_bk_01-01_03_120_poses.npz,walk,walk,bk,192,237,windows/train/walk/train_004283_walk_007411_008359_w000192_000237.npz
train_004283_walk_001549_002869_w000285_000330,train_004283_walk_001549_002869,MPI_HDM05/bk/HDM_bk_01-01_03_120_poses.npz,walk,walk,bk,285,330,windows/train/walk/train_004283_walk_001549_002869_w000285_000330.npz
train_012144_unknown_mixed_000000_000403_w000000_000045,train_012144_unknown_mixed_000000_000403,MPI_HDM05/bk/HDM_bk_01-02_01_120_poses.npz,unknown_mixed,other,bk,0,45,windows/train/unknown_mixed/train_012144_unknown_mixed_000000_000403_w000000_000045.npz
train_012144_unknown_mixed_003200_003421_w000000_000045,train_012144_unknown_mixed_003200_003421,MPI_HDM05/bk/HDM_bk_01-02_01_120_poses.npz,unknown_mixed,other,bk,0,45,windows/train/unknown_mixed/train_012144_unknown_mixed_003200_003421_w000000_000045.npz
train_012144_unknown_mixed_003200_003421_w000011_000056,train_012144_unknown_mixed_003200_003421,MPI_HDM05/bk/HDM_bk_01-02_01_120_poses.npz,unknown_mixed,other,bk,11,56,windows/train/unknown_mixed/train_012144_unknown_mixed_003200_003421_w000011_000056.npz
train_012144_unknown_mixed_000000_000403_w000015_000060,train_012144_unknown_mixed_000000_000403,MPI_HDM05/bk/HDM_bk_01-02_01_120_poses.npz,unknown_mixed,other,bk,15,60,windows/train/unknown_mixed/train_012144_unknown_mixed_000000_000403_w000015_000060.npz
train_012144_unknown_mixed_000000_000403_w000030_000075,train_012144_unknown_mixed_000000_000403,MPI_HDM05/bk/HDM_bk_01-02_01_120_poses.npz,unknown_mixed,other,bk,30,75,windows/train/unknown_mixed/train_012144_unknown_mixed_000000_000403_w000030_000075.npz
train_012144_unknown_mixed_000000_000403_w000045_000090,train_012144_unknown_mixed_000000_000403,MPI_HDM05/bk/HDM_bk_01-02_01_120_poses.npz,unknown_mixed,other,bk,45,90,windows/train/unknown_mixed/train_012144_unknown_mixed_000000_000403_w000045_000090.npz
train_012144_unknown_mixed_000000_000403_w000056_000101,train_012144_unknown_mixed_000000_000403,MPI_HDM05/bk/HDM_bk_01-02_01_120_poses.npz,unknown_mixed,other,bk,56,101,windows/train/unknown_mixed/train_012144_unknown_mixed_000000_000403_w000056_000101.npz
train_012144_run_001230_001625_w000000_000045,train_012144_run_001230_001625,MPI_HDM05/bk/HDM_bk_01-02_01_120_poses.npz,run,run,bk,0,45,windows/train/run/train_012144_run_001230_001625_w000000_000045.npz
train_012144_run_001750_002060_w000000_000045,train_012144_run_001750_002060,MPI_HDM05/bk/HDM_bk_01-02_01_120_poses.npz,run,run,bk,0,45,windows/train/run/train_012144_run_001750_002060_w000000_000045.npz
train_012144_run_001230_001625_w000015_000060,train_012144_run_001230_001625,MPI_HDM05/bk/HDM_bk_01-02_01_120_poses.npz,run,run,bk,15,60,windows/train/run/train_012144_run_001230_001625_w000015_000060.npz
train_012144_run_001750_002060_w000015_000060,train_012144_run_001750_002060,MPI_HDM05/bk/HDM_bk_01-02_01_120_poses.npz,run,run,bk,15,60,windows/train/run/train_012144_run_001750_002060_w000015_000060.npz
train_012144_run_001230_001625_w000030_000075,train_012144_run_001230_001625,MPI_HDM05/bk/HDM_bk_01-02_01_120_poses.npz,run,run,bk,30,75,windows/train/run/train_012144_run_001230_001625_w000030_000075.npz
train_012144_run_001750_002060_w000030_000075,train_012144_run_001750_002060,MPI_HDM05/bk/HDM_bk_01-02_01_120_poses.npz,run,run,bk,30,75,windows/train/run/train_012144_run_001750_002060_w000030_000075.npz
train_012144_run_001750_002060_w000033_000078,train_012144_run_001750_002060,MPI_HDM05/bk/HDM_bk_01-02_01_120_poses.npz,run,run,bk,33,78,windows/train/run/train_012144_run_001750_002060_w000033_000078.npz
train_012144_run_001230_001625_w000045_000090,train_012144_run_001230_001625,MPI_HDM05/bk/HDM_bk_01-02_01_120_poses.npz,run,run,bk,45,90,windows/train/run/train_012144_run_001230_001625_w000045_000090.npz
train_012144_run_001230_001625_w000054_000099,train_012144_run_001230_001625,MPI_HDM05/bk/HDM_bk_01-02_01_120_poses.npz,run,run,bk,54,99,windows/train/run/train_012144_run_001230_001625_w000054_000099.npz
train_012144_walk_000403_001070_w000000_000045,train_012144_walk_000403_001070,MPI_HDM05/bk/HDM_bk_01-02_01_120_poses.npz,walk,walk,bk,0,45,windows/train/walk/train_012144_walk_000403_001070_w000000_000045.npz
train_012144_walk_002915_003200_w000000_000045,train_012144_walk_002915_003200,MPI_HDM05/bk/HDM_bk_01-02_01_120_poses.npz,walk,walk,bk,0,45,windows/train/walk/train_012144_walk_002915_003200_w000000_000045.npz
train_012144_walk_002368_002770_w000015_000060,train_012144_walk_002368_002770,MPI_HDM05/bk/HDM_bk_01-02_01_120_poses.npz,walk,walk,bk,15,60,windows/train/walk/train_012144_walk_002368_002770_w000015_000060.npz
train_012144_walk_002915_003200_w000027_000072,train_012144_walk_002915_003200,MPI_HDM05/bk/HDM_bk_01-02_01_120_poses.npz,walk,walk,bk,27,72,windows/train/walk/train_012144_walk_002915_003200_w000027_000072.npz
train_012144_walk_002368_002770_w000030_000075,train_012144_walk_002368_002770,MPI_HDM05/bk/HDM_bk_01-02_01_120_poses.npz,walk,walk,bk,30,75,windows/train/walk/train_012144_walk_002368_002770_w000030_000075.npz
train_012144_walk_000403_001070_w000045_000090,train_012144_walk_000403_001070,MPI_HDM05/bk/HDM_bk_01-02_01_120_poses.npz,walk,walk,bk,45,90,windows/train/walk/train_012144_walk_000403_001070_w000045_000090.npz
train_012144_walk_002368_002770_w000056_000101,train_012144_walk_002368_002770,MPI_HDM05/bk/HDM_bk_01-02_01_120_poses.npz,walk,walk,bk,56,101,windows/train/walk/train_012144_walk_002368_002770_w000056_000101.npz
train_012144_walk_000403_001070_w000075_000120,train_012144_walk_000403_001070,MPI_HDM05/bk/HDM_bk_01-02_01_120_poses.npz,walk,walk,bk,75,120,windows/train/walk/train_012144_walk_000403_001070_w000075_000120.npz
train_012144_walk_000403_001070_w000105_000150,train_012144_walk_000403_001070,MPI_HDM05/bk/HDM_bk_01-02_01_120_poses.npz,walk,walk,bk,105,150,windows/train/walk/train_012144_walk_000403_001070_w000105_000150.npz
train_012144_walk_000403_001070_w000122_000167,train_012144_walk_000403_001070,MPI_HDM05/bk/HDM_bk_01-02_01_120_poses.npz,walk,walk,bk,122,167,windows/train/walk/train_012144_walk_000403_001070_w000122_000167.npz
train_008014_unknown_mixed_000000_000360_w000000_000045,train_008014_unknown_mixed_000000_000360,MPI_HDM05/bk/HDM_bk_01-02_02_120_poses.npz,unknown_mixed,other,bk,0,45,windows/train/unknown_mixed/train_008014_unknown_mixed_000000_000360_w000000_000045.npz
train_008014_unknown_mixed_001506_001798_w000000_000045,train_008014_unknown_mixed_001506_001798,MPI_HDM05/bk/HDM_bk_01-02_02_120_poses.npz,unknown_mixed,other,bk,0,45,windows/train/unknown_mixed/train_008014_unknown_mixed_001506_001798_w000000_000045.npz
train_008014_unknown_mixed_000000_000360_w000015_000060,train_008014_unknown_mixed_000000_000360,MPI_HDM05/bk/HDM_bk_01-02_02_120_poses.npz,unknown_mixed,other,bk,15,60,windows/train/unknown_mixed/train_008014_unknown_mixed_000000_000360_w000015_000060.npz
train_008014_unknown_mixed_001506_001798_w000015_000060,train_008014_unknown_mixed_001506_001798,MPI_HDM05/bk/HDM_bk_01-02_02_120_poses.npz,unknown_mixed,other,bk,15,60,windows/train/unknown_mixed/train_008014_unknown_mixed_001506_001798_w000015_000060.npz
train_008014_unknown_mixed_002359_002834_w000015_000060,train_008014_unknown_mixed_002359_002834,MPI_HDM05/bk/HDM_bk_01-02_02_120_poses.npz,unknown_mixed,other,bk,15,60,windows/train/unknown_mixed/train_008014_unknown_mixed_002359_002834_w000015_000060.npz
train_008014_unknown_mixed_000000_000360_w000030_000075,train_008014_unknown_mixed_000000_000360,MPI_HDM05/bk/HDM_bk_01-02_02_120_poses.npz,unknown_mixed,other,bk,30,75,windows/train/unknown_mixed/train_008014_unknown_mixed_000000_000360_w000030_000075.npz
train_008014_unknown_mixed_002359_002834_w000030_000075,train_008014_unknown_mixed_002359_002834,MPI_HDM05/bk/HDM_bk_01-02_02_120_poses.npz,unknown_mixed,other,bk,30,75,windows/train/unknown_mixed/train_008014_unknown_mixed_002359_002834_w000030_000075.npz
train_008014_unknown_mixed_000000_000360_w000045_000090,train_008014_unknown_mixed_000000_000360,MPI_HDM05/bk/HDM_bk_01-02_02_120_poses.npz,unknown_mixed,other,bk,45,90,windows/train/unknown_mixed/train_008014_unknown_mixed_000000_000360_w000045_000090.npz
train_008014_unknown_mixed_002359_002834_w000060_000105,train_008014_unknown_mixed_002359_002834,MPI_HDM05/bk/HDM_bk_01-02_02_120_poses.npz,unknown_mixed,other,bk,60,105,windows/train/unknown_mixed/train_008014_unknown_mixed_002359_002834_w000060_000105.npz
train_008014_unknown_mixed_002359_002834_w000074_000119,train_008014_unknown_mixed_002359_002834,MPI_HDM05/bk/HDM_bk_01-02_02_120_poses.npz,unknown_mixed,other,bk,74,119,windows/train/unknown_mixed/train_008014_unknown_mixed_002359_002834_w000074_000119.npz
train_008014_run_000833_001163_w000000_000045,train_008014_run_000833_001163,MPI_HDM05/bk/HDM_bk_01-02_02_120_poses.npz,run,run,bk,0,45,windows/train/run/train_008014_run_000833_001163_w000000_000045.npz
train_008014_run_001184_001506_w000000_000045,train_008014_run_001184_001506,MPI_HDM05/bk/HDM_bk_01-02_02_120_poses.npz,run,run,bk,0,45,windows/train/run/train_008014_run_001184_001506_w000000_000045.npz
train_008014_run_000833_001163_w000015_000060,train_008014_run_000833_001163,MPI_HDM05/bk/HDM_bk_01-02_02_120_poses.npz,run,run,bk,15,60,windows/train/run/train_008014_run_000833_001163_w000015_000060.npz
train_008014_run_001184_001506_w000015_000060,train_008014_run_001184_001506,MPI_HDM05/bk/HDM_bk_01-02_02_120_poses.npz,run,run,bk,15,60,windows/train/run/train_008014_run_001184_001506_w000015_000060.npz
train_008014_run_000833_001163_w000030_000075,train_008014_run_000833_001163,MPI_HDM05/bk/HDM_bk_01-02_02_120_poses.npz,run,run,bk,30,75,windows/train/run/train_008014_run_000833_001163_w000030_000075.npz
train_008014_run_001184_001506_w000030_000075,train_008014_run_001184_001506,MPI_HDM05/bk/HDM_bk_01-02_02_120_poses.npz,run,run,bk,30,75,windows/train/run/train_008014_run_001184_001506_w000030_000075.npz
train_008014_run_001184_001506_w000036_000081,train_008014_run_001184_001506,MPI_HDM05/bk/HDM_bk_01-02_02_120_poses.npz,run,run,bk,36,81,windows/train/run/train_008014_run_001184_001506_w000036_000081.npz
train_008014_run_000833_001163_w000038_000083,train_008014_run_000833_001163,MPI_HDM05/bk/HDM_bk_01-02_02_120_poses.npz,run,run,bk,38,83,windows/train/run/train_008014_run_000833_001163_w000038_000083.npz
train_008014_walk_000360_000768_w000000_000045,train_008014_walk_000360_000768,MPI_HDM05/bk/HDM_bk_01-02_02_120_poses.npz,walk,walk,bk,0,45,windows/train/walk/train_008014_walk_000360_000768_w000000_000045.npz
train_008014_walk_001798_002190_w000000_000045,train_008014_walk_001798_002190,MPI_HDM05/bk/HDM_bk_01-02_02_120_poses.npz,walk,walk,bk,0,45,windows/train/walk/train_008014_walk_001798_002190_w000000_000045.npz
train_008014_walk_000360_000768_w000015_000060,train_008014_walk_000360_000768,MPI_HDM05/bk/HDM_bk_01-02_02_120_poses.npz,walk,walk,bk,15,60,windows/train/walk/train_008014_walk_000360_000768_w000015_000060.npz
train_008014_walk_001798_002190_w000015_000060,train_008014_walk_001798_002190,MPI_HDM05/bk/HDM_bk_01-02_02_120_poses.npz,walk,walk,bk,15,60,windows/train/walk/train_008014_walk_001798_002190_w000015_000060.npz
train_008014_walk_000360_000768_w000030_000075,train_008014_walk_000360_000768,MPI_HDM05/bk/HDM_bk_01-02_02_120_poses.npz,walk,walk,bk,30,75,windows/train/walk/train_008014_walk_000360_000768_w000030_000075.npz
train_008014_walk_001798_002190_w000030_000075,train_008014_walk_001798_002190,MPI_HDM05/bk/HDM_bk_01-02_02_120_poses.npz,walk,walk,bk,30,75,windows/train/walk/train_008014_walk_001798_002190_w000030_000075.npz
train_008014_walk_000360_000768_w000045_000090,train_008014_walk_000360_000768,MPI_HDM05/bk/HDM_bk_01-02_02_120_poses.npz,walk,walk,bk,45,90,windows/train/walk/train_008014_walk_000360_000768_w000045_000090.npz
train_008014_walk_001798_002190_w000045_000090,train_008014_walk_001798_002190,MPI_HDM05/bk/HDM_bk_01-02_02_120_poses.npz,walk,walk,bk,45,90,windows/train/walk/train_008014_walk_001798_002190_w000045_000090.npz
train_008014_walk_001798_002190_w000053_000098,train_008014_walk_001798_002190,MPI_HDM05/bk/HDM_bk_01-02_02_120_poses.npz,walk,walk,bk,53,98,windows/train/walk/train_008014_walk_001798_002190_w000053_000098.npz
train_008014_walk_000360_000768_w000057_000102,train_008014_walk_000360_000768,MPI_HDM05/bk/HDM_bk_01-02_02_120_poses.npz,walk,walk,bk,57,102,windows/train/walk/train_008014_walk_000360_000768_w000057_000102.npz
train_000674_idle_000622_001213_w000000_000045,train_000674_idle_000622_001213,MPI_HDM05/bk/HDM_bk_01-03_01_120_poses.npz,idle,other,bk,0,45,windows/train/idle/train_000674_idle_000622_001213_w000000_000045.npz
train_000674_unknown_mixed_002679_002923_w000000_000045,train_000674_unknown_mixed_002679_002923,MPI_HDM05/bk/HDM_bk_01-03_01_120_poses.npz,unknown_mixed,other,bk,0,45,windows/train/unknown_mixed/train_000674_unknown_mixed_002679_002923_w000000_000045.npz
train_000674_idle_002923_003579_w000015_000060,train_000674_idle_002923_003579,MPI_HDM05/bk/HDM_bk_01-03_01_120_poses.npz,idle,other,bk,15,60,windows/train/idle/train_000674_idle_002923_003579_w000015_000060.npz
train_000674_unknown_mixed_004025_004762_w000015_000060,train_000674_unknown_mixed_004025_004762,MPI_HDM05/bk/HDM_bk_01-03_01_120_poses.npz,unknown_mixed,other,bk,15,60,windows/train/unknown_mixed/train_000674_unknown_mixed_004025_004762_w000015_000060.npz
train_000674_idle_002923_003579_w000030_000075,train_000674_idle_002923_003579,MPI_HDM05/bk/HDM_bk_01-03_01_120_poses.npz,idle,other,bk,30,75,windows/train/idle/train_000674_idle_002923_003579_w000030_000075.npz
train_000674_idle_002923_003579_w000045_000090,train_000674_idle_002923_003579,MPI_HDM05/bk/HDM_bk_01-03_01_120_poses.npz,idle,other,bk,45,90,windows/train/idle/train_000674_idle_002923_003579_w000045_000090.npz
train_000674_unknown_mixed_004025_004762_w000060_000105,train_000674_unknown_mixed_004025_004762,MPI_HDM05/bk/HDM_bk_01-03_01_120_poses.npz,unknown_mixed,other,bk,60,105,windows/train/unknown_mixed/train_000674_unknown_mixed_004025_004762_w000060_000105.npz
train_000674_idle_000622_001213_w000090_000135,train_000674_idle_000622_001213,MPI_HDM05/bk/HDM_bk_01-03_01_120_poses.npz,idle,other,bk,90,135,windows/train/idle/train_000674_idle_000622_001213_w000090_000135.npz
train_000674_unknown_mixed_004025_004762_w000105_000150,train_000674_unknown_mixed_004025_004762,MPI_HDM05/bk/HDM_bk_01-03_01_120_poses.npz,unknown_mixed,other,bk,105,150,windows/train/unknown_mixed/train_000674_unknown_mixed_004025_004762_w000105_000150.npz
train_000674_unknown_mixed_004025_004762_w000140_000185,train_000674_unknown_mixed_004025_004762,MPI_HDM05/bk/HDM_bk_01-03_01_120_poses.npz,unknown_mixed,other,bk,140,185,windows/train/unknown_mixed/train_000674_unknown_mixed_004025_004762_w000140_000185.npz
train_000674_run_005156_005495_w000000_000045,train_000674_run_005156_005495,MPI_HDM05/bk/HDM_bk_01-03_01_120_poses.npz,run,run,bk,0,45,windows/train/run/train_000674_run_005156_005495_w000000_000045.npz
train_000674_run_005756_006133_w000000_000045,train_000674_run_005756_006133,MPI_HDM05/bk/HDM_bk_01-03_01_120_poses.npz,run,run,bk,0,45,windows/train/run/train_000674_run_005756_006133_w000000_000045.npz
train_000674_run_006296_006480_w000000_000045,train_000674_run_006296_006480,MPI_HDM05/bk/HDM_bk_01-03_01_120_poses.npz,run,run,bk,0,45,windows/train/run/train_000674_run_006296_006480_w000000_000045.npz
train_000674_run_006296_006480_w000001_000046,train_000674_run_006296_006480,MPI_HDM05/bk/HDM_bk_01-03_01_120_poses.npz,run,run,bk,1,46,windows/train/run/train_000674_run_006296_006480_w000001_000046.npz
train_000674_run_005156_005495_w000015_000060,train_000674_run_005156_005495,MPI_HDM05/bk/HDM_bk_01-03_01_120_poses.npz,run,run,bk,15,60,windows/train/run/train_000674_run_005156_005495_w000015_000060.npz
train_000674_run_005156_005495_w000030_000075,train_000674_run_005156_005495,MPI_HDM05/bk/HDM_bk_01-03_01_120_poses.npz,run,run,bk,30,75,windows/train/run/train_000674_run_005156_005495_w000030_000075.npz
train_000674_run_005756_006133_w000030_000075,train_000674_run_005756_006133,MPI_HDM05/bk/HDM_bk_01-03_01_120_poses.npz,run,run,bk,30,75,windows/train/run/train_000674_run_005756_006133_w000030_000075.npz
train_000674_run_005156_005495_w000040_000085,train_000674_run_005156_005495,MPI_HDM05/bk/HDM_bk_01-03_01_120_poses.npz,run,run,bk,40,85,windows/train/run/train_000674_run_005156_005495_w000040_000085.npz
train_000674_run_005756_006133_w000045_000090,train_000674_run_005756_006133,MPI_HDM05/bk/HDM_bk_01-03_01_120_poses.npz,run,run,bk,45,90,windows/train/run/train_000674_run_005756_006133_w000045_000090.npz
train_000674_run_005756_006133_w000050_000095,train_000674_run_005756_006133,MPI_HDM05/bk/HDM_bk_01-03_01_120_poses.npz,run,run,bk,50,95,windows/train/run/train_000674_run_005756_006133_w000050_000095.npz
train_000674_walk_000249_000515_w000000_000045,train_000674_walk_000249_000515,MPI_HDM05/bk/HDM_bk_01-03_01_120_poses.npz,walk,walk,bk,0,45,windows/train/walk/train_000674_walk_000249_000515_w000000_000045.npz
train_000674_walk_003703_003888_w000002_000047,train_000674_walk_003703_003888,MPI_HDM05/bk/HDM_bk_01-03_01_120_poses.npz,walk,walk,bk,2,47,windows/train/walk/train_000674_walk_003703_003888_w000002_000047.npz
train_000674_walk_000249_000515_w000022_000067,train_000674_walk_000249_000515,MPI_HDM05/bk/HDM_bk_01-03_01_120_poses.npz,walk,walk,bk,22,67,windows/train/walk/train_000674_walk_000249_000515_w000022_000067.npz
train_000674_walk_001355_002679_w000045_000090,train_000674_walk_001355_002679,MPI_HDM05/bk/HDM_bk_01-03_01_120_poses.npz,walk,walk,bk,45,90,windows/train/walk/train_000674_walk_001355_002679_w000045_000090.npz
train_000674_walk_001355_002679_w000090_000135,train_000674_walk_001355_002679,MPI_HDM05/bk/HDM_bk_01-03_01_120_poses.npz,walk,walk,bk,90,135,windows/train/walk/train_000674_walk_001355_002679_w000090_000135.npz
train_000674_walk_001355_002679_w000135_000180,train_000674_walk_001355_002679,MPI_HDM05/bk/HDM_bk_01-03_01_120_poses.npz,walk,walk,bk,135,180,windows/train/walk/train_000674_walk_001355_002679_w000135_000180.npz
train_000674_walk_001355_002679_w000180_000225,train_000674_walk_001355_002679,MPI_HDM05/bk/HDM_bk_01-03_01_120_poses.npz,walk,walk,bk,180,225,windows/train/walk/train_000674_walk_001355_002679_w000180_000225.npz
train_000674_walk_001355_002679_w000210_000255,train_000674_walk_001355_002679,MPI_HDM05/bk/HDM_bk_01-03_01_120_poses.npz,walk,walk,bk,210,255,windows/train/walk/train_000674_walk_001355_002679_w000210_000255.npz
train_000674_walk_001355_002679_w000255_000300,train_000674_walk_001355_002679,MPI_HDM05/bk/HDM_bk_01-03_01_120_poses.npz,walk,walk,bk,255,300,windows/train/walk/train_000674_walk_001355_002679_w000255_000300.npz
train_000674_walk_001355_002679_w000286_000331,train_000674_walk_001355_002679,MPI_HDM05/bk/HDM_bk_01-03_01_120_poses.npz,walk,walk,bk,286,331,windows/train/walk/train_000674_walk_001355_002679_w000286_000331.npz
train_004568_unknown_mixed_000000_000492_w000000_000045,train_004568_unknown_mixed_000000_000492,MPI_HDM05/bk/HDM_bk_01-03_02_120_poses.npz,unknown_mixed,other,bk,0,45,windows/train/unknown_mixed/train_004568_unknown_mixed_000000_000492_w000000_000045.npz
train_004568_unknown_mixed_002279_002482_w000000_000045,train_004568_unknown_mixed_002279_002482,MPI_HDM05/bk/HDM_bk_01-03_02_120_poses.npz,unknown_mixed,other,bk,0,45,windows/train/unknown_mixed/train_004568_unknown_mixed_002279_002482_w000000_000045.npz
train_004568_unknown_mixed_005907_006211_w000000_000045,train_004568_unknown_mixed_005907_006211,MPI_HDM05/bk/HDM_bk_01-03_02_120_poses.npz,unknown_mixed,other,bk,0,45,windows/train/unknown_mixed/train_004568_unknown_mixed_005907_006211_w000000_000045.npz
train_004568_unknown_mixed_002614_002850_w000014_000059,train_004568_unknown_mixed_002614_002850,MPI_HDM05/bk/HDM_bk_01-03_02_120_poses.npz,unknown_mixed,other,bk,14,59,windows/train/unknown_mixed/train_004568_unknown_mixed_002614_002850_w000014_000059.npz
train_004568_unknown_mixed_000955_001291_w000015_000060,train_004568_unknown_mixed_000955_001291,MPI_HDM05/bk/HDM_bk_01-03_02_120_poses.npz,unknown_mixed,other,bk,15,60,windows/train/unknown_mixed/train_004568_unknown_mixed_000955_001291_w000015_000060.npz
train_004568_unknown_mixed_003264_003533_w000023_000068,train_004568_unknown_mixed_003264_003533,MPI_HDM05/bk/HDM_bk_01-03_02_120_poses.npz,unknown_mixed,other,bk,23,68,windows/train/unknown_mixed/train_004568_unknown_mixed_003264_003533_w000023_000068.npz
train_004568_unknown_mixed_000955_001291_w000030_000075,train_004568_unknown_mixed_000955_001291,MPI_HDM05/bk/HDM_bk_01-03_02_120_poses.npz,unknown_mixed,other,bk,30,75,windows/train/unknown_mixed/train_004568_unknown_mixed_000955_001291_w000030_000075.npz
train_004568_unknown_mixed_005907_006211_w000031_000076,train_004568_unknown_mixed_005907_006211,MPI_HDM05/bk/HDM_bk_01-03_02_120_poses.npz,unknown_mixed,other,bk,31,76,windows/train/unknown_mixed/train_004568_unknown_mixed_005907_006211_w000031_000076.npz
train_004568_unknown_mixed_000000_000492_w000060_000105,train_004568_unknown_mixed_000000_000492,MPI_HDM05/bk/HDM_bk_01-03_02_120_poses.npz,unknown_mixed,other,bk,60,105,windows/train/unknown_mixed/train_004568_unknown_mixed_000000_000492_w000060_000105.npz
train_004568_unknown_mixed_000000_000492_w000078_000123,train_004568_unknown_mixed_000000_000492,MPI_HDM05/bk/HDM_bk_01-03_02_120_poses.npz,unknown_mixed,other,bk,78,123,windows/train/unknown_mixed/train_004568_unknown_mixed_000000_000492_w000078_000123.npz
train_004568_run_004318_004706_w000000_000045,train_004568_run_004318_004706,MPI_HDM05/bk/HDM_bk_01-03_02_120_poses.npz,run,run,bk,0,45,windows/train/run/train_004568_run_004318_004706_w000000_000045.npz
train_004568_run_005020_005339_w000000_000045,train_004568_run_005020_005339,MPI_HDM05/bk/HDM_bk_01-03_02_120_poses.npz,run,run,bk,0,45,windows/train/run/train_004568_run_005020_005339_w000000_000045.npz
train_004568_run_005718_005907_w000000_000045,train_004568_run_005718_005907,MPI_HDM05/bk/HDM_bk_01-03_02_120_poses.npz,run,run,bk,0,45,windows/train/run/train_004568_run_005718_005907_w000000_000045.npz
train_004568_run_005718_005907_w000003_000048,train_004568_run_005718_005907,MPI_HDM05/bk/HDM_bk_01-03_02_120_poses.npz,run,run,bk,3,48,windows/train/run/train_004568_run_005718_005907_w000003_000048.npz
train_004568_run_004318_004706_w000015_000060,train_004568_run_004318_004706,MPI_HDM05/bk/HDM_bk_01-03_02_120_poses.npz,run,run,bk,15,60,windows/train/run/train_004568_run_004318_004706_w000015_000060.npz
train_004568_run_004318_004706_w000030_000075,train_004568_run_004318_004706,MPI_HDM05/bk/HDM_bk_01-03_02_120_poses.npz,run,run,bk,30,75,windows/train/run/train_004568_run_004318_004706_w000030_000075.npz
train_004568_run_005020_005339_w000030_000075,train_004568_run_005020_005339,MPI_HDM05/bk/HDM_bk_01-03_02_120_poses.npz,run,run,bk,30,75,windows/train/run/train_004568_run_005020_005339_w000030_000075.npz
train_004568_run_005020_005339_w000035_000080,train_004568_run_005020_005339,MPI_HDM05/bk/HDM_bk_01-03_02_120_poses.npz,run,run,bk,35,80,windows/train/run/train_004568_run_005020_005339_w000035_000080.npz
train_004568_run_004318_004706_w000045_000090,train_004568_run_004318_004706,MPI_HDM05/bk/HDM_bk_01-03_02_120_poses.npz,run,run,bk,45,90,windows/train/run/train_004568_run_004318_004706_w000045_000090.npz
train_004568_run_004318_004706_w000052_000097,train_004568_run_004318_004706,MPI_HDM05/bk/HDM_bk_01-03_02_120_poses.npz,run,run,bk,52,97,windows/train/run/train_004568_run_004318_004706_w000052_000097.npz
train_004568_walk_000492_000955_w000000_000045,train_004568_walk_000492_000955,MPI_HDM05/bk/HDM_bk_01-03_02_120_poses.npz,walk,walk,bk,0,45,windows/train/walk/train_004568_walk_000492_000955_w000000_000045.npz
train_004568_walk_003533_004089_w000000_000045,train_004568_walk_003533_004089,MPI_HDM05/bk/HDM_bk_01-03_02_120_poses.npz,walk,walk,bk,0,45,windows/train/walk/train_004568_walk_003533_004089_w000000_000045.npz
train_004568_walk_001412_001972_w000015_000060,train_004568_walk_001412_001972,MPI_HDM05/bk/HDM_bk_01-03_02_120_poses.npz,walk,walk,bk,15,60,windows/train/walk/train_004568_walk_001412_001972_w000015_000060.npz
train_004568_walk_000492_000955_w000030_000075,train_004568_walk_000492_000955,MPI_HDM05/bk/HDM_bk_01-03_02_120_poses.npz,walk,walk,bk,30,75,windows/train/walk/train_004568_walk_000492_000955_w000030_000075.npz
train_004568_walk_003533_004089_w000030_000075,train_004568_walk_003533_004089,MPI_HDM05/bk/HDM_bk_01-03_02_120_poses.npz,walk,walk,bk,30,75,windows/train/walk/train_004568_walk_003533_004089_w000030_000075.npz
train_004568_walk_003533_004089_w000045_000090,train_004568_walk_003533_004089,MPI_HDM05/bk/HDM_bk_01-03_02_120_poses.npz,walk,walk,bk,45,90,windows/train/walk/train_004568_walk_003533_004089_w000045_000090.npz
train_004568_walk_001412_001972_w000060_000105,train_004568_walk_001412_001972,MPI_HDM05/bk/HDM_bk_01-03_02_120_poses.npz,walk,walk,bk,60,105,windows/train/walk/train_004568_walk_001412_001972_w000060_000105.npz
train_004568_walk_001412_001972_w000075_000120,train_004568_walk_001412_001972,MPI_HDM05/bk/HDM_bk_01-03_02_120_poses.npz,walk,walk,bk,75,120,windows/train/walk/train_004568_walk_001412_001972_w000075_000120.npz
train_004568_walk_001412_001972_w000090_000135,train_004568_walk_001412_001972,MPI_HDM05/bk/HDM_bk_01-03_02_120_poses.npz,walk,walk,bk,90,135,windows/train/walk/train_004568_walk_001412_001972_w000090_000135.npz
train_004568_walk_001412_001972_w000095_000140,train_004568_walk_001412_001972,MPI_HDM05/bk/HDM_bk_01-03_02_120_poses.npz,walk,walk,bk,95,140,windows/train/walk/train_004568_walk_001412_001972_w000095_000140.npz
train_002969_unknown_mixed_000000_000534_w000000_000045,train_002969_unknown_mixed_000000_000534,MPI_HDM05/bk/HDM_bk_01-03_03_120_poses.npz,unknown_mixed,other,bk,0,45,windows/train/unknown_mixed/train_002969_unknown_mixed_000000_000534_w000000_000045.npz
train_002969_unknown_mixed_003074_003264_w000000_000045,train_002969_unknown_mixed_003074_003264,MPI_HDM05/bk/HDM_bk_01-03_03_120_poses.npz,unknown_mixed,other,bk,0,45,windows/train/unknown_mixed/train_002969_unknown_mixed_003074_003264_w000000_000045.npz
train_002969_unknown_mixed_003807_004000_w000000_000045,train_002969_unknown_mixed_003807_004000,MPI_HDM05/bk/HDM_bk_01-03_03_120_poses.npz,unknown_mixed,other,bk,0,45,windows/train/unknown_mixed/train_002969_unknown_mixed_003807_004000_w000000_000045.npz
train_002969_unknown_mixed_002164_002354_w000003_000048,train_002969_unknown_mixed_002164_002354,MPI_HDM05/bk/HDM_bk_01-03_03_120_poses.npz,unknown_mixed,other,bk,3,48,windows/train/unknown_mixed/train_002969_unknown_mixed_002164_002354_w000003_000048.npz
train_002969_unknown_mixed_003074_003264_w000003_000048,train_002969_unknown_mixed_003074_003264,MPI_HDM05/bk/HDM_bk_01-03_03_120_poses.npz,unknown_mixed,other,bk,3,48,windows/train/unknown_mixed/train_002969_unknown_mixed_003074_003264_w000003_000048.npz
train_002969_unknown_mixed_004900_005115_w000009_000054,train_002969_unknown_mixed_004900_005115,MPI_HDM05/bk/HDM_bk_01-03_03_120_poses.npz,unknown_mixed,other,bk,9,54,windows/train/unknown_mixed/train_002969_unknown_mixed_004900_005115_w000009_000054.npz
train_002969_unknown_mixed_000000_000534_w000015_000060,train_002969_unknown_mixed_000000_000534,MPI_HDM05/bk/HDM_bk_01-03_03_120_poses.npz,unknown_mixed,other,bk,15,60,windows/train/unknown_mixed/train_002969_unknown_mixed_000000_000534_w000015_000060.npz
train_002969_unknown_mixed_000000_000534_w000045_000090,train_002969_unknown_mixed_000000_000534,MPI_HDM05/bk/HDM_bk_01-03_03_120_poses.npz,unknown_mixed,other,bk,45,90,windows/train/unknown_mixed/train_002969_unknown_mixed_000000_000534_w000045_000090.npz
train_002969_unknown_mixed_000000_000534_w000060_000105,train_002969_unknown_mixed_000000_000534,MPI_HDM05/bk/HDM_bk_01-03_03_120_poses.npz,unknown_mixed,other,bk,60,105,windows/train/unknown_mixed/train_002969_unknown_mixed_000000_000534_w000060_000105.npz
train_002969_unknown_mixed_000000_000534_w000089_000134,train_002969_unknown_mixed_000000_000534,MPI_HDM05/bk/HDM_bk_01-03_03_120_poses.npz,unknown_mixed,other,bk,89,134,windows/train/unknown_mixed/train_002969_unknown_mixed_000000_000534_w000089_000134.npz
train_002969_run_002490_002807_w000000_000045,train_002969_run_002490_002807,MPI_HDM05/bk/HDM_bk_01-03_03_120_poses.npz,run,run,bk,0,45,windows/train/run/train_002969_run_002490_002807_w000000_000045.npz
train_002969_run_004067_004460_w000000_000045,train_002969_run_004067_004460,MPI_HDM05/bk/HDM_bk_01-03_03_120_poses.npz,run,run,bk,0,45,windows/train/run/train_002969_run_004067_004460_w000000_000045.npz
train_002969_run_002490_002807_w000015_000060,train_002969_run_002490_002807,MPI_HDM05/bk/HDM_bk_01-03_03_120_poses.npz,run,run,bk,15,60,windows/train/run/train_002969_run_002490_002807_w000015_000060.npz
train_002969_run_004067_004460_w000015_000060,train_002969_run_004067_004460,MPI_HDM05/bk/HDM_bk_01-03_03_120_poses.npz,run,run,bk,15,60,windows/train/run/train_002969_run_004067_004460_w000015_000060.npz
train_002969_run_002490_002807_w000030_000075,train_002969_run_002490_002807,MPI_HDM05/bk/HDM_bk_01-03_03_120_poses.npz,run,run,bk,30,75,windows/train/run/train_002969_run_002490_002807_w000030_000075.npz
train_002969_run_004067_004460_w000030_000075,train_002969_run_004067_004460,MPI_HDM05/bk/HDM_bk_01-03_03_120_poses.npz,run,run,bk,30,75,windows/train/run/train_002969_run_004067_004460_w000030_000075.npz
train_002969_run_002490_002807_w000035_000080,train_002969_run_002490_002807,MPI_HDM05/bk/HDM_bk_01-03_03_120_poses.npz,run,run,bk,35,80,windows/train/run/train_002969_run_002490_002807_w000035_000080.npz
train_002969_run_004067_004460_w000045_000090,train_002969_run_004067_004460,MPI_HDM05/bk/HDM_bk_01-03_03_120_poses.npz,run,run,bk,45,90,windows/train/run/train_002969_run_004067_004460_w000045_000090.npz
train_002969_run_004067_004460_w000054_000099,train_002969_run_004067_004460,MPI_HDM05/bk/HDM_bk_01-03_03_120_poses.npz,run,run,bk,54,99,windows/train/run/train_002969_run_004067_004460_w000054_000099.npz
train_002969_run_003347_003770_w000061_000106,train_002969_run_003347_003770,MPI_HDM05/bk/HDM_bk_01-03_03_120_poses.npz,run,run,bk,61,106,windows/train/run/train_002969_run_003347_003770_w000061_000106.npz
train_002969_walk_000654_001120_w000000_000045,train_002969_walk_000654_001120,MPI_HDM05/bk/HDM_bk_01-03_03_120_poses.npz,walk,walk,bk,0,45,windows/train/walk/train_002969_walk_000654_001120_w000000_000045.npz
train_002969_walk_001987_002164_w000000_000045,train_002969_walk_001987_002164,MPI_HDM05/bk/HDM_bk_01-03_03_120_poses.npz,walk,walk,bk,0,45,windows/train/walk/train_002969_walk_001987_002164_w000000_000045.npz
train_002969_walk_000654_001120_w000015_000060,train_002969_walk_000654_001120,MPI_HDM05/bk/HDM_bk_01-03_03_120_poses.npz,walk,walk,bk,15,60,windows/train/walk/train_002969_walk_000654_001120_w000015_000060.npz
train_002969_walk_001364_001864_w000015_000060,train_002969_walk_001364_001864,MPI_HDM05/bk/HDM_bk_01-03_03_120_poses.npz,walk,walk,bk,15,60,windows/train/walk/train_002969_walk_001364_001864_w000015_000060.npz
train_002969_walk_004644_004900_w000019_000064,train_002969_walk_004644_004900,MPI_HDM05/bk/HDM_bk_01-03_03_120_poses.npz,walk,walk,bk,19,64,windows/train/walk/train_002969_walk_004644_004900_w000019_000064.npz
train_002969_walk_001364_001864_w000030_000075,train_002969_walk_001364_001864,MPI_HDM05/bk/HDM_bk_01-03_03_120_poses.npz,walk,walk,bk,30,75,windows/train/walk/train_002969_walk_001364_001864_w000030_000075.npz
train_002969_walk_001364_001864_w000045_000090,train_002969_walk_001364_001864,MPI_HDM05/bk/HDM_bk_01-03_03_120_poses.npz,walk,walk,bk,45,90,windows/train/walk/train_002969_walk_001364_001864_w000045_000090.npz
train_002969_walk_000654_001120_w000060_000105,train_002969_walk_000654_001120,MPI_HDM05/bk/HDM_bk_01-03_03_120_poses.npz,walk,walk,bk,60,105,windows/train/walk/train_002969_walk_000654_001120_w000060_000105.npz
train_002969_walk_000654_001120_w000072_000117,train_002969_walk_000654_001120,MPI_HDM05/bk/HDM_bk_01-03_03_120_poses.npz,walk,walk,bk,72,117,windows/train/walk/train_002969_walk_000654_001120_w000072_000117.npz
train_002969_walk_001364_001864_w000080_000125,train_002969_walk_001364_001864,MPI_HDM05/bk/HDM_bk_01-03_03_120_poses.npz,walk,walk,bk,80,125,windows/train/walk/train_002969_walk_001364_001864_w000080_000125.npz
train_006775_run_002115_002380_w000000_000045,train_006775_run_002115_002380,MPI_HDM05/bk/HDM_bk_01-03_04_120_poses.npz,run,run,bk,0,45,windows/train/run/train_006775_run_002115_002380_w000000_000045.npz
train_006775_run_003420_003867_w000000_000045,train_006775_run_003420_003867,MPI_HDM05/bk/HDM_bk_01-03_04_120_poses.npz,run,run,bk,0,45,windows/train/run/train_006775_run_003420_003867_w000000_000045.npz
train_006775_run_002115_002380_w000015_000060,train_006775_run_002115_002380,MPI_HDM05/bk/HDM_bk_01-03_04_120_poses.npz,run,run,bk,15,60,windows/train/run/train_006775_run_002115_002380_w000015_000060.npz
train_006775_run_003420_003867_w000015_000060,train_006775_run_003420_003867,MPI_HDM05/bk/HDM_bk_01-03_04_120_poses.npz,run,run,bk,15,60,windows/train/run/train_006775_run_003420_003867_w000015_000060.npz
train_006775_run_002115_002380_w000022_000067,train_006775_run_002115_002380,MPI_HDM05/bk/HDM_bk_01-03_04_120_poses.npz,run,run,bk,22,67,windows/train/run/train_006775_run_002115_002380_w000022_000067.npz
train_006775_run_003420_003867_w000030_000075,train_006775_run_003420_003867,MPI_HDM05/bk/HDM_bk_01-03_04_120_poses.npz,run,run,bk,30,75,windows/train/run/train_006775_run_003420_003867_w000030_000075.npz
train_006775_run_002769_003208_w000045_000090,train_006775_run_002769_003208,MPI_HDM05/bk/HDM_bk_01-03_04_120_poses.npz,run,run,bk,45,90,windows/train/run/train_006775_run_002769_003208_w000045_000090.npz
train_006775_run_002769_003208_w000060_000105,train_006775_run_002769_003208,MPI_HDM05/bk/HDM_bk_01-03_04_120_poses.npz,run,run,bk,60,105,windows/train/run/train_006775_run_002769_003208_w000060_000105.npz
train_006775_run_003420_003867_w000060_000105,train_006775_run_003420_003867,MPI_HDM05/bk/HDM_bk_01-03_04_120_poses.npz,run,run,bk,60,105,windows/train/run/train_006775_run_003420_003867_w000060_000105.npz
train_006775_run_003420_003867_w000067_000112,train_006775_run_003420_003867,MPI_HDM05/bk/HDM_bk_01-03_04_120_poses.npz,run,run,bk,67,112,windows/train/run/train_006775_run_003420_003867_w000067_000112.npz
train_006775_walk_000340_000735_w000000_000045,train_006775_walk_000340_000735,MPI_HDM05/bk/HDM_bk_01-03_04_120_poses.npz,walk,walk,bk,0,45,windows/train/walk/train_006775_walk_000340_000735_w000000_000045.npz
train_006775_walk_000958_001540_w000000_000045,train_006775_walk_000958_001540,MPI_HDM05/bk/HDM_bk_01-03_04_120_poses.npz,walk,walk,bk,0,45,windows/train/walk/train_006775_walk_000958_001540_w000000_000045.npz
train_006775_walk_000958_001540_w000015_000060,train_006775_walk_000958_001540,MPI_HDM05/bk/HDM_bk_01-03_04_120_poses.npz,walk,walk,bk,15,60,windows/train/walk/train_006775_walk_000958_001540_w000015_000060.npz
train_006775_walk_000340_000735_w000030_000075,train_006775_walk_000340_000735,MPI_HDM05/bk/HDM_bk_01-03_04_120_poses.npz,walk,walk,bk,30,75,windows/train/walk/train_006775_walk_000340_000735_w000030_000075.npz
train_006775_walk_000958_001540_w000030_000075,train_006775_walk_000958_001540,MPI_HDM05/bk/HDM_bk_01-03_04_120_poses.npz,walk,walk,bk,30,75,windows/train/walk/train_006775_walk_000958_001540_w000030_000075.npz
train_006775_walk_000958_001540_w000045_000090,train_006775_walk_000958_001540,MPI_HDM05/bk/HDM_bk_01-03_04_120_poses.npz,walk,walk,bk,45,90,windows/train/walk/train_006775_walk_000958_001540_w000045_000090.npz
train_006775_walk_000340_000735_w000054_000099,train_006775_walk_000340_000735,MPI_HDM05/bk/HDM_bk_01-03_04_120_poses.npz,walk,walk,bk,54,99,windows/train/walk/train_006775_walk_000340_000735_w000054_000099.npz
train_006775_walk_000958_001540_w000060_000105,train_006775_walk_000958_001540,MPI_HDM05/bk/HDM_bk_01-03_04_120_poses.npz,walk,walk,bk,60,105,windows/train/walk/train_006775_walk_000958_001540_w000060_000105.npz
train_006775_walk_000958_001540_w000090_000135,train_006775_walk_000958_001540,MPI_HDM05/bk/HDM_bk_01-03_04_120_poses.npz,walk,walk,bk,90,135,windows/train/walk/train_006775_walk_000958_001540_w000090_000135.npz
train_006775_walk_000958_001540_w000101_000146,train_006775_walk_000958_001540,MPI_HDM05/bk/HDM_bk_01-03_04_120_poses.npz,walk,walk,bk,101,146,windows/train/walk/train_006775_walk_000958_001540_w000101_000146.npz
train_012470_unknown_mixed_000000_000413_w000000_000045,train_012470_unknown_mixed_000000_000413,MPI_HDM05/bk/HDM_bk_01-03_05_120_poses.npz,unknown_mixed,other,bk,0,45,windows/train/unknown_mixed/train_012470_unknown_mixed_000000_000413_w000000_000045.npz
train_012470_unknown_mixed_002300_002810_w000000_000045,train_012470_unknown_mixed_002300_002810,MPI_HDM05/bk/HDM_bk_01-03_05_120_poses.npz,unknown_mixed,other,bk,0,45,windows/train/unknown_mixed/train_012470_unknown_mixed_002300_002810_w000000_000045.npz
train_012470_unknown_mixed_004215_004467_w000000_000045,train_012470_unknown_mixed_004215_004467,MPI_HDM05/bk/HDM_bk_01-03_05_120_poses.npz,unknown_mixed,other,bk,0,45,windows/train/unknown_mixed/train_012470_unknown_mixed_004215_004467_w000000_000045.npz
train_012470_unknown_mixed_000000_000413_w000015_000060,train_012470_unknown_mixed_000000_000413,MPI_HDM05/bk/HDM_bk_01-03_05_120_poses.npz,unknown_mixed,other,bk,15,60,windows/train/unknown_mixed/train_012470_unknown_mixed_000000_000413_w000015_000060.npz
train_012470_unknown_mixed_002300_002810_w000015_000060,train_012470_unknown_mixed_002300_002810,MPI_HDM05/bk/HDM_bk_01-03_05_120_poses.npz,unknown_mixed,other,bk,15,60,windows/train/unknown_mixed/train_012470_unknown_mixed_002300_002810_w000015_000060.npz
train_012470_unknown_mixed_004215_004467_w000018_000063,train_012470_unknown_mixed_004215_004467,MPI_HDM05/bk/HDM_bk_01-03_05_120_poses.npz,unknown_mixed,other,bk,18,63,windows/train/unknown_mixed/train_012470_unknown_mixed_004215_004467_w000018_000063.npz
train_012470_unknown_mixed_002300_002810_w000030_000075,train_012470_unknown_mixed_002300_002810,MPI_HDM05/bk/HDM_bk_01-03_05_120_poses.npz,unknown_mixed,other,bk,30,75,windows/train/unknown_mixed/train_012470_unknown_mixed_002300_002810_w000030_000075.npz
train_012470_unknown_mixed_002300_002810_w000045_000090,train_012470_unknown_mixed_002300_002810,MPI_HDM05/bk/HDM_bk_01-03_05_120_poses.npz,unknown_mixed,other,bk,45,90,windows/train/unknown_mixed/train_012470_unknown_mixed_002300_002810_w000045_000090.npz
train_012470_unknown_mixed_002300_002810_w000060_000105,train_012470_unknown_mixed_002300_002810,MPI_HDM05/bk/HDM_bk_01-03_05_120_poses.npz,unknown_mixed,other,bk,60,105,windows/train/unknown_mixed/train_012470_unknown_mixed_002300_002810_w000060_000105.npz
train_012470_unknown_mixed_002300_002810_w000083_000128,train_012470_unknown_mixed_002300_002810,MPI_HDM05/bk/HDM_bk_01-03_05_120_poses.npz,unknown_mixed,other,bk,83,128,windows/train/unknown_mixed/train_012470_unknown_mixed_002300_002810_w000083_000128.npz
train_012470_run_002000_002300_w000000_000045,train_012470_run_002000_002300,MPI_HDM05/bk/HDM_bk_01-03_05_120_poses.npz,run,run,bk,0,45,windows/train/run/train_012470_run_002000_002300_w000000_000045.npz
train_012470_run_002810_003203_w000000_000045,train_012470_run_002810_003203,MPI_HDM05/bk/HDM_bk_01-03_05_120_poses.npz,run,run,bk,0,45,windows/train/run/train_012470_run_002810_003203_w000000_000045.npz
train_012470_run_002000_002300_w000015_000060,train_012470_run_002000_002300,MPI_HDM05/bk/HDM_bk_01-03_05_120_poses.npz,run,run,bk,15,60,windows/train/run/train_012470_run_002000_002300_w000015_000060.npz
train_012470_run_002810_003203_w000015_000060,train_012470_run_002810_003203,MPI_HDM05/bk/HDM_bk_01-03_05_120_poses.npz,run,run,bk,15,60,windows/train/run/train_012470_run_002810_003203_w000015_000060.npz
train_012470_run_003470_003865_w000015_000060,train_012470_run_003470_003865,MPI_HDM05/bk/HDM_bk_01-03_05_120_poses.npz,run,run,bk,15,60,windows/train/run/train_012470_run_003470_003865_w000015_000060.npz
train_012470_run_002810_003203_w000030_000075,train_012470_run_002810_003203,MPI_HDM05/bk/HDM_bk_01-03_05_120_poses.npz,run,run,bk,30,75,windows/train/run/train_012470_run_002810_003203_w000030_000075.npz
train_012470_run_003470_003865_w000030_000075,train_012470_run_003470_003865,MPI_HDM05/bk/HDM_bk_01-03_05_120_poses.npz,run,run,bk,30,75,windows/train/run/train_012470_run_003470_003865_w000030_000075.npz
train_012470_run_002810_003203_w000045_000090,train_012470_run_002810_003203,MPI_HDM05/bk/HDM_bk_01-03_05_120_poses.npz,run,run,bk,45,90,windows/train/run/train_012470_run_002810_003203_w000045_000090.npz
train_012470_run_002810_003203_w000054_000099,train_012470_run_002810_003203,MPI_HDM05/bk/HDM_bk_01-03_05_120_poses.npz,run,run,bk,54,99,windows/train/run/train_012470_run_002810_003203_w000054_000099.npz
train_012470_run_003470_003865_w000054_000099,train_012470_run_003470_003865,MPI_HDM05/bk/HDM_bk_01-03_05_120_poses.npz,run,run,bk,54,99,windows/train/run/train_012470_run_003470_003865_w000054_000099.npz
train_012470_walk_000413_000805_w000000_000045,train_012470_walk_000413_000805,MPI_HDM05/bk/HDM_bk_01-03_05_120_poses.npz,walk,walk,bk,0,45,windows/train/walk/train_012470_walk_000413_000805_w000000_000045.npz
train_012470_walk_001050_001490_w000000_000045,train_012470_walk_001050_001490,MPI_HDM05/bk/HDM_bk_01-03_05_120_poses.npz,walk,walk,bk,0,45,windows/train/walk/train_012470_walk_001050_001490_w000000_000045.npz
train_012470_walk_000413_000805_w000015_000060,train_012470_walk_000413_000805,MPI_HDM05/bk/HDM_bk_01-03_05_120_poses.npz,walk,walk,bk,15,60,windows/train/walk/train_012470_walk_000413_000805_w000015_000060.npz
train_012470_walk_001050_001490_w000015_000060,train_012470_walk_001050_001490,MPI_HDM05/bk/HDM_bk_01-03_05_120_poses.npz,walk,walk,bk,15,60,windows/train/walk/train_012470_walk_001050_001490_w000015_000060.npz
train_012470_walk_000413_000805_w000030_000075,train_012470_walk_000413_000805,MPI_HDM05/bk/HDM_bk_01-03_05_120_poses.npz,walk,walk,bk,30,75,windows/train/walk/train_012470_walk_000413_000805_w000030_000075.npz
train_012470_walk_000413_000805_w000045_000090,train_012470_walk_000413_000805,MPI_HDM05/bk/HDM_bk_01-03_05_120_poses.npz,walk,walk,bk,45,90,windows/train/walk/train_012470_walk_000413_000805_w000045_000090.npz
train_012470_walk_001050_001490_w000045_000090,train_012470_walk_001050_001490,MPI_HDM05/bk/HDM_bk_01-03_05_120_poses.npz,walk,walk,bk,45,90,windows/train/walk/train_012470_walk_001050_001490_w000045_000090.npz
train_012470_walk_000413_000805_w000053_000098,train_012470_walk_000413_000805,MPI_HDM05/bk/HDM_bk_01-03_05_120_poses.npz,walk,walk,bk,53,98,windows/train/walk/train_012470_walk_000413_000805_w000053_000098.npz
train_012470_walk_001050_001490_w000060_000105,train_012470_walk_001050_001490,MPI_HDM05/bk/HDM_bk_01-03_05_120_poses.npz,walk,walk,bk,60,105,windows/train/walk/train_012470_walk_001050_001490_w000060_000105.npz
train_012470_walk_001050_001490_w000065_000110,train_012470_walk_001050_001490,MPI_HDM05/bk/HDM_bk_01-03_05_120_poses.npz,walk,walk,bk,65,110,windows/train/walk/train_012470_walk_001050_001490_w000065_000110.npz
train_005424_run_002229_003420_w000000_000045,train_005424_run_002229_003420,MPI_HDM05/bk/HDM_bk_01-04_01_120_poses.npz,run,run,bk,0,45,windows/train/run/train_005424_run_002229_003420_w000000_000045.npz
train_005424_run_002229_003420_w000030_000075,train_005424_run_002229_003420,MPI_HDM05/bk/HDM_bk_01-04_01_120_poses.npz,run,run,bk,30,75,windows/train/run/train_005424_run_002229_003420_w000030_000075.npz
train_005424_run_002229_003420_w000060_000105,train_005424_run_002229_003420,MPI_HDM05/bk/HDM_bk_01-04_01_120_poses.npz,run,run,bk,60,105,windows/train/run/train_005424_run_002229_003420_w000060_000105.npz
train_005424_run_002229_003420_w000090_000135,train_005424_run_002229_003420,MPI_HDM05/bk/HDM_bk_01-04_01_120_poses.npz,run,run,bk,90,135,windows/train/run/train_005424_run_002229_003420_w000090_000135.npz
train_005424_run_002229_003420_w000120_000165,train_005424_run_002229_003420,MPI_HDM05/bk/HDM_bk_01-04_01_120_poses.npz,run,run,bk,120,165,windows/train/run/train_005424_run_002229_003420_w000120_000165.npz
train_005424_run_002229_003420_w000135_000180,train_005424_run_002229_003420,MPI_HDM05/bk/HDM_bk_01-04_01_120_poses.npz,run,run,bk,135,180,windows/train/run/train_005424_run_002229_003420_w000135_000180.npz
train_005424_run_002229_003420_w000165_000210,train_005424_run_002229_003420,MPI_HDM05/bk/HDM_bk_01-04_01_120_poses.npz,run,run,bk,165,210,windows/train/run/train_005424_run_002229_003420_w000165_000210.npz
train_005424_run_002229_003420_w000195_000240,train_005424_run_002229_003420,MPI_HDM05/bk/HDM_bk_01-04_01_120_poses.npz,run,run,bk,195,240,windows/train/run/train_005424_run_002229_003420_w000195_000240.npz
train_005424_run_002229_003420_w000225_000270,train_005424_run_002229_003420,MPI_HDM05/bk/HDM_bk_01-04_01_120_poses.npz,run,run,bk,225,270,windows/train/run/train_005424_run_002229_003420_w000225_000270.npz
train_005424_run_002229_003420_w000253_000298,train_005424_run_002229_003420,MPI_HDM05/bk/HDM_bk_01-04_01_120_poses.npz,run,run,bk,253,298,windows/train/run/train_005424_run_002229_003420_w000253_000298.npz
train_005424_walk_000514_001946_w000000_000045,train_005424_walk_000514_001946,MPI_HDM05/bk/HDM_bk_01-04_01_120_poses.npz,walk,walk,bk,0,45,windows/train/walk/train_005424_walk_000514_001946_w000000_000045.npz
train_005424_walk_004253_007111_w000045_000090,train_005424_walk_004253_007111,MPI_HDM05/bk/HDM_bk_01-04_01_120_poses.npz,walk,walk,bk,45,90,windows/train/walk/train_005424_walk_004253_007111_w000045_000090.npz
train_005424_walk_004253_007111_w000105_000150,train_005424_walk_004253_007111,MPI_HDM05/bk/HDM_bk_01-04_01_120_poses.npz,walk,walk,bk,105,150,windows/train/walk/train_005424_walk_004253_007111_w000105_000150.npz
train_005424_walk_000514_001946_w000165_000210,train_005424_walk_000514_001946,MPI_HDM05/bk/HDM_bk_01-04_01_120_poses.npz,walk,walk,bk,165,210,windows/train/walk/train_005424_walk_000514_001946_w000165_000210.npz
train_005424_walk_000514_001946_w000225_000270,train_005424_walk_000514_001946,MPI_HDM05/bk/HDM_bk_01-04_01_120_poses.npz,walk,walk,bk,225,270,windows/train/walk/train_005424_walk_000514_001946_w000225_000270.npz
train_005424_walk_004253_007111_w000270_000315,train_005424_walk_004253_007111,MPI_HDM05/bk/HDM_bk_01-04_01_120_poses.npz,walk,walk,bk,270,315,windows/train/walk/train_005424_walk_004253_007111_w000270_000315.npz
train_005424_walk_004253_007111_w000345_000390,train_005424_walk_004253_007111,MPI_HDM05/bk/HDM_bk_01-04_01_120_poses.npz,walk,walk,bk,345,390,windows/train/walk/train_005424_walk_004253_007111_w000345_000390.npz
train_005424_walk_004253_007111_w000450_000495,train_005424_walk_004253_007111,MPI_HDM05/bk/HDM_bk_01-04_01_120_poses.npz,walk,walk,bk,450,495,windows/train/walk/train_005424_walk_004253_007111_w000450_000495.npz
train_005424_walk_004253_007111_w000570_000615,train_005424_walk_004253_007111,MPI_HDM05/bk/HDM_bk_01-04_01_120_poses.npz,walk,walk,bk,570,615,windows/train/walk/train_005424_walk_004253_007111_w000570_000615.npz
train_005424_walk_004253_007111_w000670_000715,train_005424_walk_004253_007111,MPI_HDM05/bk/HDM_bk_01-04_01_120_poses.npz,walk,walk,bk,670,715,windows/train/walk/train_005424_walk_004253_007111_w000670_000715.npz
train_001127_unknown_mixed_000000_000705_w000000_000045,train_001127_unknown_mixed_000000_000705,MPI_HDM05/bk/HDM_bk_01-04_02_120_poses.npz,unknown_mixed,other,bk,0,45,windows/train/unknown_mixed/train_001127_unknown_mixed_000000_000705_w000000_000045.npz
train_001127_unknown_mixed_002523_002838_w000000_000045,train_001127_unknown_mixed_002523_002838,MPI_HDM05/bk/HDM_bk_01-04_02_120_poses.npz,unknown_mixed,other,bk,0,45,windows/train/unknown_mixed/train_001127_unknown_mixed_002523_002838_w000000_000045.npz
train_001127_unknown_mixed_006073_006285_w000008_000053,train_001127_unknown_mixed_006073_006285,MPI_HDM05/bk/HDM_bk_01-04_02_120_poses.npz,unknown_mixed,other,bk,8,53,windows/train/unknown_mixed/train_001127_unknown_mixed_006073_006285_w000008_000053.npz
train_001127_unknown_mixed_001113_001405_w000015_000060,train_001127_unknown_mixed_001113_001405,MPI_HDM05/bk/HDM_bk_01-04_02_120_poses.npz,unknown_mixed,other,bk,15,60,windows/train/unknown_mixed/train_001127_unknown_mixed_001113_001405_w000015_000060.npz
train_001127_unknown_mixed_001113_001405_w000028_000073,train_001127_unknown_mixed_001113_001405,MPI_HDM05/bk/HDM_bk_01-04_02_120_poses.npz,unknown_mixed,other,bk,28,73,windows/train/unknown_mixed/train_001127_unknown_mixed_001113_001405_w000028_000073.npz
train_001127_unknown_mixed_002523_002838_w000030_000075,train_001127_unknown_mixed_002523_002838,MPI_HDM05/bk/HDM_bk_01-04_02_120_poses.npz,unknown_mixed,other,bk,30,75,windows/train/unknown_mixed/train_001127_unknown_mixed_002523_002838_w000030_000075.npz
train_001127_unknown_mixed_000000_000705_w000045_000090,train_001127_unknown_mixed_000000_000705,MPI_HDM05/bk/HDM_bk_01-04_02_120_poses.npz,unknown_mixed,other,bk,45,90,windows/train/unknown_mixed/train_001127_unknown_mixed_000000_000705_w000045_000090.npz
train_001127_unknown_mixed_000000_000705_w000075_000120,train_001127_unknown_mixed_000000_000705,MPI_HDM05/bk/HDM_bk_01-04_02_120_poses.npz,unknown_mixed,other,bk,75,120,windows/train/unknown_mixed/train_001127_unknown_mixed_000000_000705_w000075_000120.npz
train_001127_unknown_mixed_000000_000705_w000105_000150,train_001127_unknown_mixed_000000_000705,MPI_HDM05/bk/HDM_bk_01-04_02_120_poses.npz,unknown_mixed,other,bk,105,150,windows/train/unknown_mixed/train_001127_unknown_mixed_000000_000705_w000105_000150.npz
train_001127_unknown_mixed_000000_000705_w000132_000177,train_001127_unknown_mixed_000000_000705,MPI_HDM05/bk/HDM_bk_01-04_02_120_poses.npz,unknown_mixed,other,bk,132,177,windows/train/unknown_mixed/train_001127_unknown_mixed_000000_000705_w000132_000177.npz
train_001127_run_001405_001800_w000000_000045,train_001127_run_001405_001800,MPI_HDM05/bk/HDM_bk_01-04_02_120_poses.npz,run,run,bk,0,45,windows/train/run/train_001127_run_001405_001800_w000000_000045.npz
train_001127_run_004753_005088_w000000_000045,train_001127_run_004753_005088,MPI_HDM05/bk/HDM_bk_01-04_02_120_poses.npz,run,run,bk,0,45,windows/train/run/train_001127_run_004753_005088_w000000_000045.npz
train_001127_run_001405_001800_w000015_000060,train_001127_run_001405_001800,MPI_HDM05/bk/HDM_bk_01-04_02_120_poses.npz,run,run,bk,15,60,windows/train/run/train_001127_run_001405_001800_w000015_000060.npz
train_001127_run_002165_002523_w000015_000060,train_001127_run_002165_002523,MPI_HDM05/bk/HDM_bk_01-04_02_120_poses.npz,run,run,bk,15,60,windows/train/run/train_001127_run_002165_002523_w000015_000060.npz
train_001127_run_006285_006633_w000015_000060,train_001127_run_006285_006633,MPI_HDM05/bk/HDM_bk_01-04_02_120_poses.npz,run,run,bk,15,60,windows/train/run/train_001127_run_006285_006633_w000015_000060.npz
train_001127_run_002165_002523_w000030_000075,train_001127_run_002165_002523,MPI_HDM05/bk/HDM_bk_01-04_02_120_poses.npz,run,run,bk,30,75,windows/train/run/train_001127_run_002165_002523_w000030_000075.npz
train_001127_run_006285_006633_w000030_000075,train_001127_run_006285_006633,MPI_HDM05/bk/HDM_bk_01-04_02_120_poses.npz,run,run,bk,30,75,windows/train/run/train_001127_run_006285_006633_w000030_000075.npz
train_001127_run_004753_005088_w000039_000084,train_001127_run_004753_005088,MPI_HDM05/bk/HDM_bk_01-04_02_120_poses.npz,run,run,bk,39,84,windows/train/run/train_001127_run_004753_005088_w000039_000084.npz
train_001127_run_001405_001800_w000045_000090,train_001127_run_001405_001800,MPI_HDM05/bk/HDM_bk_01-04_02_120_poses.npz,run,run,bk,45,90,windows/train/run/train_001127_run_001405_001800_w000045_000090.npz
train_001127_run_001405_001800_w000054_000099,train_001127_run_001405_001800,MPI_HDM05/bk/HDM_bk_01-04_02_120_poses.npz,run,run,bk,54,99,windows/train/run/train_001127_run_001405_001800_w000054_000099.npz
train_001127_walk_000705_001113_w000000_000045,train_001127_walk_000705_001113,MPI_HDM05/bk/HDM_bk_01-04_02_120_poses.npz,walk,walk,bk,0,45,windows/train/walk/train_001127_walk_000705_001113_w000000_000045.npz
train_001127_walk_004058_004408_w000000_000045,train_001127_walk_004058_004408,MPI_HDM05/bk/HDM_bk_01-04_02_120_poses.npz,walk,walk,bk,0,45,windows/train/walk/train_001127_walk_004058_004408_w000000_000045.npz
train_001127_walk_000705_001113_w000015_000060,train_001127_walk_000705_001113,MPI_HDM05/bk/HDM_bk_01-04_02_120_poses.npz,walk,walk,bk,15,60,windows/train/walk/train_001127_walk_000705_001113_w000015_000060.npz
train_001127_walk_004058_004408_w000015_000060,train_001127_walk_004058_004408,MPI_HDM05/bk/HDM_bk_01-04_02_120_poses.npz,walk,walk,bk,15,60,windows/train/walk/train_001127_walk_004058_004408_w000015_000060.npz
train_001127_walk_006848_007100_w000018_000063,train_001127_walk_006848_007100,MPI_HDM05/bk/HDM_bk_01-04_02_120_poses.npz,walk,walk,bk,18,63,windows/train/walk/train_001127_walk_006848_007100_w000018_000063.npz
train_001127_walk_002838_003213_w000030_000075,train_001127_walk_002838_003213,MPI_HDM05/bk/HDM_bk_01-04_02_120_poses.npz,walk,walk,bk,30,75,windows/train/walk/train_001127_walk_002838_003213_w000030_000075.npz
train_001127_walk_004058_004408_w000043_000088,train_001127_walk_004058_004408,MPI_HDM05/bk/HDM_bk_01-04_02_120_poses.npz,walk,walk,bk,43,88,windows/train/walk/train_001127_walk_004058_004408_w000043_000088.npz
train_001127_walk_002838_003213_w000045_000090,train_001127_walk_002838_003213,MPI_HDM05/bk/HDM_bk_01-04_02_120_poses.npz,walk,walk,bk,45,90,windows/train/walk/train_001127_walk_002838_003213_w000045_000090.npz
train_001127_walk_000705_001113_w000057_000102,train_001127_walk_000705_001113,MPI_HDM05/bk/HDM_bk_01-04_02_120_poses.npz,walk,walk,bk,57,102,windows/train/walk/train_001127_walk_000705_001113_w000057_000102.npz
train_001127_walk_005635_006073_w000065_000110,train_001127_walk_005635_006073,MPI_HDM05/bk/HDM_bk_01-04_02_120_poses.npz,walk,walk,bk,65,110,windows/train/walk/train_001127_walk_005635_006073_w000065_000110.npz
train_002033_unknown_mixed_000000_000475_w000000_000045,train_002033_unknown_mixed_000000_000475,MPI_HDM05/bk/HDM_bk_01-04_03_120_poses.npz,unknown_mixed,other,bk,0,45,windows/train/unknown_mixed/train_002033_unknown_mixed_000000_000475_w000000_000045.npz
train_002033_unknown_mixed_004563_005050_w000000_000045,train_002033_unknown_mixed_004563_005050,MPI_HDM05/bk/HDM_bk_01-04_03_120_poses.npz,unknown_mixed,other,bk,0,45,windows/train/unknown_mixed/train_002033_unknown_mixed_004563_005050_w000000_000045.npz
train_002033_unknown_mixed_000865_001153_w000015_000060,train_002033_unknown_mixed_000865_001153,MPI_HDM05/bk/HDM_bk_01-04_03_120_poses.npz,unknown_mixed,other,bk,15,60,windows/train/unknown_mixed/train_002033_unknown_mixed_000865_001153_w000015_000060.npz
train_002033_unknown_mixed_005300_005700_w000015_000060,train_002033_unknown_mixed_005300_005700,MPI_HDM05/bk/HDM_bk_01-04_03_120_poses.npz,unknown_mixed,other,bk,15,60,windows/train/unknown_mixed/train_002033_unknown_mixed_005300_005700_w000015_000060.npz
train_002033_unknown_mixed_002835_003603_w000030_000075,train_002033_unknown_mixed_002835_003603,MPI_HDM05/bk/HDM_bk_01-04_03_120_poses.npz,unknown_mixed,other,bk,30,75,windows/train/unknown_mixed/train_002033_unknown_mixed_002835_003603_w000030_000075.npz
train_002033_unknown_mixed_000000_000475_w000045_000090,train_002033_unknown_mixed_000000_000475,MPI_HDM05/bk/HDM_bk_01-04_03_120_poses.npz,unknown_mixed,other,bk,45,90,windows/train/unknown_mixed/train_002033_unknown_mixed_000000_000475_w000045_000090.npz
train_002033_unknown_mixed_005985_006353_w000045_000090,train_002033_unknown_mixed_005985_006353,MPI_HDM05/bk/HDM_bk_01-04_03_120_poses.npz,unknown_mixed,other,bk,45,90,windows/train/unknown_mixed/train_002033_unknown_mixed_005985_006353_w000045_000090.npz
train_002033_unknown_mixed_002835_003603_w000060_000105,train_002033_unknown_mixed_002835_003603,MPI_HDM05/bk/HDM_bk_01-04_03_120_poses.npz,unknown_mixed,other,bk,60,105,windows/train/unknown_mixed/train_002033_unknown_mixed_002835_003603_w000060_000105.npz
train_002033_unknown_mixed_001460_001943_w000076_000121,train_002033_unknown_mixed_001460_001943,MPI_HDM05/bk/HDM_bk_01-04_03_120_poses.npz,unknown_mixed,other,bk,76,121,windows/train/unknown_mixed/train_002033_unknown_mixed_001460_001943_w000076_000121.npz
train_002033_unknown_mixed_002835_003603_w000147_000192,train_002033_unknown_mixed_002835_003603,MPI_HDM05/bk/HDM_bk_01-04_03_120_poses.npz,unknown_mixed,other,bk,147,192,windows/train/unknown_mixed/train_002033_unknown_mixed_002835_003603_w000147_000192.npz
train_002033_run_001153_001460_w000000_000045,train_002033_run_001153_001460,MPI_HDM05/bk/HDM_bk_01-04_03_120_poses.npz,run,run,bk,0,45,windows/train/run/train_002033_run_001153_001460_w000000_000045.npz
train_002033_run_001943_002185_w000000_000045,train_002033_run_001943_002185,MPI_HDM05/bk/HDM_bk_01-04_03_120_poses.npz,run,run,bk,0,45,windows/train/run/train_002033_run_001943_002185_w000000_000045.npz
train_002033_run_005050_005300_w000000_000045,train_002033_run_005050_005300,MPI_HDM05/bk/HDM_bk_01-04_03_120_poses.npz,run,run,bk,0,45,windows/train/run/train_002033_run_005050_005300_w000000_000045.npz
train_002033_run_001153_001460_w000015_000060,train_002033_run_001153_001460,MPI_HDM05/bk/HDM_bk_01-04_03_120_poses.npz,run,run,bk,15,60,windows/train/run/train_002033_run_001153_001460_w000015_000060.npz
train_002033_run_001943_002185_w000015_000060,train_002033_run_001943_002185,MPI_HDM05/bk/HDM_bk_01-04_03_120_poses.npz,run,run,bk,15,60,windows/train/run/train_002033_run_001943_002185_w000015_000060.npz
train_002033_run_005050_005300_w000015_000060,train_002033_run_005050_005300,MPI_HDM05/bk/HDM_bk_01-04_03_120_poses.npz,run,run,bk,15,60,windows/train/run/train_002033_run_005050_005300_w000015_000060.npz
train_002033_run_001943_002185_w000016_000061,train_002033_run_001943_002185,MPI_HDM05/bk/HDM_bk_01-04_03_120_poses.npz,run,run,bk,16,61,windows/train/run/train_002033_run_001943_002185_w000016_000061.npz
train_002033_run_004320_004563_w000016_000061,train_002033_run_004320_004563,MPI_HDM05/bk/HDM_bk_01-04_03_120_poses.npz,run,run,bk,16,61,windows/train/run/train_002033_run_004320_004563_w000016_000061.npz
train_002033_run_001153_001460_w000030_000075,train_002033_run_001153_001460,MPI_HDM05/bk/HDM_bk_01-04_03_120_poses.npz,run,run,bk,30,75,windows/train/run/train_002033_run_001153_001460_w000030_000075.npz
train_002033_run_001153_001460_w000032_000077,train_002033_run_001153_001460,MPI_HDM05/bk/HDM_bk_01-04_03_120_poses.npz,run,run,bk,32,77,windows/train/run/train_002033_run_001153_001460_w000032_000077.npz
train_002033_walk_000475_000865_w000000_000045,train_002033_walk_000475_000865,MPI_HDM05/bk/HDM_bk_01-04_03_120_poses.npz,walk,walk,bk,0,45,windows/train/walk/train_002033_walk_000475_000865_w000000_000045.npz
train_002033_walk_003603_003945_w000000_000045,train_002033_walk_003603_003945,MPI_HDM05/bk/HDM_bk_01-04_03_120_poses.npz,walk,walk,bk,0,45,windows/train/walk/train_002033_walk_003603_003945_w000000_000045.npz
train_002033_walk_006353_006530_w000000_000045,train_002033_walk_006353_006530,MPI_HDM05/bk/HDM_bk_01-04_03_120_poses.npz,walk,walk,bk,0,45,windows/train/walk/train_002033_walk_006353_006530_w000000_000045.npz
train_002033_walk_000475_000865_w000015_000060,train_002033_walk_000475_000865,MPI_HDM05/bk/HDM_bk_01-04_03_120_poses.npz,walk,walk,bk,15,60,windows/train/walk/train_002033_walk_000475_000865_w000015_000060.npz
train_002033_walk_003603_003945_w000015_000060,train_002033_walk_003603_003945,MPI_HDM05/bk/HDM_bk_01-04_03_120_poses.npz,walk,walk,bk,15,60,windows/train/walk/train_002033_walk_003603_003945_w000015_000060.npz
train_002033_walk_005700_005985_w000027_000072,train_002033_walk_005700_005985,MPI_HDM05/bk/HDM_bk_01-04_03_120_poses.npz,walk,walk,bk,27,72,windows/train/walk/train_002033_walk_005700_005985_w000027_000072.npz
train_002033_walk_002513_002835_w000030_000075,train_002033_walk_002513_002835,MPI_HDM05/bk/HDM_bk_01-04_03_120_poses.npz,walk,walk,bk,30,75,windows/train/walk/train_002033_walk_002513_002835_w000030_000075.npz
train_002033_walk_003603_003945_w000030_000075,train_002033_walk_003603_003945,MPI_HDM05/bk/HDM_bk_01-04_03_120_poses.npz,walk,walk,bk,30,75,windows/train/walk/train_002033_walk_003603_003945_w000030_000075.npz
train_002033_walk_003603_003945_w000041_000086,train_002033_walk_003603_003945,MPI_HDM05/bk/HDM_bk_01-04_03_120_poses.npz,walk,walk,bk,41,86,windows/train/walk/train_002033_walk_003603_003945_w000041_000086.npz
train_002033_walk_000475_000865_w000053_000098,train_002033_walk_000475_000865,MPI_HDM05/bk/HDM_bk_01-04_03_120_poses.npz,walk,walk,bk,53,98,windows/train/walk/train_002033_walk_000475_000865_w000053_000098.npz
train_007261_unknown_mixed_000000_000425_w000000_000045,train_007261_unknown_mixed_000000_000425,MPI_HDM05/bk/HDM_bk_02-01_01_120_poses.npz,unknown_mixed,other,bk,0,45,windows/train/unknown_mixed/train_007261_unknown_mixed_000000_000425_w000000_000045.npz
train_007261_unknown_mixed_001740_002270_w000000_000045,train_007261_unknown_mixed_001740_002270,MPI_HDM05/bk/HDM_bk_02-01_01_120_poses.npz,unknown_mixed,other,bk,0,45,windows/train/unknown_mixed/train_007261_unknown_mixed_001740_002270_w000000_000045.npz
train_007261_unknown_mixed_000613_000983_w000015_000060,train_007261_unknown_mixed_000613_000983,MPI_HDM05/bk/HDM_bk_02-01_01_120_poses.npz,unknown_mixed,other,bk,15,60,windows/train/unknown_mixed/train_007261_unknown_mixed_000613_000983_w000015_000060.npz
train_007261_unknown_mixed_002423_002815_w000015_000060,train_007261_unknown_mixed_002423_002815,MPI_HDM05/bk/HDM_bk_02-01_01_120_poses.npz,unknown_mixed,other,bk,15,60,windows/train/unknown_mixed/train_007261_unknown_mixed_002423_002815_w000015_000060.npz
train_007261_unknown_mixed_001193_001533_w000030_000075,train_007261_unknown_mixed_001193_001533,MPI_HDM05/bk/HDM_bk_02-01_01_120_poses.npz,unknown_mixed,other,bk,30,75,windows/train/unknown_mixed/train_007261_unknown_mixed_001193_001533_w000030_000075.npz
train_007261_unknown_mixed_002423_002815_w000030_000075,train_007261_unknown_mixed_002423_002815,MPI_HDM05/bk/HDM_bk_02-01_01_120_poses.npz,unknown_mixed,other,bk,30,75,windows/train/unknown_mixed/train_007261_unknown_mixed_002423_002815_w000030_000075.npz
train_007261_unknown_mixed_000613_000983_w000045_000090,train_007261_unknown_mixed_000613_000983,MPI_HDM05/bk/HDM_bk_02-01_01_120_poses.npz,unknown_mixed,other,bk,45,90,windows/train/unknown_mixed/train_007261_unknown_mixed_000613_000983_w000045_000090.npz
train_007261_unknown_mixed_000613_000983_w000048_000093,train_007261_unknown_mixed_000613_000983,MPI_HDM05/bk/HDM_bk_02-01_01_120_poses.npz,unknown_mixed,other,bk,48,93,windows/train/unknown_mixed/train_007261_unknown_mixed_000613_000983_w000048_000093.npz
train_007261_unknown_mixed_001740_002270_w000060_000105,train_007261_unknown_mixed_001740_002270,MPI_HDM05/bk/HDM_bk_02-01_01_120_poses.npz,unknown_mixed,other,bk,60,105,windows/train/unknown_mixed/train_007261_unknown_mixed_001740_002270_w000060_000105.npz
train_007261_unknown_mixed_001740_002270_w000088_000133,train_007261_unknown_mixed_001740_002270,MPI_HDM05/bk/HDM_bk_02-01_01_120_poses.npz,unknown_mixed,other,bk,88,133,windows/train/unknown_mixed/train_007261_unknown_mixed_001740_002270_w000088_000133.npz
train_007261_walk_000425_000613_w000000_000045,train_007261_walk_000425_000613,MPI_HDM05/bk/HDM_bk_02-01_01_120_poses.npz,walk,walk,bk,0,45,windows/train/walk/train_007261_walk_000425_000613_w000000_000045.npz
train_007261_walk_000983_001193_w000000_000045,train_007261_walk_000983_001193,MPI_HDM05/bk/HDM_bk_02-01_01_120_poses.npz,walk,walk,bk,0,45,windows/train/walk/train_007261_walk_000983_001193_w000000_000045.npz
train_007261_walk_001533_001740_w000000_000045,train_007261_walk_001533_001740,MPI_HDM05/bk/HDM_bk_02-01_01_120_poses.npz,walk,walk,bk,0,45,windows/train/walk/train_007261_walk_001533_001740_w000000_000045.npz
train_007261_walk_002815_003043_w000000_000045,train_007261_walk_002815_003043,MPI_HDM05/bk/HDM_bk_02-01_01_120_poses.npz,walk,walk,bk,0,45,windows/train/walk/train_007261_walk_002815_003043_w000000_000045.npz
train_007261_walk_000425_000613_w000002_000047,train_007261_walk_000425_000613,MPI_HDM05/bk/HDM_bk_02-01_01_120_poses.npz,walk,walk,bk,2,47,windows/train/walk/train_007261_walk_000425_000613_w000002_000047.npz
train_007261_walk_001533_001740_w000007_000052,train_007261_walk_001533_001740,MPI_HDM05/bk/HDM_bk_02-01_01_120_poses.npz,walk,walk,bk,7,52,windows/train/walk/train_007261_walk_001533_001740_w000007_000052.npz
train_007261_walk_000983_001193_w000008_000053,train_007261_walk_000983_001193,MPI_HDM05/bk/HDM_bk_02-01_01_120_poses.npz,walk,walk,bk,8,53,windows/train/walk/train_007261_walk_000983_001193_w000008_000053.npz
train_007261_walk_002815_003043_w000012_000057,train_007261_walk_002815_003043,MPI_HDM05/bk/HDM_bk_02-01_01_120_poses.npz,walk,walk,bk,12,57,windows/train/walk/train_007261_walk_002815_003043_w000012_000057.npz
train_005238_unknown_mixed_000728_001035_w000000_000045,train_005238_unknown_mixed_000728_001035,MPI_HDM05/bk/HDM_bk_02-01_02_120_poses.npz,unknown_mixed,other,bk,0,45,windows/train/unknown_mixed/train_005238_unknown_mixed_000728_001035_w000000_000045.npz
train_005238_unknown_mixed_001705_002215_w000000_000045,train_005238_unknown_mixed_001705_002215,MPI_HDM05/bk/HDM_bk_02-01_02_120_poses.npz,unknown_mixed,other,bk,0,45,windows/train/unknown_mixed/train_005238_unknown_mixed_001705_002215_w000000_000045.npz
train_005238_unknown_mixed_003508_003714_w000000_000045,train_005238_unknown_mixed_003508_003714,MPI_HDM05/bk/HDM_bk_02-01_02_120_poses.npz,unknown_mixed,other,bk,0,45,windows/train/unknown_mixed/train_005238_unknown_mixed_003508_003714_w000000_000045.npz
train_005238_unknown_mixed_000728_001035_w000015_000060,train_005238_unknown_mixed_000728_001035,MPI_HDM05/bk/HDM_bk_02-01_02_120_poses.npz,unknown_mixed,other,bk,15,60,windows/train/unknown_mixed/train_005238_unknown_mixed_000728_001035_w000015_000060.npz
train_005238_unknown_mixed_001705_002215_w000015_000060,train_005238_unknown_mixed_001705_002215,MPI_HDM05/bk/HDM_bk_02-01_02_120_poses.npz,unknown_mixed,other,bk,15,60,windows/train/unknown_mixed/train_005238_unknown_mixed_001705_002215_w000015_000060.npz
train_005238_unknown_mixed_001223_001515_w000028_000073,train_005238_unknown_mixed_001223_001515,MPI_HDM05/bk/HDM_bk_02-01_02_120_poses.npz,unknown_mixed,other,bk,28,73,windows/train/unknown_mixed/train_005238_unknown_mixed_001223_001515_w000028_000073.npz
train_005238_unknown_mixed_001705_002215_w000030_000075,train_005238_unknown_mixed_001705_002215,MPI_HDM05/bk/HDM_bk_02-01_02_120_poses.npz,unknown_mixed,other,bk,30,75,windows/train/unknown_mixed/train_005238_unknown_mixed_001705_002215_w000030_000075.npz
train_005238_unknown_mixed_001705_002215_w000045_000090,train_005238_unknown_mixed_001705_002215,MPI_HDM05/bk/HDM_bk_02-01_02_120_poses.npz,unknown_mixed,other,bk,45,90,windows/train/unknown_mixed/train_005238_unknown_mixed_001705_002215_w000045_000090.npz
train_005238_unknown_mixed_001705_002215_w000060_000105,train_005238_unknown_mixed_001705_002215,MPI_HDM05/bk/HDM_bk_02-01_02_120_poses.npz,unknown_mixed,other,bk,60,105,windows/train/unknown_mixed/train_005238_unknown_mixed_001705_002215_w000060_000105.npz
train_005238_unknown_mixed_001705_002215_w000083_000128,train_005238_unknown_mixed_001705_002215,MPI_HDM05/bk/HDM_bk_02-01_02_120_poses.npz,unknown_mixed,other,bk,83,128,windows/train/unknown_mixed/train_005238_unknown_mixed_001705_002215_w000083_000128.npz
train_005238_walk_000393_000728_w000000_000045,train_005238_walk_000393_000728,MPI_HDM05/bk/HDM_bk_02-01_02_120_poses.npz,walk,walk,bk,0,45,windows/train/walk/train_005238_walk_000393_000728_w000000_000045.npz
train_005238_walk_001035_001223_w000000_000045,train_005238_walk_001035_001223,MPI_HDM05/bk/HDM_bk_02-01_02_120_poses.npz,walk,walk,bk,0,45,windows/train/walk/train_005238_walk_001035_001223_w000000_000045.npz
train_005238_walk_002215_002413_w000000_000045,train_005238_walk_002215_002413,MPI_HDM05/bk/HDM_bk_02-01_02_120_poses.npz,walk,walk,bk,0,45,windows/train/walk/train_005238_walk_002215_002413_w000000_000045.npz
train_005238_walk_002805_003090_w000000_000045,train_005238_walk_002805_003090,MPI_HDM05/bk/HDM_bk_02-01_02_120_poses.npz,walk,walk,bk,0,45,windows/train/walk/train_005238_walk_002805_003090_w000000_000045.npz
train_005238_walk_001035_001223_w000002_000047,train_005238_walk_001035_001223,MPI_HDM05/bk/HDM_bk_02-01_02_120_poses.npz,walk,walk,bk,2,47,windows/train/walk/train_005238_walk_001035_001223_w000002_000047.npz
train_005238_walk_002215_002413_w000005_000050,train_005238_walk_002215_002413,MPI_HDM05/bk/HDM_bk_02-01_02_120_poses.npz,walk,walk,bk,5,50,windows/train/walk/train_005238_walk_002215_002413_w000005_000050.npz
train_005238_walk_000393_000728_w000015_000060,train_005238_walk_000393_000728,MPI_HDM05/bk/HDM_bk_02-01_02_120_poses.npz,walk,walk,bk,15,60,windows/train/walk/train_005238_walk_000393_000728_w000015_000060.npz
train_005238_walk_002805_003090_w000015_000060,train_005238_walk_002805_003090,MPI_HDM05/bk/HDM_bk_02-01_02_120_poses.npz,walk,walk,bk,15,60,windows/train/walk/train_005238_walk_002805_003090_w000015_000060.npz
train_005238_walk_000393_000728_w000030_000075,train_005238_walk_000393_000728,MPI_HDM05/bk/HDM_bk_02-01_02_120_poses.npz,walk,walk,bk,30,75,windows/train/walk/train_005238_walk_000393_000728_w000030_000075.npz
train_005238_walk_000393_000728_w000039_000084,train_005238_walk_000393_000728,MPI_HDM05/bk/HDM_bk_02-01_02_120_poses.npz,walk,walk,bk,39,84,windows/train/walk/train_005238_walk_000393_000728_w000039_000084.npz
train_004740_unknown_mixed_000000_000370_w000000_000045,train_004740_unknown_mixed_000000_000370,MPI_HDM05/bk/HDM_bk_02-01_03_120_poses.npz,unknown_mixed,other,bk,0,45,windows/train/unknown_mixed/train_004740_unknown_mixed_000000_000370_w000000_000045.npz
train_004740_unknown_mixed_001562_001956_w000000_000045,train_004740_unknown_mixed_001562_001956,MPI_HDM05/bk/HDM_bk_02-01_03_120_poses.npz,unknown_mixed,other,bk,0,45,windows/train/unknown_mixed/train_004740_unknown_mixed_001562_001956_w000000_000045.npz
train_004740_unknown_mixed_001104_001337_w000014_000059,train_004740_unknown_mixed_001104_001337,MPI_HDM05/bk/HDM_bk_02-01_03_120_poses.npz,unknown_mixed,other,bk,14,59,windows/train/unknown_mixed/train_004740_unknown_mixed_001104_001337_w000014_000059.npz
train_004740_unknown_mixed_001562_001956_w000015_000060,train_004740_unknown_mixed_001562_001956,MPI_HDM05/bk/HDM_bk_02-01_03_120_poses.npz,unknown_mixed,other,bk,15,60,windows/train/unknown_mixed/train_004740_unknown_mixed_001562_001956_w000015_000060.npz
train_004740_unknown_mixed_000000_000370_w000030_000075,train_004740_unknown_mixed_000000_000370,MPI_HDM05/bk/HDM_bk_02-01_03_120_poses.npz,unknown_mixed,other,bk,30,75,windows/train/unknown_mixed/train_004740_unknown_mixed_000000_000370_w000030_000075.npz
train_004740_unknown_mixed_002129_002429_w000030_000075,train_004740_unknown_mixed_002129_002429,MPI_HDM05/bk/HDM_bk_02-01_03_120_poses.npz,unknown_mixed,other,bk,30,75,windows/train/unknown_mixed/train_004740_unknown_mixed_002129_002429_w000030_000075.npz
train_004740_unknown_mixed_000000_000370_w000045_000090,train_004740_unknown_mixed_000000_000370,MPI_HDM05/bk/HDM_bk_02-01_03_120_poses.npz,unknown_mixed,other,bk,45,90,windows/train/unknown_mixed/train_004740_unknown_mixed_000000_000370_w000045_000090.npz
train_004740_unknown_mixed_000000_000370_w000048_000093,train_004740_unknown_mixed_000000_000370,MPI_HDM05/bk/HDM_bk_02-01_03_120_poses.npz,unknown_mixed,other,bk,48,93,windows/train/unknown_mixed/train_004740_unknown_mixed_000000_000370_w000048_000093.npz
train_004740_unknown_mixed_002693_003304_w000075_000120,train_004740_unknown_mixed_002693_003304,MPI_HDM05/bk/HDM_bk_02-01_03_120_poses.npz,unknown_mixed,other,bk,75,120,windows/train/unknown_mixed/train_004740_unknown_mixed_002693_003304_w000075_000120.npz
train_004740_unknown_mixed_002693_003304_w000108_000153,train_004740_unknown_mixed_002693_003304,MPI_HDM05/bk/HDM_bk_02-01_03_120_poses.npz,unknown_mixed,other,bk,108,153,windows/train/unknown_mixed/train_004740_unknown_mixed_002693_003304_w000108_000153.npz
train_004740_walk_000370_000602_w000000_000045,train_004740_walk_000370_000602,MPI_HDM05/bk/HDM_bk_02-01_03_120_poses.npz,walk,walk,bk,0,45,windows/train/walk/train_004740_walk_000370_000602_w000000_000045.npz
train_004740_walk_000926_001104_w000000_000045,train_004740_walk_000926_001104,MPI_HDM05/bk/HDM_bk_02-01_03_120_poses.npz,walk,walk,bk,0,45,windows/train/walk/train_004740_walk_000926_001104_w000000_000045.npz
train_004740_walk_001337_001562_w000000_000045,train_004740_walk_001337_001562,MPI_HDM05/bk/HDM_bk_02-01_03_120_poses.npz,walk,walk,bk,0,45,windows/train/walk/train_004740_walk_001337_001562_w000000_000045.npz
train_004740_walk_002429_002693_w000000_000045,train_004740_walk_002429_002693,MPI_HDM05/bk/HDM_bk_02-01_03_120_poses.npz,walk,walk,bk,0,45,windows/train/walk/train_004740_walk_002429_002693_w000000_000045.npz
train_004740_walk_001337_001562_w000012_000057,train_004740_walk_001337_001562,MPI_HDM05/bk/HDM_bk_02-01_03_120_poses.npz,walk,walk,bk,12,57,windows/train/walk/train_004740_walk_001337_001562_w000012_000057.npz
train_004740_walk_000370_000602_w000013_000058,train_004740_walk_000370_000602,MPI_HDM05/bk/HDM_bk_02-01_03_120_poses.npz,walk,walk,bk,13,58,windows/train/walk/train_004740_walk_000370_000602_w000013_000058.npz
train_004740_walk_002429_002693_w000015_000060,train_004740_walk_002429_002693,MPI_HDM05/bk/HDM_bk_02-01_03_120_poses.npz,walk,walk,bk,15,60,windows/train/walk/train_004740_walk_002429_002693_w000015_000060.npz
train_004740_walk_002429_002693_w000021_000066,train_004740_walk_002429_002693,MPI_HDM05/bk/HDM_bk_02-01_03_120_poses.npz,walk,walk,bk,21,66,windows/train/walk/train_004740_walk_002429_002693_w000021_000066.npz
train_006808_walk_000570_000905_w000000_000045,train_006808_walk_000570_000905,MPI_HDM05/bk/HDM_bk_02-02_01_120_poses.npz,walk,walk,bk,0,45,windows/train/walk/train_006808_walk_000570_000905_w000000_000045.npz
train_006808_walk_002750_003033_w000000_000045,train_006808_walk_002750_003033,MPI_HDM05/bk/HDM_bk_02-02_01_120_poses.npz,walk,walk,bk,0,45,windows/train/walk/train_006808_walk_002750_003033_w000000_000045.npz
train_006808_walk_004740_005023_w000000_000045,train_006808_walk_004740_005023,MPI_HDM05/bk/HDM_bk_02-02_01_120_poses.npz,walk,walk,bk,0,45,windows/train/walk/train_006808_walk_004740_005023_w000000_000045.npz
train_006808_walk_001210_001528_w000015_000060,train_006808_walk_001210_001528,MPI_HDM05/bk/HDM_bk_02-02_01_120_poses.npz,walk,walk,bk,15,60,windows/train/walk/train_006808_walk_001210_001528_w000015_000060.npz
train_006808_walk_003340_003595_w000015_000060,train_006808_walk_003340_003595,MPI_HDM05/bk/HDM_bk_02-02_01_120_poses.npz,walk,walk,bk,15,60,windows/train/walk/train_006808_walk_003340_003595_w000015_000060.npz
train_006808_walk_005782_006086_w000015_000060,train_006808_walk_005782_006086,MPI_HDM05/bk/HDM_bk_02-02_01_120_poses.npz,walk,walk,bk,15,60,windows/train/walk/train_006808_walk_005782_006086_w000015_000060.npz
train_006808_walk_002750_003033_w000026_000071,train_006808_walk_002750_003033,MPI_HDM05/bk/HDM_bk_02-02_01_120_poses.npz,walk,walk,bk,26,71,windows/train/walk/train_006808_walk_002750_003033_w000026_000071.npz
train_006808_walk_001693_002008_w000030_000075,train_006808_walk_001693_002008,MPI_HDM05/bk/HDM_bk_02-02_01_120_poses.npz,walk,walk,bk,30,75,windows/train/walk/train_006808_walk_001693_002008_w000030_000075.npz
train_006808_walk_005348_005652_w000031_000076,train_006808_walk_005348_005652,MPI_HDM05/bk/HDM_bk_02-02_01_120_poses.npz,walk,walk,bk,31,76,windows/train/walk/train_006808_walk_005348_005652_w000031_000076.npz
train_006808_walk_000570_000905_w000039_000084,train_006808_walk_000570_000905,MPI_HDM05/bk/HDM_bk_02-02_01_120_poses.npz,walk,walk,bk,39,84,windows/train/walk/train_006808_walk_000570_000905_w000039_000084.npz
train_006757_unknown_mixed_000000_000361_w000000_000045,train_006757_unknown_mixed_000000_000361,MPI_HDM05/bk/HDM_bk_02-02_02_120_poses.npz,unknown_mixed,other,bk,0,45,windows/train/unknown_mixed/train_006757_unknown_mixed_000000_000361_w000000_000045.npz
train_006757_unknown_mixed_002661_002886_w000000_000045,train_006757_unknown_mixed_002661_002886,MPI_HDM05/bk/HDM_bk_02-02_02_120_poses.npz,unknown_mixed,other,bk,0,45,windows/train/unknown_mixed/train_006757_unknown_mixed_002661_002886_w000000_000045.npz
train_006757_unknown_mixed_004681_004911_w000000_000045,train_006757_unknown_mixed_004681_004911,MPI_HDM05/bk/HDM_bk_02-02_02_120_poses.npz,unknown_mixed,other,bk,0,45,windows/train/unknown_mixed/train_006757_unknown_mixed_004681_004911_w000000_000045.npz
train_006757_unknown_mixed_000831_001036_w000007_000052,train_006757_unknown_mixed_000831_001036,MPI_HDM05/bk/HDM_bk_02-02_02_120_poses.npz,unknown_mixed,other,bk,7,52,windows/train/unknown_mixed/train_006757_unknown_mixed_000831_001036_w000007_000052.npz
train_006757_unknown_mixed_004681_004911_w000013_000058,train_006757_unknown_mixed_004681_004911,MPI_HDM05/bk/HDM_bk_02-02_02_120_poses.npz,unknown_mixed,other,bk,13,58,windows/train/unknown_mixed/train_006757_unknown_mixed_004681_004911_w000013_000058.npz
train_006757_unknown_mixed_001666_001981_w000015_000060,train_006757_unknown_mixed_001666_001981,MPI_HDM05/bk/HDM_bk_02-02_02_120_poses.npz,unknown_mixed,other,bk,15,60,windows/train/unknown_mixed/train_006757_unknown_mixed_001666_001981_w000015_000060.npz
train_006757_unknown_mixed_003641_003936_w000029_000074,train_006757_unknown_mixed_003641_003936,MPI_HDM05/bk/HDM_bk_02-02_02_120_poses.npz,unknown_mixed,other,bk,29,74,windows/train/unknown_mixed/train_006757_unknown_mixed_003641_003936_w000029_000074.npz
train_006757_unknown_mixed_005761_006161_w000030_000075,train_006757_unknown_mixed_005761_006161,MPI_HDM05/bk/HDM_bk_02-02_02_120_poses.npz,unknown_mixed,other,bk,30,75,windows/train/unknown_mixed/train_006757_unknown_mixed_005761_006161_w000030_000075.npz
train_006757_unknown_mixed_000000_000361_w000045_000090,train_006757_unknown_mixed_000000_000361,MPI_HDM05/bk/HDM_bk_02-02_02_120_poses.npz,unknown_mixed,other,bk,45,90,windows/train/unknown_mixed/train_006757_unknown_mixed_000000_000361_w000045_000090.npz
train_006757_unknown_mixed_005761_006161_w000055_000100,train_006757_unknown_mixed_005761_006161,MPI_HDM05/bk/HDM_bk_02-02_02_120_poses.npz,unknown_mixed,other,bk,55,100,windows/train/unknown_mixed/train_006757_unknown_mixed_005761_006161_w000055_000100.npz
train_006757_walk_000591_000831_w000000_000045,train_006757_walk_000591_000831,MPI_HDM05/bk/HDM_bk_02-02_02_120_poses.npz,walk,walk,bk,0,45,windows/train/walk/train_006757_walk_000591_000831_w000000_000045.npz
train_006757_walk_002886_003196_w000000_000045,train_006757_walk_002886_003196,MPI_HDM05/bk/HDM_bk_02-02_02_120_poses.npz,walk,walk,bk,0,45,windows/train/walk/train_006757_walk_002886_003196_w000000_000045.npz
train_006757_walk_004911_005236_w000000_000045,train_006757_walk_004911_005236,MPI_HDM05/bk/HDM_bk_02-02_02_120_poses.npz,walk,walk,bk,0,45,windows/train/walk/train_006757_walk_004911_005236_w000000_000045.npz
train_006757_walk_001036_001276_w000015_000060,train_006757_walk_001036_001276,MPI_HDM05/bk/HDM_bk_02-02_02_120_poses.npz,walk,walk,bk,15,60,windows/train/walk/train_006757_walk_001036_001276_w000015_000060.npz
train_006757_walk_003316_003641_w000015_000060,train_006757_walk_003316_003641,MPI_HDM05/bk/HDM_bk_02-02_02_120_poses.npz,walk,walk,bk,15,60,windows/train/walk/train_006757_walk_003316_003641_w000015_000060.npz
train_006757_walk_005371_005761_w000015_000060,train_006757_walk_005371_005761,MPI_HDM05/bk/HDM_bk_02-02_02_120_poses.npz,walk,walk,bk,15,60,windows/train/walk/train_006757_walk_005371_005761_w000015_000060.npz
train_006757_walk_006161_006426_w000022_000067,train_006757_walk_006161_006426,MPI_HDM05/bk/HDM_bk_02-02_02_120_poses.npz,walk,walk,bk,22,67,windows/train/walk/train_006757_walk_006161_006426_w000022_000067.npz
train_006757_walk_003316_003641_w000030_000075,train_006757_walk_003316_003641,MPI_HDM05/bk/HDM_bk_02-02_02_120_poses.npz,walk,walk,bk,30,75,windows/train/walk/train_006757_walk_003316_003641_w000030_000075.npz
train_006757_walk_002886_003196_w000033_000078,train_006757_walk_002886_003196,MPI_HDM05/bk/HDM_bk_02-02_02_120_poses.npz,walk,walk,bk,33,78,windows/train/walk/train_006757_walk_002886_003196_w000033_000078.npz
train_006757_walk_005371_005761_w000053_000098,train_006757_walk_005371_005761,MPI_HDM05/bk/HDM_bk_02-02_02_120_poses.npz,walk,walk,bk,53,98,windows/train/walk/train_006757_walk_005371_005761_w000053_000098.npz
train_003601_unknown_mixed_000000_000205_w000000_000045,train_003601_unknown_mixed_000000_000205,MPI_HDM05/bk/HDM_bk_02-02_03_120_poses.npz,unknown_mixed,other,bk,0,45,windows/train/unknown_mixed/train_003601_unknown_mixed_000000_000205_w000000_000045.npz
train_003601_unknown_mixed_002758_003055_w000000_000045,train_003601_unknown_mixed_002758_003055,MPI_HDM05/bk/HDM_bk_02-02_03_120_poses.npz,unknown_mixed,other,bk,0,45,windows/train/unknown_mixed/train_003601_unknown_mixed_002758_003055_w000000_000045.npz
train_003601_unknown_mixed_005778_006449_w000000_000045,train_003601_unknown_mixed_005778_006449,MPI_HDM05/bk/HDM_bk_02-02_03_120_poses.npz,unknown_mixed,other,bk,0,45,windows/train/unknown_mixed/train_003601_unknown_mixed_005778_006449_w000000_000045.npz
train_003601_unknown_mixed_001745_002028_w000015_000060,train_003601_unknown_mixed_001745_002028,MPI_HDM05/bk/HDM_bk_02-02_03_120_poses.npz,unknown_mixed,other,bk,15,60,windows/train/unknown_mixed/train_003601_unknown_mixed_001745_002028_w000015_000060.npz
train_003601_unknown_mixed_004728_005025_w000015_000060,train_003601_unknown_mixed_004728_005025,MPI_HDM05/bk/HDM_bk_02-02_03_120_poses.npz,unknown_mixed,other,bk,15,60,windows/train/unknown_mixed/train_003601_unknown_mixed_004728_005025_w000015_000060.npz
train_003601_unknown_mixed_000790_001050_w000020_000065,train_003601_unknown_mixed_000790_001050,MPI_HDM05/bk/HDM_bk_02-02_03_120_poses.npz,unknown_mixed,other,bk,20,65,windows/train/unknown_mixed/train_003601_unknown_mixed_000790_001050_w000020_000065.npz
train_003601_unknown_mixed_002758_003055_w000030_000075,train_003601_unknown_mixed_002758_003055,MPI_HDM05/bk/HDM_bk_02-02_03_120_poses.npz,unknown_mixed,other,bk,30,75,windows/train/unknown_mixed/train_003601_unknown_mixed_002758_003055_w000030_000075.npz
train_003601_unknown_mixed_005778_006449_w000045_000090,train_003601_unknown_mixed_005778_006449,MPI_HDM05/bk/HDM_bk_02-02_03_120_poses.npz,unknown_mixed,other,bk,45,90,windows/train/unknown_mixed/train_003601_unknown_mixed_005778_006449_w000045_000090.npz
train_003601_unknown_mixed_005778_006449_w000090_000135,train_003601_unknown_mixed_005778_006449,MPI_HDM05/bk/HDM_bk_02-02_03_120_poses.npz,unknown_mixed,other,bk,90,135,windows/train/unknown_mixed/train_003601_unknown_mixed_005778_006449_w000090_000135.npz
train_003601_unknown_mixed_005778_006449_w000123_000168,train_003601_unknown_mixed_005778_006449,MPI_HDM05/bk/HDM_bk_02-02_03_120_poses.npz,unknown_mixed,other,bk,123,168,windows/train/unknown_mixed/train_003601_unknown_mixed_005778_006449_w000123_000168.npz
train_003601_walk_000525_000790_w000000_000045,train_003601_walk_000525_000790,MPI_HDM05/bk/HDM_bk_02-02_03_120_poses.npz,walk,walk,bk,0,45,windows/train/walk/train_003601_walk_000525_000790_w000000_000045.npz
train_003601_walk_002411_002758_w000000_000045,train_003601_walk_002411_002758,MPI_HDM05/bk/HDM_bk_02-02_03_120_poses.npz,walk,walk,bk,0,45,windows/train/walk/train_003601_walk_002411_002758_w000000_000045.npz
train_003601_walk_004414_004728_w000000_000045,train_003601_walk_004414_004728,MPI_HDM05/bk/HDM_bk_02-02_03_120_poses.npz,walk,walk,bk,0,45,windows/train/walk/train_003601_walk_004414_004728_w000000_000045.npz
train_003601_walk_001428_001745_w000015_000060,train_003601_walk_001428_001745,MPI_HDM05/bk/HDM_bk_02-02_03_120_poses.npz,walk,walk,bk,15,60,windows/train/walk/train_003601_walk_001428_001745_w000015_000060.npz
train_003601_walk_003423_003760_w000015_000060,train_003601_walk_003423_003760,MPI_HDM05/bk/HDM_bk_02-02_03_120_poses.npz,walk,walk,bk,15,60,windows/train/walk/train_003601_walk_003423_003760_w000015_000060.npz
train_003601_walk_005450_005778_w000015_000060,train_003601_walk_005450_005778,MPI_HDM05/bk/HDM_bk_02-02_03_120_poses.npz,walk,walk,bk,15,60,windows/train/walk/train_003601_walk_005450_005778_w000015_000060.npz
train_003601_walk_002028_002320_w000028_000073,train_003601_walk_002028_002320,MPI_HDM05/bk/HDM_bk_02-02_03_120_poses.npz,walk,walk,bk,28,73,windows/train/walk/train_003601_walk_002028_002320_w000028_000073.npz
train_003601_walk_004414_004728_w000030_000075,train_003601_walk_004414_004728,MPI_HDM05/bk/HDM_bk_02-02_03_120_poses.npz,walk,walk,bk,30,75,windows/train/walk/train_003601_walk_004414_004728_w000030_000075.npz
train_003601_walk_004414_004728_w000034_000079,train_003601_walk_004414_004728,MPI_HDM05/bk/HDM_bk_02-02_03_120_poses.npz,walk,walk,bk,34,79,windows/train/walk/train_003601_walk_004414_004728_w000034_000079.npz
train_003601_walk_002411_002758_w000042_000087,train_003601_walk_002411_002758,MPI_HDM05/bk/HDM_bk_02-02_03_120_poses.npz,walk,walk,bk,42,87,windows/train/walk/train_003601_walk_002411_002758_w000042_000087.npz
train_013022_unknown_mixed_000000_000321_w000000_000045,train_013022_unknown_mixed_000000_000321,MPI_HDM05/bk/HDM_bk_02-03_01_120_poses.npz,unknown_mixed,other,bk,0,45,windows/train/unknown_mixed/train_013022_unknown_mixed_000000_000321_w000000_000045.npz
train_013022_unknown_mixed_001950_002530_w000000_000045,train_013022_unknown_mixed_001950_002530,MPI_HDM05/bk/HDM_bk_02-03_01_120_poses.npz,unknown_mixed,other,bk,0,45,windows/train/unknown_mixed/train_013022_unknown_mixed_001950_002530_w000000_000045.npz
train_013022_unknown_mixed_000000_000321_w000015_000060,train_013022_unknown_mixed_000000_000321,MPI_HDM05/bk/HDM_bk_02-03_01_120_poses.npz,unknown_mixed,other,bk,15,60,windows/train/unknown_mixed/train_013022_unknown_mixed_000000_000321_w000015_000060.npz
train_013022_unknown_mixed_000000_000321_w000030_000075,train_013022_unknown_mixed_000000_000321,MPI_HDM05/bk/HDM_bk_02-03_01_120_poses.npz,unknown_mixed,other,bk,30,75,windows/train/unknown_mixed/train_013022_unknown_mixed_000000_000321_w000030_000075.npz
train_013022_unknown_mixed_001950_002530_w000030_000075,train_013022_unknown_mixed_001950_002530,MPI_HDM05/bk/HDM_bk_02-03_01_120_poses.npz,unknown_mixed,other,bk,30,75,windows/train/unknown_mixed/train_013022_unknown_mixed_001950_002530_w000030_000075.npz
train_013022_unknown_mixed_000000_000321_w000036_000081,train_013022_unknown_mixed_000000_000321,MPI_HDM05/bk/HDM_bk_02-03_01_120_poses.npz,unknown_mixed,other,bk,36,81,windows/train/unknown_mixed/train_013022_unknown_mixed_000000_000321_w000036_000081.npz
train_013022_unknown_mixed_001950_002530_w000045_000090,train_013022_unknown_mixed_001950_002530,MPI_HDM05/bk/HDM_bk_02-03_01_120_poses.npz,unknown_mixed,other,bk,45,90,windows/train/unknown_mixed/train_013022_unknown_mixed_001950_002530_w000045_000090.npz
train_013022_unknown_mixed_001950_002530_w000075_000120,train_013022_unknown_mixed_001950_002530,MPI_HDM05/bk/HDM_bk_02-03_01_120_poses.npz,unknown_mixed,other,bk,75,120,windows/train/unknown_mixed/train_013022_unknown_mixed_001950_002530_w000075_000120.npz
train_013022_unknown_mixed_001950_002530_w000090_000135,train_013022_unknown_mixed_001950_002530,MPI_HDM05/bk/HDM_bk_02-03_01_120_poses.npz,unknown_mixed,other,bk,90,135,windows/train/unknown_mixed/train_013022_unknown_mixed_001950_002530_w000090_000135.npz
train_013022_unknown_mixed_001950_002530_w000100_000145,train_013022_unknown_mixed_001950_002530,MPI_HDM05/bk/HDM_bk_02-03_01_120_poses.npz,unknown_mixed,other,bk,100,145,windows/train/unknown_mixed/train_013022_unknown_mixed_001950_002530_w000100_000145.npz
train_013022_walk_000321_000525_w000000_000045,train_013022_walk_000321_000525,MPI_HDM05/bk/HDM_bk_02-03_01_120_poses.npz,walk,walk,bk,0,45,windows/train/walk/train_013022_walk_000321_000525_w000000_000045.npz
train_013022_walk_000321_000525_w000006_000051,train_013022_walk_000321_000525,MPI_HDM05/bk/HDM_bk_02-03_01_120_poses.npz,walk,walk,bk,6,51,windows/train/walk/train_013022_walk_000321_000525_w000006_000051.npz
train_002691_unknown_mixed_000000_000290_w000000_000045,train_002691_unknown_mixed_000000_000290,MPI_HDM05/bk/HDM_bk_02-03_02_120_poses.npz,unknown_mixed,other,bk,0,45,windows/train/unknown_mixed/train_002691_unknown_mixed_000000_000290_w000000_000045.npz
train_002691_unknown_mixed_000000_000290_w000015_000060,train_002691_unknown_mixed_000000_000290,MPI_HDM05/bk/HDM_bk_02-03_02_120_poses.npz,unknown_mixed,other,bk,15,60,windows/train/unknown_mixed/train_002691_unknown_mixed_000000_000290_w000015_000060.npz
train_002691_unknown_mixed_000375_001593_w000030_000075,train_002691_unknown_mixed_000375_001593,MPI_HDM05/bk/HDM_bk_02-03_02_120_poses.npz,unknown_mixed,other,bk,30,75,windows/train/unknown_mixed/train_002691_unknown_mixed_000375_001593_w000030_000075.npz
train_002691_unknown_mixed_000375_001593_w000060_000105,train_002691_unknown_mixed_000375_001593,MPI_HDM05/bk/HDM_bk_02-03_02_120_poses.npz,unknown_mixed,other,bk,60,105,windows/train/unknown_mixed/train_002691_unknown_mixed_000375_001593_w000060_000105.npz
train_002691_unknown_mixed_000375_001593_w000090_000135,train_002691_unknown_mixed_000375_001593,MPI_HDM05/bk/HDM_bk_02-03_02_120_poses.npz,unknown_mixed,other,bk,90,135,windows/train/unknown_mixed/train_002691_unknown_mixed_000375_001593_w000090_000135.npz
train_002691_unknown_mixed_000375_001593_w000135_000180,train_002691_unknown_mixed_000375_001593,MPI_HDM05/bk/HDM_bk_02-03_02_120_poses.npz,unknown_mixed,other,bk,135,180,windows/train/unknown_mixed/train_002691_unknown_mixed_000375_001593_w000135_000180.npz
train_002691_unknown_mixed_000375_001593_w000165_000210,train_002691_unknown_mixed_000375_001593,MPI_HDM05/bk/HDM_bk_02-03_02_120_poses.npz,unknown_mixed,other,bk,165,210,windows/train/unknown_mixed/train_002691_unknown_mixed_000375_001593_w000165_000210.npz
train_002691_unknown_mixed_000375_001593_w000195_000240,train_002691_unknown_mixed_000375_001593,MPI_HDM05/bk/HDM_bk_02-03_02_120_poses.npz,unknown_mixed,other,bk,195,240,windows/train/unknown_mixed/train_002691_unknown_mixed_000375_001593_w000195_000240.npz
train_002691_unknown_mixed_000375_001593_w000240_000285,train_002691_unknown_mixed_000375_001593,MPI_HDM05/bk/HDM_bk_02-03_02_120_poses.npz,unknown_mixed,other,bk,240,285,windows/train/unknown_mixed/train_002691_unknown_mixed_000375_001593_w000240_000285.npz
train_002691_unknown_mixed_000375_001593_w000260_000305,train_002691_unknown_mixed_000375_001593,MPI_HDM05/bk/HDM_bk_02-03_02_120_poses.npz,unknown_mixed,other,bk,260,305,windows/train/unknown_mixed/train_002691_unknown_mixed_000375_001593_w000260_000305.npz
train_008889_unknown_mixed_000000_002143_w000000_000045,train_008889_unknown_mixed_000000_002143,MPI_HDM05/bk/HDM_bk_02-03_03_120_poses.npz,unknown_mixed,other,bk,0,45,windows/train/unknown_mixed/train_008889_unknown_mixed_000000_002143_w000000_000045.npz
train_008889_unknown_mixed_000000_002143_w000060_000105,train_008889_unknown_mixed_000000_002143,MPI_HDM05/bk/HDM_bk_02-03_03_120_poses.npz,unknown_mixed,other,bk,60,105,windows/train/unknown_mixed/train_008889_unknown_mixed_000000_002143_w000060_000105.npz
train_008889_unknown_mixed_000000_002143_w000105_000150,train_008889_unknown_mixed_000000_002143,MPI_HDM05/bk/HDM_bk_02-03_03_120_poses.npz,unknown_mixed,other,bk,105,150,windows/train/unknown_mixed/train_008889_unknown_mixed_000000_002143_w000105_000150.npz
train_008889_unknown_mixed_000000_002143_w000165_000210,train_008889_unknown_mixed_000000_002143,MPI_HDM05/bk/HDM_bk_02-03_03_120_poses.npz,unknown_mixed,other,bk,165,210,windows/train/unknown_mixed/train_008889_unknown_mixed_000000_002143_w000165_000210.npz
train_008889_unknown_mixed_000000_002143_w000225_000270,train_008889_unknown_mixed_000000_002143,MPI_HDM05/bk/HDM_bk_02-03_03_120_poses.npz,unknown_mixed,other,bk,225,270,windows/train/unknown_mixed/train_008889_unknown_mixed_000000_002143_w000225_000270.npz
train_008889_unknown_mixed_000000_002143_w000270_000315,train_008889_unknown_mixed_000000_002143,MPI_HDM05/bk/HDM_bk_02-03_03_120_poses.npz,unknown_mixed,other,bk,270,315,windows/train/unknown_mixed/train_008889_unknown_mixed_000000_002143_w000270_000315.npz
train_008889_unknown_mixed_000000_002143_w000330_000375,train_008889_unknown_mixed_000000_002143,MPI_HDM05/bk/HDM_bk_02-03_03_120_poses.npz,unknown_mixed,other,bk,330,375,windows/train/unknown_mixed/train_008889_unknown_mixed_000000_002143_w000330_000375.npz
train_008889_unknown_mixed_000000_002143_w000390_000435,train_008889_unknown_mixed_000000_002143,MPI_HDM05/bk/HDM_bk_02-03_03_120_poses.npz,unknown_mixed,other,bk,390,435,windows/train/unknown_mixed/train_008889_unknown_mixed_000000_002143_w000390_000435.npz
train_008889_unknown_mixed_000000_002143_w000435_000480,train_008889_unknown_mixed_000000_002143,MPI_HDM05/bk/HDM_bk_02-03_03_120_poses.npz,unknown_mixed,other,bk,435,480,windows/train/unknown_mixed/train_008889_unknown_mixed_000000_002143_w000435_000480.npz
train_008889_unknown_mixed_000000_002143_w000491_000536,train_008889_unknown_mixed_000000_002143,MPI_HDM05/bk/HDM_bk_02-03_03_120_poses.npz,unknown_mixed,other,bk,491,536,windows/train/unknown_mixed/train_008889_unknown_mixed_000000_002143_w000491_000536.npz
train_003404_unknown_mixed_000000_000222_w000000_000045,train_003404_unknown_mixed_000000_000222,MPI_HDM05/bk/HDM_bk_02-03_04_120_poses.npz,unknown_mixed,other,bk,0,45,windows/train/unknown_mixed/train_003404_unknown_mixed_000000_000222_w000000_000045.npz
train_003404_unknown_mixed_001730_001915_w000002_000047,train_003404_unknown_mixed_001730_001915,MPI_HDM05/bk/HDM_bk_02-03_04_120_poses.npz,unknown_mixed,other,bk,2,47,windows/train/unknown_mixed/train_003404_unknown_mixed_001730_001915_w000002_000047.npz
train_003404_unknown_mixed_000344_001622_w000015_000060,train_003404_unknown_mixed_000344_001622,MPI_HDM05/bk/HDM_bk_02-03_04_120_poses.npz,unknown_mixed,other,bk,15,60,windows/train/unknown_mixed/train_003404_unknown_mixed_000344_001622_w000015_000060.npz
train_003404_unknown_mixed_000344_001622_w000060_000105,train_003404_unknown_mixed_000344_001622,MPI_HDM05/bk/HDM_bk_02-03_04_120_poses.npz,unknown_mixed,other,bk,60,105,windows/train/unknown_mixed/train_003404_unknown_mixed_000344_001622_w000060_000105.npz
train_003404_unknown_mixed_000344_001622_w000090_000135,train_003404_unknown_mixed_000344_001622,MPI_HDM05/bk/HDM_bk_02-03_04_120_poses.npz,unknown_mixed,other,bk,90,135,windows/train/unknown_mixed/train_003404_unknown_mixed_000344_001622_w000090_000135.npz
train_003404_unknown_mixed_000344_001622_w000135_000180,train_003404_unknown_mixed_000344_001622,MPI_HDM05/bk/HDM_bk_02-03_04_120_poses.npz,unknown_mixed,other,bk,135,180,windows/train/unknown_mixed/train_003404_unknown_mixed_000344_001622_w000135_000180.npz
train_003404_unknown_mixed_000344_001622_w000165_000210,train_003404_unknown_mixed_000344_001622,MPI_HDM05/bk/HDM_bk_02-03_04_120_poses.npz,unknown_mixed,other,bk,165,210,windows/train/unknown_mixed/train_003404_unknown_mixed_000344_001622_w000165_000210.npz
train_003404_unknown_mixed_000344_001622_w000210_000255,train_003404_unknown_mixed_000344_001622,MPI_HDM05/bk/HDM_bk_02-03_04_120_poses.npz,unknown_mixed,other,bk,210,255,windows/train/unknown_mixed/train_003404_unknown_mixed_000344_001622_w000210_000255.npz
train_003404_unknown_mixed_000344_001622_w000240_000285,train_003404_unknown_mixed_000344_001622,MPI_HDM05/bk/HDM_bk_02-03_04_120_poses.npz,unknown_mixed,other,bk,240,285,windows/train/unknown_mixed/train_003404_unknown_mixed_000344_001622_w000240_000285.npz
train_003404_unknown_mixed_000344_001622_w000275_000320,train_003404_unknown_mixed_000344_001622,MPI_HDM05/bk/HDM_bk_02-03_04_120_poses.npz,unknown_mixed,other,bk,275,320,windows/train/unknown_mixed/train_003404_unknown_mixed_000344_001622_w000275_000320.npz
train_006185_combat_000556_000873_w000000_000045,train_006185_combat_000556_000873,MPI_HDM05/bk/HDM_bk_03-02_01_120_poses.npz,combat,other,bk,0,45,windows/train/combat/train_006185_combat_000556_000873_w000000_000045.npz
train_006185_unknown_mixed_001443_001673_w000000_000045,train_006185_unknown_mixed_001443_001673,MPI_HDM05/bk/HDM_bk_03-02_01_120_poses.npz,unknown_mixed,other,bk,0,45,windows/train/unknown_mixed/train_006185_unknown_mixed_001443_001673_w000000_000045.npz
train_006185_combat_002145_002718_w000015_000060,train_006185_combat_002145_002718,MPI_HDM05/bk/HDM_bk_03-02_01_120_poses.npz,combat,other,bk,15,60,windows/train/combat/train_006185_combat_002145_002718_w000015_000060.npz
train_006185_combat_000940_001443_w000030_000075,train_006185_combat_000940_001443,MPI_HDM05/bk/HDM_bk_03-02_01_120_poses.npz,combat,other,bk,30,75,windows/train/combat/train_006185_combat_000940_001443_w000030_000075.npz
train_006185_combat_001673_001995_w000036_000081,train_006185_combat_001673_001995,MPI_HDM05/bk/HDM_bk_03-02_01_120_poses.npz,combat,other,bk,36,81,windows/train/combat/train_006185_combat_001673_001995_w000036_000081.npz
train_006185_combat_000940_001443_w000060_000105,train_006185_combat_000940_001443,MPI_HDM05/bk/HDM_bk_03-02_01_120_poses.npz,combat,other,bk,60,105,windows/train/combat/train_006185_combat_000940_001443_w000060_000105.npz
train_006185_combat_002853_003731_w000075_000120,train_006185_combat_002853_003731,MPI_HDM05/bk/HDM_bk_03-02_01_120_poses.npz,combat,other,bk,75,120,windows/train/combat/train_006185_combat_002853_003731_w000075_000120.npz
train_006185_combat_002145_002718_w000099_000144,train_006185_combat_002145_002718,MPI_HDM05/bk/HDM_bk_03-02_01_120_poses.npz,combat,other,bk,99,144,windows/train/combat/train_006185_combat_002145_002718_w000099_000144.npz
train_006185_combat_003816_004701_w000135_000180,train_006185_combat_003816_004701,MPI_HDM05/bk/HDM_bk_03-02_01_120_poses.npz,combat,other,bk,135,180,windows/train/combat/train_006185_combat_003816_004701_w000135_000180.npz
train_006185_combat_003816_004701_w000177_000222,train_006185_combat_003816_004701,MPI_HDM05/bk/HDM_bk_03-02_01_120_poses.npz,combat,other,bk,177,222,windows/train/combat/train_006185_combat_003816_004701_w000177_000222.npz
train_006472_combat_000915_001255_w000000_000045,train_006472_combat_000915_001255,MPI_HDM05/bk/HDM_bk_03-02_03_120_poses.npz,combat,other,bk,0,45,windows/train/combat/train_006472_combat_000915_001255_w000000_000045.npz
train_006472_combat_003205_003573_w000000_000045,train_006472_combat_003205_003573,MPI_HDM05/bk/HDM_bk_03-02_03_120_poses.npz,combat,other,bk,0,45,windows/train/combat/train_006472_combat_003205_003573_w000000_000045.npz
train_006472_combat_001393_001725_w000015_000060,train_006472_combat_001393_001725,MPI_HDM05/bk/HDM_bk_03-02_03_120_poses.npz,combat,other,bk,15,60,windows/train/combat/train_006472_combat_001393_001725_w000015_000060.npz
train_006472_combat_003618_004015_w000015_000060,train_006472_combat_003618_004015,MPI_HDM05/bk/HDM_bk_03-02_03_120_poses.npz,combat,other,bk,15,60,windows/train/combat/train_006472_combat_003618_004015_w000015_000060.npz
train_006472_combat_000915_001255_w000030_000075,train_006472_combat_000915_001255,MPI_HDM05/bk/HDM_bk_03-02_03_120_poses.npz,combat,other,bk,30,75,windows/train/combat/train_006472_combat_000915_001255_w000030_000075.npz
train_006472_unknown_mixed_000000_000915_w000030_000075,train_006472_unknown_mixed_000000_000915,MPI_HDM05/bk/HDM_bk_03-02_03_120_poses.npz,unknown_mixed,other,bk,30,75,windows/train/unknown_mixed/train_006472_unknown_mixed_000000_000915_w000030_000075.npz
train_006472_combat_003205_003573_w000045_000090,train_006472_combat_003205_003573,MPI_HDM05/bk/HDM_bk_03-02_03_120_poses.npz,combat,other,bk,45,90,windows/train/combat/train_006472_combat_003205_003573_w000045_000090.npz
train_006472_combat_003618_004015_w000055_000100,train_006472_combat_003618_004015,MPI_HDM05/bk/HDM_bk_03-02_03_120_poses.npz,combat,other,bk,55,100,windows/train/combat/train_006472_combat_003618_004015_w000055_000100.npz
train_006472_unknown_mixed_000000_000915_w000120_000165,train_006472_unknown_mixed_000000_000915,MPI_HDM05/bk/HDM_bk_03-02_03_120_poses.npz,unknown_mixed,other,bk,120,165,windows/train/unknown_mixed/train_006472_unknown_mixed_000000_000915_w000120_000165.npz
train_006472_unknown_mixed_000000_000915_w000184_000229,train_006472_unknown_mixed_000000_000915,MPI_HDM05/bk/HDM_bk_03-02_03_120_poses.npz,unknown_mixed,other,bk,184,229,windows/train/unknown_mixed/train_006472_unknown_mixed_000000_000915_w000184_000229.npz
train_008649_unknown_mixed_000000_003588_w000000_000045,train_008649_unknown_mixed_000000_003588,MPI_HDM05/bk/HDM_bk_03-03_01_120_poses.npz,unknown_mixed,other,bk,0,45,windows/train/unknown_mixed/train_008649_unknown_mixed_000000_003588_w000000_000045.npz
train_008649_unknown_mixed_003705_004412_w000045_000090,train_008649_unknown_mixed_003705_004412,MPI_HDM05/bk/HDM_bk_03-03_01_120_poses.npz,unknown_mixed,other,bk,45,90,windows/train/unknown_mixed/train_008649_unknown_mixed_003705_004412_w000045_000090.npz
train_008649_unknown_mixed_003705_004412_w000105_000150,train_008649_unknown_mixed_003705_004412,MPI_HDM05/bk/HDM_bk_03-03_01_120_poses.npz,unknown_mixed,other,bk,105,150,windows/train/unknown_mixed/train_008649_unknown_mixed_003705_004412_w000105_000150.npz
train_008649_unknown_mixed_000000_003588_w000180_000225,train_008649_unknown_mixed_000000_003588,MPI_HDM05/bk/HDM_bk_03-03_01_120_poses.npz,unknown_mixed,other,bk,180,225,windows/train/unknown_mixed/train_008649_unknown_mixed_000000_003588_w000180_000225.npz
train_008649_unknown_mixed_000000_003588_w000300_000345,train_008649_unknown_mixed_000000_003588,MPI_HDM05/bk/HDM_bk_03-03_01_120_poses.npz,unknown_mixed,other,bk,300,345,windows/train/unknown_mixed/train_008649_unknown_mixed_000000_003588_w000300_000345.npz
train_008649_unknown_mixed_000000_003588_w000405_000450,train_008649_unknown_mixed_000000_003588,MPI_HDM05/bk/HDM_bk_03-03_01_120_poses.npz,unknown_mixed,other,bk,405,450,windows/train/unknown_mixed/train_008649_unknown_mixed_000000_003588_w000405_000450.npz
train_008649_unknown_mixed_000000_003588_w000525_000570,train_008649_unknown_mixed_000000_003588,MPI_HDM05/bk/HDM_bk_03-03_01_120_poses.npz,unknown_mixed,other,bk,525,570,windows/train/unknown_mixed/train_008649_unknown_mixed_000000_003588_w000525_000570.npz
train_008649_unknown_mixed_000000_003588_w000630_000675,train_008649_unknown_mixed_000000_003588,MPI_HDM05/bk/HDM_bk_03-03_01_120_poses.npz,unknown_mixed,other,bk,630,675,windows/train/unknown_mixed/train_008649_unknown_mixed_000000_003588_w000630_000675.npz
train_008649_unknown_mixed_000000_003588_w000750_000795,train_008649_unknown_mixed_000000_003588,MPI_HDM05/bk/HDM_bk_03-03_01_120_poses.npz,unknown_mixed,other,bk,750,795,windows/train/unknown_mixed/train_008649_unknown_mixed_000000_003588_w000750_000795.npz
train_008649_unknown_mixed_000000_003588_w000852_000897,train_008649_unknown_mixed_000000_003588,MPI_HDM05/bk/HDM_bk_03-03_01_120_poses.npz,unknown_mixed,other,bk,852,897,windows/train/unknown_mixed/train_008649_unknown_mixed_000000_003588_w000852_000897.npz
train_011744_idle_002976_003341_w000000_000045,train_011744_idle_002976_003341,MPI_HDM05/bk/HDM_bk_03-03_02_120_poses.npz,idle,other,bk,0,45,windows/train/idle/train_011744_idle_002976_003341_w000000_000045.npz
train_011744_idle_002976_003341_w000015_000060,train_011744_idle_002976_003341,MPI_HDM05/bk/HDM_bk_03-03_02_120_poses.npz,idle,other,bk,15,60,windows/train/idle/train_011744_idle_002976_003341_w000015_000060.npz
train_011744_unknown_mixed_004741_005018_w000015_000060,train_011744_unknown_mixed_004741_005018,MPI_HDM05/bk/HDM_bk_03-03_02_120_poses.npz,unknown_mixed,other,bk,15,60,windows/train/unknown_mixed/train_011744_unknown_mixed_004741_005018_w000015_000060.npz
train_011744_unknown_mixed_004123_004561_w000030_000075,train_011744_unknown_mixed_004123_004561,MPI_HDM05/bk/HDM_bk_03-03_02_120_poses.npz,unknown_mixed,other,bk,30,75,windows/train/unknown_mixed/train_011744_unknown_mixed_004123_004561_w000030_000075.npz
train_011744_idle_002976_003341_w000047_000092,train_011744_idle_002976_003341,MPI_HDM05/bk/HDM_bk_03-03_02_120_poses.npz,idle,other,bk,47,92,windows/train/idle/train_011744_idle_002976_003341_w000047_000092.npz
train_011744_unknown_mixed_000000_002136_w000105_000150,train_011744_unknown_mixed_000000_002136,MPI_HDM05/bk/HDM_bk_03-03_02_120_poses.npz,unknown_mixed,other,bk,105,150,windows/train/unknown_mixed/train_011744_unknown_mixed_000000_002136_w000105_000150.npz
train_011744_unknown_mixed_000000_002136_w000195_000240,train_011744_unknown_mixed_000000_002136,MPI_HDM05/bk/HDM_bk_03-03_02_120_poses.npz,unknown_mixed,other,bk,195,240,windows/train/unknown_mixed/train_011744_unknown_mixed_000000_002136_w000195_000240.npz
train_011744_unknown_mixed_000000_002136_w000300_000345,train_011744_unknown_mixed_000000_002136,MPI_HDM05/bk/HDM_bk_03-03_02_120_poses.npz,unknown_mixed,other,bk,300,345,windows/train/unknown_mixed/train_011744_unknown_mixed_000000_002136_w000300_000345.npz
train_011744_unknown_mixed_000000_002136_w000390_000435,train_011744_unknown_mixed_000000_002136,MPI_HDM05/bk/HDM_bk_03-03_02_120_poses.npz,unknown_mixed,other,bk,390,435,windows/train/unknown_mixed/train_011744_unknown_mixed_000000_002136_w000390_000435.npz
train_011744_unknown_mixed_000000_002136_w000489_000534,train_011744_unknown_mixed_000000_002136,MPI_HDM05/bk/HDM_bk_03-03_02_120_poses.npz,unknown_mixed,other,bk,489,534,windows/train/unknown_mixed/train_011744_unknown_mixed_000000_002136_w000489_000534.npz
train_011744_walk_003709_004123_w000000_000045,train_011744_walk_003709_004123,MPI_HDM05/bk/HDM_bk_03-03_02_120_poses.npz,walk,walk,bk,0,45,windows/train/walk/train_011744_walk_003709_004123_w000000_000045.npz
train_011744_walk_004561_004741_w000000_000045,train_011744_walk_004561_004741,MPI_HDM05/bk/HDM_bk_03-03_02_120_poses.npz,walk,walk,bk,0,45,windows/train/walk/train_011744_walk_004561_004741_w000000_000045.npz
train_011744_walk_003709_004123_w000015_000060,train_011744_walk_003709_004123,MPI_HDM05/bk/HDM_bk_03-03_02_120_poses.npz,walk,walk,bk,15,60,windows/train/walk/train_011744_walk_003709_004123_w000015_000060.npz
train_011744_walk_003709_004123_w000030_000075,train_011744_walk_003709_004123,MPI_HDM05/bk/HDM_bk_03-03_02_120_poses.npz,walk,walk,bk,30,75,windows/train/walk/train_011744_walk_003709_004123_w000030_000075.npz
train_011744_walk_003709_004123_w000045_000090,train_011744_walk_003709_004123,MPI_HDM05/bk/HDM_bk_03-03_02_120_poses.npz,walk,walk,bk,45,90,windows/train/walk/train_011744_walk_003709_004123_w000045_000090.npz
train_011744_walk_003709_004123_w000059_000104,train_011744_walk_003709_004123,MPI_HDM05/bk/HDM_bk_03-03_02_120_poses.npz,walk,walk,bk,59,104,windows/train/walk/train_011744_walk_003709_004123_w000059_000104.npz
train_004414_idle_005395_005649_w000000_000045,train_004414_idle_005395_005649,MPI_HDM05/bk/HDM_bk_03-04_01_120_poses.npz,idle,other,bk,0,45,windows/train/idle/train_004414_idle_005395_005649_w000000_000045.npz
train_004414_idle_008955_009720_w000015_000060,train_004414_idle_008955_009720,MPI_HDM05/bk/HDM_bk_03-04_01_120_poses.npz,idle,other,bk,15,60,windows/train/idle/train_004414_idle_008955_009720_w000015_000060.npz
train_004414_unknown_mixed_000013_002369_w000045_000090,train_004414_unknown_mixed_000013_002369,MPI_HDM05/bk/HDM_bk_03-04_01_120_poses.npz,unknown_mixed,other,bk,45,90,windows/train/unknown_mixed/train_004414_unknown_mixed_000013_002369_w000045_000090.npz
train_004414_unknown_mixed_002468_003084_w000075_000120,train_004414_unknown_mixed_002468_003084,MPI_HDM05/bk/HDM_bk_03-04_01_120_poses.npz,unknown_mixed,other,bk,75,120,windows/train/unknown_mixed/train_004414_unknown_mixed_002468_003084_w000075_000120.npz
train_004414_unknown_mixed_005649_006646_w000105_000150,train_004414_unknown_mixed_005649_006646,MPI_HDM05/bk/HDM_bk_03-04_01_120_poses.npz,unknown_mixed,other,bk,105,150,windows/train/unknown_mixed/train_004414_unknown_mixed_005649_006646_w000105_000150.npz
train_004414_unknown_mixed_000013_002369_w000165_000210,train_004414_unknown_mixed_000013_002369,MPI_HDM05/bk/HDM_bk_03-04_01_120_poses.npz,unknown_mixed,other,bk,165,210,windows/train/unknown_mixed/train_004414_unknown_mixed_000013_002369_w000165_000210.npz
train_004414_unknown_mixed_000013_002369_w000240_000285,train_004414_unknown_mixed_000013_002369,MPI_HDM05/bk/HDM_bk_03-04_01_120_poses.npz,unknown_mixed,other,bk,240,285,windows/train/unknown_mixed/train_004414_unknown_mixed_000013_002369_w000240_000285.npz
train_004414_unknown_mixed_003148_005395_w000330_000375,train_004414_unknown_mixed_003148_005395,MPI_HDM05/bk/HDM_bk_03-04_01_120_poses.npz,unknown_mixed,other,bk,330,375,windows/train/unknown_mixed/train_004414_unknown_mixed_003148_005395_w000330_000375.npz
train_004414_unknown_mixed_003148_005395_w000435_000480,train_004414_unknown_mixed_003148_005395,MPI_HDM05/bk/HDM_bk_03-04_01_120_poses.npz,unknown_mixed,other,bk,435,480,windows/train/unknown_mixed/train_004414_unknown_mixed_003148_005395_w000435_000480.npz
train_004414_unknown_mixed_000013_002369_w000544_000589,train_004414_unknown_mixed_000013_002369,MPI_HDM05/bk/HDM_bk_03-04_01_120_poses.npz,unknown_mixed,other,bk,544,589,windows/train/unknown_mixed/train_004414_unknown_mixed_000013_002369_w000544_000589.npz
train_004414_run_010855_011136_w000000_000045,train_004414_run_010855_011136,MPI_HDM05/bk/HDM_bk_03-04_01_120_poses.npz,run,run,bk,0,45,windows/train/run/train_004414_run_010855_011136_w000000_000045.npz
train_004414_run_010855_011136_w000015_000060,train_004414_run_010855_011136,MPI_HDM05/bk/HDM_bk_03-04_01_120_poses.npz,run,run,bk,15,60,windows/train/run/train_004414_run_010855_011136_w000015_000060.npz
train_004414_run_010855_011136_w000026_000071,train_004414_run_010855_011136,MPI_HDM05/bk/HDM_bk_03-04_01_120_poses.npz,run,run,bk,26,71,windows/train/run/train_004414_run_010855_011136_w000026_000071.npz
train_004414_walk_006646_006946_w000000_000045,train_004414_walk_006646_006946,MPI_HDM05/bk/HDM_bk_03-04_01_120_poses.npz,walk,walk,bk,0,45,windows/train/walk/train_004414_walk_006646_006946_w000000_000045.npz
train_004414_walk_009720_010350_w000000_000045,train_004414_walk_009720_010350,MPI_HDM05/bk/HDM_bk_03-04_01_120_poses.npz,walk,walk,bk,0,45,windows/train/walk/train_004414_walk_009720_010350_w000000_000045.npz
train_004414_walk_008129_008768_w000015_000060,train_004414_walk_008129_008768,MPI_HDM05/bk/HDM_bk_03-04_01_120_poses.npz,walk,walk,bk,15,60,windows/train/walk/train_004414_walk_008129_008768_w000015_000060.npz
train_004414_walk_008129_008768_w000030_000075,train_004414_walk_008129_008768,MPI_HDM05/bk/HDM_bk_03-04_01_120_poses.npz,walk,walk,bk,30,75,windows/train/walk/train_004414_walk_008129_008768_w000030_000075.npz
train_004414_walk_008129_008768_w000045_000090,train_004414_walk_008129_008768,MPI_HDM05/bk/HDM_bk_03-04_01_120_poses.npz,walk,walk,bk,45,90,windows/train/walk/train_004414_walk_008129_008768_w000045_000090.npz
train_004414_walk_008129_008768_w000060_000105,train_004414_walk_008129_008768,MPI_HDM05/bk/HDM_bk_03-04_01_120_poses.npz,walk,walk,bk,60,105,windows/train/walk/train_004414_walk_008129_008768_w000060_000105.npz
train_004414_walk_008129_008768_w000075_000120,train_004414_walk_008129_008768,MPI_HDM05/bk/HDM_bk_03-04_01_120_poses.npz,walk,walk,bk,75,120,windows/train/walk/train_004414_walk_008129_008768_w000075_000120.npz
train_004414_walk_009720_010350_w000090_000135,train_004414_walk_009720_010350,MPI_HDM05/bk/HDM_bk_03-04_01_120_poses.npz,walk,walk,bk,90,135,windows/train/walk/train_004414_walk_009720_010350_w000090_000135.npz
train_004414_walk_009720_010350_w000105_000150,train_004414_walk_009720_010350,MPI_HDM05/bk/HDM_bk_03-04_01_120_poses.npz,walk,walk,bk,105,150,windows/train/walk/train_004414_walk_009720_010350_w000105_000150.npz
train_004414_walk_008129_008768_w000115_000160,train_004414_walk_008129_008768,MPI_HDM05/bk/HDM_bk_03-04_01_120_poses.npz,walk,walk,bk,115,160,windows/train/walk/train_004414_walk_008129_008768_w000115_000160.npz
train_007376_unknown_mixed_007166_007422_w000000_000045,train_007376_unknown_mixed_007166_007422,MPI_HDM05/bk/HDM_bk_03-04_02_120_poses.npz,unknown_mixed,other,bk,0,45,windows/train/unknown_mixed/train_007376_unknown_mixed_007166_007422_w000000_000045.npz
train_007376_unknown_mixed_007166_007422_w000015_000060,train_007376_unknown_mixed_007166_007422,MPI_HDM05/bk/HDM_bk_03-04_02_120_poses.npz,unknown_mixed,other,bk,15,60,windows/train/unknown_mixed/train_007376_unknown_mixed_007166_007422_w000015_000060.npz
train_007376_unknown_mixed_007166_007422_w000019_000064,train_007376_unknown_mixed_007166_007422,MPI_HDM05/bk/HDM_bk_03-04_02_120_poses.npz,unknown_mixed,other,bk,19,64,windows/train/unknown_mixed/train_007376_unknown_mixed_007166_007422_w000019_000064.npz
train_007376_walk_005331_005891_w000000_000045,train_007376_walk_005331_005891,MPI_HDM05/bk/HDM_bk_03-04_02_120_poses.npz,walk,walk,bk,0,45,windows/train/walk/train_007376_walk_005331_005891_w000000_000045.npz
train_007376_walk_006941_007166_w000000_000045,train_007376_walk_006941_007166,MPI_HDM05/bk/HDM_bk_03-04_02_120_poses.npz,walk,walk,bk,0,45,windows/train/walk/train_007376_walk_006941_007166_w000000_000045.npz
train_007376_walk_005331_005891_w000015_000060,train_007376_walk_005331_005891,MPI_HDM05/bk/HDM_bk_03-04_02_120_poses.npz,walk,walk,bk,15,60,windows/train/walk/train_007376_walk_005331_005891_w000015_000060.npz
train_007376_walk_005331_005891_w000030_000075,train_007376_walk_005331_005891,MPI_HDM05/bk/HDM_bk_03-04_02_120_poses.npz,walk,walk,bk,30,75,windows/train/walk/train_007376_walk_005331_005891_w000030_000075.npz
train_007376_walk_005331_005891_w000045_000090,train_007376_walk_005331_005891,MPI_HDM05/bk/HDM_bk_03-04_02_120_poses.npz,walk,walk,bk,45,90,windows/train/walk/train_007376_walk_005331_005891_w000045_000090.npz
train_007376_walk_006176_006726_w000045_000090,train_007376_walk_006176_006726,MPI_HDM05/bk/HDM_bk_03-04_02_120_poses.npz,walk,walk,bk,45,90,windows/train/walk/train_007376_walk_006176_006726_w000045_000090.npz
train_007376_walk_006176_006726_w000060_000105,train_007376_walk_006176_006726,MPI_HDM05/bk/HDM_bk_03-04_02_120_poses.npz,walk,walk,bk,60,105,windows/train/walk/train_007376_walk_006176_006726_w000060_000105.npz
train_007376_walk_006176_006726_w000075_000120,train_007376_walk_006176_006726,MPI_HDM05/bk/HDM_bk_03-04_02_120_poses.npz,walk,walk,bk,75,120,windows/train/walk/train_007376_walk_006176_006726_w000075_000120.npz
train_007376_walk_006176_006726_w000090_000135,train_007376_walk_006176_006726,MPI_HDM05/bk/HDM_bk_03-04_02_120_poses.npz,walk,walk,bk,90,135,windows/train/walk/train_007376_walk_006176_006726_w000090_000135.npz
train_007376_walk_005331_005891_w000095_000140,train_007376_walk_005331_005891,MPI_HDM05/bk/HDM_bk_03-04_02_120_poses.npz,walk,walk,bk,95,140,windows/train/walk/train_007376_walk_005331_005891_w000095_000140.npz
train_012133_unknown_mixed_007136_007330_w000000_000045,train_012133_unknown_mixed_007136_007330,MPI_HDM05/bk/HDM_bk_03-04_04_120_poses.npz,unknown_mixed,other,bk,0,45,windows/train/unknown_mixed/train_012133_unknown_mixed_007136_007330_w000000_000045.npz
train_012133_unknown_mixed_007136_007330_w000004_000049,train_012133_unknown_mixed_007136_007330,MPI_HDM05/bk/HDM_bk_03-04_04_120_poses.npz,unknown_mixed,other,bk,4,49,windows/train/unknown_mixed/train_012133_unknown_mixed_007136_007330_w000004_000049.npz
train_012133_walk_005476_006026_w000000_000045,train_012133_walk_005476_006026,MPI_HDM05/bk/HDM_bk_03-04_04_120_poses.npz,walk,walk,bk,0,45,windows/train/walk/train_012133_walk_005476_006026_w000000_000045.npz
train_012133_walk_005476_006026_w000015_000060,train_012133_walk_005476_006026,MPI_HDM05/bk/HDM_bk_03-04_04_120_poses.npz,walk,walk,bk,15,60,windows/train/walk/train_012133_walk_005476_006026_w000015_000060.npz
train_012133_walk_006266_006791_w000015_000060,train_012133_walk_006266_006791,MPI_HDM05/bk/HDM_bk_03-04_04_120_poses.npz,walk,walk,bk,15,60,windows/train/walk/train_012133_walk_006266_006791_w000015_000060.npz
train_012133_walk_006266_006791_w000030_000075,train_012133_walk_006266_006791,MPI_HDM05/bk/HDM_bk_03-04_04_120_poses.npz,walk,walk,bk,30,75,windows/train/walk/train_012133_walk_006266_006791_w000030_000075.npz
train_012133_walk_005476_006026_w000045_000090,train_012133_walk_005476_006026,MPI_HDM05/bk/HDM_bk_03-04_04_120_poses.npz,walk,walk,bk,45,90,windows/train/walk/train_012133_walk_005476_006026_w000045_000090.npz
train_012133_walk_005476_006026_w000060_000105,train_012133_walk_005476_006026,MPI_HDM05/bk/HDM_bk_03-04_04_120_poses.npz,walk,walk,bk,60,105,windows/train/walk/train_012133_walk_005476_006026_w000060_000105.npz
train_012133_walk_006266_006791_w000060_000105,train_012133_walk_006266_006791,MPI_HDM05/bk/HDM_bk_03-04_04_120_poses.npz,walk,walk,bk,60,105,windows/train/walk/train_012133_walk_006266_006791_w000060_000105.npz
train_012133_walk_006266_006791_w000075_000120,train_012133_walk_006266_006791,MPI_HDM05/bk/HDM_bk_03-04_04_120_poses.npz,walk,walk,bk,75,120,windows/train/walk/train_012133_walk_006266_006791_w000075_000120.npz
train_012133_walk_006266_006791_w000087_000132,train_012133_walk_006266_006791,MPI_HDM05/bk/HDM_bk_03-04_04_120_poses.npz,walk,walk,bk,87,132,windows/train/walk/train_012133_walk_006266_006791_w000087_000132.npz
train_012133_walk_005476_006026_w000093_000138,train_012133_walk_005476_006026,MPI_HDM05/bk/HDM_bk_03-04_04_120_poses.npz,walk,walk,bk,93,138,windows/train/walk/train_012133_walk_005476_006026_w000093_000138.npz
train_012816_idle_001390_001928_w000000_000045,train_012816_idle_001390_001928,MPI_HDM05/bk/HDM_bk_03-05_01_120_poses.npz,idle,other,bk,0,45,windows/train/idle/train_012816_idle_001390_001928_w000000_000045.npz
train_012816_unknown_mixed_000000_001215_w000015_000060,train_012816_unknown_mixed_000000_001215,MPI_HDM05/bk/HDM_bk_03-05_01_120_poses.npz,unknown_mixed,other,bk,15,60,windows/train/unknown_mixed/train_012816_unknown_mixed_000000_001215_w000015_000060.npz
train_012816_idle_002733_004108_w000045_000090,train_012816_idle_002733_004108,MPI_HDM05/bk/HDM_bk_03-05_01_120_poses.npz,idle,other,bk,45,90,windows/train/idle/train_012816_idle_002733_004108_w000045_000090.npz
train_012816_idle_001390_001928_w000075_000120,train_012816_idle_001390_001928,MPI_HDM05/bk/HDM_bk_03-05_01_120_poses.npz,idle,other,bk,75,120,windows/train/idle/train_012816_idle_001390_001928_w000075_000120.npz
train_012816_unknown_mixed_000000_001215_w000090_000135,train_012816_unknown_mixed_000000_001215,MPI_HDM05/bk/HDM_bk_03-05_01_120_poses.npz,unknown_mixed,other,bk,90,135,windows/train/unknown_mixed/train_012816_unknown_mixed_000000_001215_w000090_000135.npz
train_012816_unknown_mixed_000000_001215_w000135_000180,train_012816_unknown_mixed_000000_001215,MPI_HDM05/bk/HDM_bk_03-05_01_120_poses.npz,unknown_mixed,other,bk,135,180,windows/train/unknown_mixed/train_012816_unknown_mixed_000000_001215_w000135_000180.npz
train_012816_idle_002733_004108_w000180_000225,train_012816_idle_002733_004108,MPI_HDM05/bk/HDM_bk_03-05_01_120_poses.npz,idle,other,bk,180,225,windows/train/idle/train_012816_idle_002733_004108_w000180_000225.npz
train_012816_unknown_mixed_000000_001215_w000210_000255,train_012816_unknown_mixed_000000_001215,MPI_HDM05/bk/HDM_bk_03-05_01_120_poses.npz,unknown_mixed,other,bk,210,255,windows/train/unknown_mixed/train_012816_unknown_mixed_000000_001215_w000210_000255.npz
train_012816_idle_002733_004108_w000255_000300,train_012816_idle_002733_004108,MPI_HDM05/bk/HDM_bk_03-05_01_120_poses.npz,idle,other,bk,255,300,windows/train/idle/train_012816_idle_002733_004108_w000255_000300.npz
train_012816_idle_002733_004108_w000299_000344,train_012816_idle_002733_004108,MPI_HDM05/bk/HDM_bk_03-05_01_120_poses.npz,idle,other,bk,299,344,windows/train/idle/train_012816_idle_002733_004108_w000299_000344.npz
train_008546_jump_acrobatic_000616_001314_w000000_000045,train_008546_jump_acrobatic_000616_001314,MPI_HDM05/bk/HDM_bk_03-05_03_120_poses.npz,jump_acrobatic,other,bk,0,45,windows/train/jump_acrobatic/train_008546_jump_acrobatic_000616_001314_w000000_000045.npz
train_008546_unknown_mixed_000000_000510_w000015_000060,train_008546_unknown_mixed_000000_000510,MPI_HDM05/bk/HDM_bk_03-05_03_120_poses.npz,unknown_mixed,other,bk,15,60,windows/train/unknown_mixed/train_008546_unknown_mixed_000000_000510_w000015_000060.npz
train_008546_jump_acrobatic_000616_001314_w000045_000090,train_008546_jump_acrobatic_000616_001314,MPI_HDM05/bk/HDM_bk_03-05_03_120_poses.npz,jump_acrobatic,other,bk,45,90,windows/train/jump_acrobatic/train_008546_jump_acrobatic_000616_001314_w000045_000090.npz
train_008546_jump_acrobatic_000616_001314_w000075_000120,train_008546_jump_acrobatic_000616_001314,MPI_HDM05/bk/HDM_bk_03-05_03_120_poses.npz,jump_acrobatic,other,bk,75,120,windows/train/jump_acrobatic/train_008546_jump_acrobatic_000616_001314_w000075_000120.npz
train_008546_jump_acrobatic_000616_001314_w000105_000150,train_008546_jump_acrobatic_000616_001314,MPI_HDM05/bk/HDM_bk_03-05_03_120_poses.npz,jump_acrobatic,other,bk,105,150,windows/train/jump_acrobatic/train_008546_jump_acrobatic_000616_001314_w000105_000150.npz
train_008546_unknown_mixed_002521_004612_w000135_000180,train_008546_unknown_mixed_002521_004612,MPI_HDM05/bk/HDM_bk_03-05_03_120_poses.npz,unknown_mixed,other,bk,135,180,windows/train/unknown_mixed/train_008546_unknown_mixed_002521_004612_w000135_000180.npz
train_008546_unknown_mixed_002521_004612_w000225_000270,train_008546_unknown_mixed_002521_004612,MPI_HDM05/bk/HDM_bk_03-05_03_120_poses.npz,unknown_mixed,other,bk,225,270,windows/train/unknown_mixed/train_008546_unknown_mixed_002521_004612_w000225_000270.npz
train_008546_unknown_mixed_002521_004612_w000315_000360,train_008546_unknown_mixed_002521_004612,MPI_HDM05/bk/HDM_bk_03-05_03_120_poses.npz,unknown_mixed,other,bk,315,360,windows/train/unknown_mixed/train_008546_unknown_mixed_002521_004612_w000315_000360.npz
train_008546_unknown_mixed_002521_004612_w000390_000435,train_008546_unknown_mixed_002521_004612,MPI_HDM05/bk/HDM_bk_03-05_03_120_poses.npz,unknown_mixed,other,bk,390,435,windows/train/unknown_mixed/train_008546_unknown_mixed_002521_004612_w000390_000435.npz
train_008546_unknown_mixed_002521_004612_w000478_000523,train_008546_unknown_mixed_002521_004612,MPI_HDM05/bk/HDM_bk_03-05_03_120_poses.npz,unknown_mixed,other,bk,478,523,windows/train/unknown_mixed/train_008546_unknown_mixed_002521_004612_w000478_000523.npz
train_008546_run_001547_002289_w000000_000045,train_008546_run_001547_002289,MPI_HDM05/bk/HDM_bk_03-05_03_120_poses.npz,run,run,bk,0,45,windows/train/run/train_008546_run_001547_002289_w000000_000045.npz
train_008546_run_001547_002289_w000015_000060,train_008546_run_001547_002289,MPI_HDM05/bk/HDM_bk_03-05_03_120_poses.npz,run,run,bk,15,60,windows/train/run/train_008546_run_001547_002289_w000015_000060.npz
train_008546_run_001547_002289_w000030_000075,train_008546_run_001547_002289,MPI_HDM05/bk/HDM_bk_03-05_03_120_poses.npz,run,run,bk,30,75,windows/train/run/train_008546_run_001547_002289_w000030_000075.npz
train_008546_run_001547_002289_w000045_000090,train_008546_run_001547_002289,MPI_HDM05/bk/HDM_bk_03-05_03_120_poses.npz,run,run,bk,45,90,windows/train/run/train_008546_run_001547_002289_w000045_000090.npz
train_008546_run_001547_002289_w000060_000105,train_008546_run_001547_002289,MPI_HDM05/bk/HDM_bk_03-05_03_120_poses.npz,run,run,bk,60,105,windows/train/run/train_008546_run_001547_002289_w000060_000105.npz
train_008546_run_001547_002289_w000090_000135,train_008546_run_001547_002289,MPI_HDM05/bk/HDM_bk_03-05_03_120_poses.npz,run,run,bk,90,135,windows/train/run/train_008546_run_001547_002289_w000090_000135.npz
train_008546_run_001547_002289_w000105_000150,train_008546_run_001547_002289,MPI_HDM05/bk/HDM_bk_03-05_03_120_poses.npz,run,run,bk,105,150,windows/train/run/train_008546_run_001547_002289_w000105_000150.npz
train_008546_run_001547_002289_w000120_000165,train_008546_run_001547_002289,MPI_HDM05/bk/HDM_bk_03-05_03_120_poses.npz,run,run,bk,120,165,windows/train/run/train_008546_run_001547_002289_w000120_000165.npz
train_008546_run_001547_002289_w000135_000180,train_008546_run_001547_002289,MPI_HDM05/bk/HDM_bk_03-05_03_120_poses.npz,run,run,bk,135,180,windows/train/run/train_008546_run_001547_002289_w000135_000180.npz
train_008546_run_001547_002289_w000141_000186,train_008546_run_001547_002289,MPI_HDM05/bk/HDM_bk_03-05_03_120_poses.npz,run,run,bk,141,186,windows/train/run/train_008546_run_001547_002289_w000141_000186.npz
train_012025_unknown_mixed_000000_000598_w000000_000045,train_012025_unknown_mixed_000000_000598,MPI_HDM05/bk/HDM_bk_03-11_01_120_poses.npz,unknown_mixed,other,bk,0,45,windows/train/unknown_mixed/train_012025_unknown_mixed_000000_000598_w000000_000045.npz
train_012025_unknown_mixed_001584_001800_w000000_000045,train_012025_unknown_mixed_001584_001800,MPI_HDM05/bk/HDM_bk_03-11_01_120_poses.npz,unknown_mixed,other,bk,0,45,windows/train/unknown_mixed/train_012025_unknown_mixed_001584_001800_w000000_000045.npz
train_012025_unknown_mixed_002930_003113_w000000_000045,train_012025_unknown_mixed_002930_003113,MPI_HDM05/bk/HDM_bk_03-11_01_120_poses.npz,unknown_mixed,other,bk,0,45,windows/train/unknown_mixed/train_012025_unknown_mixed_002930_003113_w000000_000045.npz
train_012025_unknown_mixed_001003_001188_w000002_000047,train_012025_unknown_mixed_001003_001188,MPI_HDM05/bk/HDM_bk_03-11_01_120_poses.npz,unknown_mixed,other,bk,2,47,windows/train/unknown_mixed/train_012025_unknown_mixed_001003_001188_w000002_000047.npz
train_012025_unknown_mixed_000000_000598_w000015_000060,train_012025_unknown_mixed_000000_000598,MPI_HDM05/bk/HDM_bk_03-11_01_120_poses.npz,unknown_mixed,other,bk,15,60,windows/train/unknown_mixed/train_012025_unknown_mixed_000000_000598_w000015_000060.npz
train_012025_unknown_mixed_002129_002590_w000030_000075,train_012025_unknown_mixed_002129_002590,MPI_HDM05/bk/HDM_bk_03-11_01_120_poses.npz,unknown_mixed,other,bk,30,75,windows/train/unknown_mixed/train_012025_unknown_mixed_002129_002590_w000030_000075.npz
train_012025_unknown_mixed_002129_002590_w000045_000090,train_012025_unknown_mixed_002129_002590,MPI_HDM05/bk/HDM_bk_03-11_01_120_poses.npz,unknown_mixed,other,bk,45,90,windows/train/unknown_mixed/train_012025_unknown_mixed_002129_002590_w000045_000090.npz
train_012025_unknown_mixed_002129_002590_w000060_000105,train_012025_unknown_mixed_002129_002590,MPI_HDM05/bk/HDM_bk_03-11_01_120_poses.npz,unknown_mixed,other,bk,60,105,windows/train/unknown_mixed/train_012025_unknown_mixed_002129_002590_w000060_000105.npz
train_012025_unknown_mixed_000000_000598_w000075_000120,train_012025_unknown_mixed_000000_000598,MPI_HDM05/bk/HDM_bk_03-11_01_120_poses.npz,unknown_mixed,other,bk,75,120,windows/train/unknown_mixed/train_012025_unknown_mixed_000000_000598_w000075_000120.npz
train_012025_unknown_mixed_000000_000598_w000105_000150,train_012025_unknown_mixed_000000_000598,MPI_HDM05/bk/HDM_bk_03-11_01_120_poses.npz,unknown_mixed,other,bk,105,150,windows/train/unknown_mixed/train_012025_unknown_mixed_000000_000598_w000105_000150.npz
train_012025_walk_000598_001003_w000000_000045,train_012025_walk_000598_001003,MPI_HDM05/bk/HDM_bk_03-11_01_120_poses.npz,walk,walk,bk,0,45,windows/train/walk/train_012025_walk_000598_001003_w000000_000045.npz
train_012025_walk_001800_002129_w000000_000045,train_012025_walk_001800_002129,MPI_HDM05/bk/HDM_bk_03-11_01_120_poses.npz,walk,walk,bk,0,45,windows/train/walk/train_012025_walk_001800_002129_w000000_000045.npz
train_012025_walk_000598_001003_w000015_000060,train_012025_walk_000598_001003,MPI_HDM05/bk/HDM_bk_03-11_01_120_poses.npz,walk,walk,bk,15,60,windows/train/walk/train_012025_walk_000598_001003_w000015_000060.npz
train_012025_walk_001800_002129_w000015_000060,train_012025_walk_001800_002129,MPI_HDM05/bk/HDM_bk_03-11_01_120_poses.npz,walk,walk,bk,15,60,windows/train/walk/train_012025_walk_001800_002129_w000015_000060.npz
train_012025_walk_000598_001003_w000030_000075,train_012025_walk_000598_001003,MPI_HDM05/bk/HDM_bk_03-11_01_120_poses.npz,walk,walk,bk,30,75,windows/train/walk/train_012025_walk_000598_001003_w000030_000075.npz
train_012025_walk_001188_001584_w000030_000075,train_012025_walk_001188_001584,MPI_HDM05/bk/HDM_bk_03-11_01_120_poses.npz,walk,walk,bk,30,75,windows/train/walk/train_012025_walk_001188_001584_w000030_000075.npz
train_012025_walk_002590_002930_w000030_000075,train_012025_walk_002590_002930,MPI_HDM05/bk/HDM_bk_03-11_01_120_poses.npz,walk,walk,bk,30,75,windows/train/walk/train_012025_walk_002590_002930_w000030_000075.npz
train_012025_walk_002590_002930_w000040_000085,train_012025_walk_002590_002930,MPI_HDM05/bk/HDM_bk_03-11_01_120_poses.npz,walk,walk,bk,40,85,windows/train/walk/train_012025_walk_002590_002930_w000040_000085.npz
train_012025_walk_001188_001584_w000045_000090,train_012025_walk_001188_001584,MPI_HDM05/bk/HDM_bk_03-11_01_120_poses.npz,walk,walk,bk,45,90,windows/train/walk/train_012025_walk_001188_001584_w000045_000090.npz
train_012025_walk_000598_001003_w000057_000102,train_012025_walk_000598_001003,MPI_HDM05/bk/HDM_bk_03-11_01_120_poses.npz,walk,walk,bk,57,102,windows/train/walk/train_012025_walk_000598_001003_w000057_000102.npz
train_002452_unknown_mixed_000000_003277_w000000_000045,train_002452_unknown_mixed_000000_003277,MPI_HDM05/bk/HDM_bk_03-11_02_120_poses.npz,unknown_mixed,other,bk,0,45,windows/train/unknown_mixed/train_002452_unknown_mixed_000000_003277_w000000_000045.npz
train_002452_unknown_mixed_000000_003277_w000090_000135,train_002452_unknown_mixed_000000_003277,MPI_HDM05/bk/HDM_bk_03-11_02_120_poses.npz,unknown_mixed,other,bk,90,135,windows/train/unknown_mixed/train_002452_unknown_mixed_000000_003277_w000090_000135.npz
train_002452_unknown_mixed_000000_003277_w000180_000225,train_002452_unknown_mixed_000000_003277,MPI_HDM05/bk/HDM_bk_03-11_02_120_poses.npz,unknown_mixed,other,bk,180,225,windows/train/unknown_mixed/train_002452_unknown_mixed_000000_003277_w000180_000225.npz
train_002452_unknown_mixed_000000_003277_w000255_000300,train_002452_unknown_mixed_000000_003277,MPI_HDM05/bk/HDM_bk_03-11_02_120_poses.npz,unknown_mixed,other,bk,255,300,windows/train/unknown_mixed/train_002452_unknown_mixed_000000_003277_w000255_000300.npz
train_002452_unknown_mixed_000000_003277_w000345_000390,train_002452_unknown_mixed_000000_003277,MPI_HDM05/bk/HDM_bk_03-11_02_120_poses.npz,unknown_mixed,other,bk,345,390,windows/train/unknown_mixed/train_002452_unknown_mixed_000000_003277_w000345_000390.npz
train_002452_unknown_mixed_000000_003277_w000435_000480,train_002452_unknown_mixed_000000_003277,MPI_HDM05/bk/HDM_bk_03-11_02_120_poses.npz,unknown_mixed,other,bk,435,480,windows/train/unknown_mixed/train_002452_unknown_mixed_000000_003277_w000435_000480.npz
train_002452_unknown_mixed_000000_003277_w000525_000570,train_002452_unknown_mixed_000000_003277,MPI_HDM05/bk/HDM_bk_03-11_02_120_poses.npz,unknown_mixed,other,bk,525,570,windows/train/unknown_mixed/train_002452_unknown_mixed_000000_003277_w000525_000570.npz
train_002452_unknown_mixed_000000_003277_w000600_000645,train_002452_unknown_mixed_000000_003277,MPI_HDM05/bk/HDM_bk_03-11_02_120_poses.npz,unknown_mixed,other,bk,600,645,windows/train/unknown_mixed/train_002452_unknown_mixed_000000_003277_w000600_000645.npz
train_002452_unknown_mixed_000000_003277_w000690_000735,train_002452_unknown_mixed_000000_003277,MPI_HDM05/bk/HDM_bk_03-11_02_120_poses.npz,unknown_mixed,other,bk,690,735,windows/train/unknown_mixed/train_002452_unknown_mixed_000000_003277_w000690_000735.npz
train_002452_unknown_mixed_000000_003277_w000775_000820,train_002452_unknown_mixed_000000_003277,MPI_HDM05/bk/HDM_bk_03-11_02_120_poses.npz,unknown_mixed,other,bk,775,820,windows/train/unknown_mixed/train_002452_unknown_mixed_000000_003277_w000775_000820.npz
train_001588_unknown_mixed_000000_003008_w000000_000045,train_001588_unknown_mixed_000000_003008,MPI_HDM05/bk/HDM_bk_03-11_03_120_poses.npz,unknown_mixed,other,bk,0,45,windows/train/unknown_mixed/train_001588_unknown_mixed_000000_003008_w000000_000045.npz
train_001588_unknown_mixed_000000_003008_w000075_000120,train_001588_unknown_mixed_000000_003008,MPI_HDM05/bk/HDM_bk_03-11_03_120_poses.npz,unknown_mixed,other,bk,75,120,windows/train/unknown_mixed/train_001588_unknown_mixed_000000_003008_w000075_000120.npz
train_001588_unknown_mixed_000000_003008_w000165_000210,train_001588_unknown_mixed_000000_003008,MPI_HDM05/bk/HDM_bk_03-11_03_120_poses.npz,unknown_mixed,other,bk,165,210,windows/train/unknown_mixed/train_001588_unknown_mixed_000000_003008_w000165_000210.npz
train_001588_unknown_mixed_000000_003008_w000240_000285,train_001588_unknown_mixed_000000_003008,MPI_HDM05/bk/HDM_bk_03-11_03_120_poses.npz,unknown_mixed,other,bk,240,285,windows/train/unknown_mixed/train_001588_unknown_mixed_000000_003008_w000240_000285.npz
train_001588_unknown_mixed_000000_003008_w000315_000360,train_001588_unknown_mixed_000000_003008,MPI_HDM05/bk/HDM_bk_03-11_03_120_poses.npz,unknown_mixed,other,bk,315,360,windows/train/unknown_mixed/train_001588_unknown_mixed_000000_003008_w000315_000360.npz
train_001588_unknown_mixed_000000_003008_w000405_000450,train_001588_unknown_mixed_000000_003008,MPI_HDM05/bk/HDM_bk_03-11_03_120_poses.npz,unknown_mixed,other,bk,405,450,windows/train/unknown_mixed/train_001588_unknown_mixed_000000_003008_w000405_000450.npz
train_001588_unknown_mixed_000000_003008_w000480_000525,train_001588_unknown_mixed_000000_003008,MPI_HDM05/bk/HDM_bk_03-11_03_120_poses.npz,unknown_mixed,other,bk,480,525,windows/train/unknown_mixed/train_001588_unknown_mixed_000000_003008_w000480_000525.npz
train_001588_unknown_mixed_000000_003008_w000555_000600,train_001588_unknown_mixed_000000_003008,MPI_HDM05/bk/HDM_bk_03-11_03_120_poses.npz,unknown_mixed,other,bk,555,600,windows/train/unknown_mixed/train_001588_unknown_mixed_000000_003008_w000555_000600.npz
train_001588_unknown_mixed_000000_003008_w000645_000690,train_001588_unknown_mixed_000000_003008,MPI_HDM05/bk/HDM_bk_03-11_03_120_poses.npz,unknown_mixed,other,bk,645,690,windows/train/unknown_mixed/train_001588_unknown_mixed_000000_003008_w000645_000690.npz
train_001588_unknown_mixed_000000_003008_w000707_000752,train_001588_unknown_mixed_000000_003008,MPI_HDM05/bk/HDM_bk_03-11_03_120_poses.npz,unknown_mixed,other,bk,707,752,windows/train/unknown_mixed/train_001588_unknown_mixed_000000_003008_w000707_000752.npz
train_009697_unknown_mixed_000000_000411_w000000_000045,train_009697_unknown_mixed_000000_000411,MPI_HDM05/bk/HDM_bk_04-01_01_120_poses.npz,unknown_mixed,other,bk,0,45,windows/train/unknown_mixed/train_009697_unknown_mixed_000000_000411_w000000_000045.npz
train_009697_unknown_mixed_000631_001171_w000015_000060,train_009697_unknown_mixed_000631_001171,MPI_HDM05/bk/HDM_bk_04-01_01_120_poses.npz,unknown_mixed,other,bk,15,60,windows/train/unknown_mixed/train_009697_unknown_mixed_000631_001171_w000015_000060.npz
train_009697_unknown_mixed_003821_004361_w000030_000075,train_009697_unknown_mixed_003821_004361,MPI_HDM05/bk/HDM_bk_04-01_01_120_poses.npz,unknown_mixed,other,bk,30,75,windows/train/unknown_mixed/train_009697_unknown_mixed_003821_004361_w000030_000075.npz
train_009697_unknown_mixed_007101_008001_w000045_000090,train_009697_unknown_mixed_007101_008001,MPI_HDM05/bk/HDM_bk_04-01_01_120_poses.npz,unknown_mixed,other,bk,45,90,windows/train/unknown_mixed/train_009697_unknown_mixed_007101_008001_w000045_000090.npz
train_009697_unknown_mixed_000631_001171_w000075_000120,train_009697_unknown_mixed_000631_001171,MPI_HDM05/bk/HDM_bk_04-01_01_120_poses.npz,unknown_mixed,other,bk,75,120,windows/train/unknown_mixed/train_009697_unknown_mixed_000631_001171_w000075_000120.npz
train_009697_unknown_mixed_007101_008001_w000090_000135,train_009697_unknown_mixed_007101_008001,MPI_HDM05/bk/HDM_bk_04-01_01_120_poses.npz,unknown_mixed,other,bk,90,135,windows/train/unknown_mixed/train_009697_unknown_mixed_007101_008001_w000090_000135.npz
train_009697_unknown_mixed_011621_013021_w000135_000180,train_009697_unknown_mixed_011621_013021,MPI_HDM05/bk/HDM_bk_04-01_01_120_poses.npz,unknown_mixed,other,bk,135,180,windows/train/unknown_mixed/train_009697_unknown_mixed_011621_013021_w000135_000180.npz
train_009697_unknown_mixed_004471_006121_w000195_000240,train_009697_unknown_mixed_004471_006121,MPI_HDM05/bk/HDM_bk_04-01_01_120_poses.npz,unknown_mixed,other,bk,195,240,windows/train/unknown_mixed/train_009697_unknown_mixed_004471_006121_w000195_000240.npz
train_009697_unknown_mixed_011621_013021_w000270_000315,train_009697_unknown_mixed_011621_013021,MPI_HDM05/bk/HDM_bk_04-01_01_120_poses.npz,unknown_mixed,other,bk,270,315,windows/train/unknown_mixed/train_009697_unknown_mixed_011621_013021_w000270_000315.npz
train_009697_unknown_mixed_004471_006121_w000368_000413,train_009697_unknown_mixed_004471_006121,MPI_HDM05/bk/HDM_bk_04-01_01_120_poses.npz,unknown_mixed,other,bk,368,413,windows/train/unknown_mixed/train_009697_unknown_mixed_004471_006121_w000368_000413.npz
train_009697_walk_000411_000631_w000000_000045,train_009697_walk_000411_000631,MPI_HDM05/bk/HDM_bk_04-01_01_120_poses.npz,walk,walk,bk,0,45,windows/train/walk/train_009697_walk_000411_000631_w000000_000045.npz
train_009697_walk_006121_007101_w000000_000045,train_009697_walk_006121_007101,MPI_HDM05/bk/HDM_bk_04-01_01_120_poses.npz,walk,walk,bk,0,45,windows/train/walk/train_009697_walk_006121_007101_w000000_000045.npz
train_009697_walk_002401_002661_w000015_000060,train_009697_walk_002401_002661,MPI_HDM05/bk/HDM_bk_04-01_01_120_poses.npz,walk,walk,bk,15,60,windows/train/walk/train_009697_walk_002401_002661_w000015_000060.npz
train_009697_walk_002401_002661_w000020_000065,train_009697_walk_002401_002661,MPI_HDM05/bk/HDM_bk_04-01_01_120_poses.npz,walk,walk,bk,20,65,windows/train/walk/train_009697_walk_002401_002661_w000020_000065.npz
train_009697_walk_006121_007101_w000045_000090,train_009697_walk_006121_007101,MPI_HDM05/bk/HDM_bk_04-01_01_120_poses.npz,walk,walk,bk,45,90,windows/train/walk/train_009697_walk_006121_007101_w000045_000090.npz
train_009697_walk_008001_009031_w000075_000120,train_009697_walk_008001_009031,MPI_HDM05/bk/HDM_bk_04-01_01_120_poses.npz,walk,walk,bk,75,120,windows/train/walk/train_009697_walk_008001_009031_w000075_000120.npz
train_009697_walk_008001_009031_w000105_000150,train_009697_walk_008001_009031,MPI_HDM05/bk/HDM_bk_04-01_01_120_poses.npz,walk,walk,bk,105,150,windows/train/walk/train_009697_walk_008001_009031_w000105_000150.npz
train_009697_walk_006121_007101_w000135_000180,train_009697_walk_006121_007101,MPI_HDM05/bk/HDM_bk_04-01_01_120_poses.npz,walk,walk,bk,135,180,windows/train/walk/train_009697_walk_006121_007101_w000135_000180.npz
train_009697_walk_006121_007101_w000180_000225,train_009697_walk_006121_007101,MPI_HDM05/bk/HDM_bk_04-01_01_120_poses.npz,walk,walk,bk,180,225,windows/train/walk/train_009697_walk_006121_007101_w000180_000225.npz
train_009697_walk_008001_009031_w000213_000258,train_009697_walk_008001_009031,MPI_HDM05/bk/HDM_bk_04-01_01_120_poses.npz,walk,walk,bk,213,258,windows/train/walk/train_009697_walk_008001_009031_w000213_000258.npz
train_007580_unknown_mixed_000000_000491_w000000_000045,train_007580_unknown_mixed_000000_000491,MPI_HDM05/bk/HDM_bk_04-01_02_120_poses.npz,unknown_mixed,other,bk,0,45,windows/train/unknown_mixed/train_007580_unknown_mixed_000000_000491_w000000_000045.npz
train_007580_unknown_mixed_004291_004901_w000015_000060,train_007580_unknown_mixed_004291_004901,MPI_HDM05/bk/HDM_bk_04-01_02_120_poses.npz,unknown_mixed,other,bk,15,60,windows/train/unknown_mixed/train_007580_unknown_mixed_004291_004901_w000015_000060.npz
train_007580_unknown_mixed_000000_000491_w000045_000090,train_007580_unknown_mixed_000000_000491,MPI_HDM05/bk/HDM_bk_04-01_02_120_poses.npz,unknown_mixed,other,bk,45,90,windows/train/unknown_mixed/train_007580_unknown_mixed_000000_000491_w000045_000090.npz
train_007580_unknown_mixed_004291_004901_w000060_000105,train_007580_unknown_mixed_004291_004901,MPI_HDM05/bk/HDM_bk_04-01_02_120_poses.npz,unknown_mixed,other,bk,60,105,windows/train/unknown_mixed/train_007580_unknown_mixed_004291_004901_w000060_000105.npz
train_007580_unknown_mixed_000000_000491_w000078_000123,train_007580_unknown_mixed_000000_000491,MPI_HDM05/bk/HDM_bk_04-01_02_120_poses.npz,unknown_mixed,other,bk,78,123,windows/train/unknown_mixed/train_007580_unknown_mixed_000000_000491_w000078_000123.npz
train_007580_unknown_mixed_005361_006271_w000105_000150,train_007580_unknown_mixed_005361_006271,MPI_HDM05/bk/HDM_bk_04-01_02_120_poses.npz,unknown_mixed,other,bk,105,150,windows/train/unknown_mixed/train_007580_unknown_mixed_005361_006271_w000105_000150.npz
train_007580_unknown_mixed_005361_006271_w000135_000180,train_007580_unknown_mixed_005361_006271,MPI_HDM05/bk/HDM_bk_04-01_02_120_poses.npz,unknown_mixed,other,bk,135,180,windows/train/unknown_mixed/train_007580_unknown_mixed_005361_006271_w000135_000180.npz
train_007580_unknown_mixed_005361_006271_w000180_000225,train_007580_unknown_mixed_005361_006271,MPI_HDM05/bk/HDM_bk_04-01_02_120_poses.npz,unknown_mixed,other,bk,180,225,windows/train/unknown_mixed/train_007580_unknown_mixed_005361_006271_w000180_000225.npz
train_007580_unknown_mixed_008851_010341_w000255_000300,train_007580_unknown_mixed_008851_010341,MPI_HDM05/bk/HDM_bk_04-01_02_120_poses.npz,unknown_mixed,other,bk,255,300,windows/train/unknown_mixed/train_007580_unknown_mixed_008851_010341_w000255_000300.npz
train_007580_unknown_mixed_010911_012530_w000360_000405,train_007580_unknown_mixed_010911_012530,MPI_HDM05/bk/HDM_bk_04-01_02_120_poses.npz,unknown_mixed,other,bk,360,405,windows/train/unknown_mixed/train_007580_unknown_mixed_010911_012530_w000360_000405.npz
train_007580_walk_000491_000871_w000000_000045,train_007580_walk_000491_000871,MPI_HDM05/bk/HDM_bk_04-01_02_120_poses.npz,walk,walk,bk,0,45,windows/train/walk/train_007580_walk_000491_000871_w000000_000045.npz
train_007580_walk_010341_010911_w000000_000045,train_007580_walk_010341_010911,MPI_HDM05/bk/HDM_bk_04-01_02_120_poses.npz,walk,walk,bk,0,45,windows/train/walk/train_007580_walk_010341_010911_w000000_000045.npz
train_007580_walk_006271_007131_w000015_000060,train_007580_walk_006271_007131,MPI_HDM05/bk/HDM_bk_04-01_02_120_poses.npz,walk,walk,bk,15,60,windows/train/walk/train_007580_walk_006271_007131_w000015_000060.npz
train_007580_walk_006271_007131_w000030_000075,train_007580_walk_006271_007131,MPI_HDM05/bk/HDM_bk_04-01_02_120_poses.npz,walk,walk,bk,30,75,windows/train/walk/train_007580_walk_006271_007131_w000030_000075.npz
train_007580_walk_006271_007131_w000045_000090,train_007580_walk_006271_007131,MPI_HDM05/bk/HDM_bk_04-01_02_120_poses.npz,walk,walk,bk,45,90,windows/train/walk/train_007580_walk_006271_007131_w000045_000090.npz
train_007580_walk_004901_005361_w000060_000105,train_007580_walk_004901_005361,MPI_HDM05/bk/HDM_bk_04-01_02_120_poses.npz,walk,walk,bk,60,105,windows/train/walk/train_007580_walk_004901_005361_w000060_000105.npz
train_007580_walk_006271_007131_w000075_000120,train_007580_walk_006271_007131,MPI_HDM05/bk/HDM_bk_04-01_02_120_poses.npz,walk,walk,bk,75,120,windows/train/walk/train_007580_walk_006271_007131_w000075_000120.npz
train_007580_walk_010341_010911_w000090_000135,train_007580_walk_010341_010911,MPI_HDM05/bk/HDM_bk_04-01_02_120_poses.npz,walk,walk,bk,90,135,windows/train/walk/train_007580_walk_010341_010911_w000090_000135.npz
train_007580_walk_006271_007131_w000120_000165,train_007580_walk_006271_007131,MPI_HDM05/bk/HDM_bk_04-01_02_120_poses.npz,walk,walk,bk,120,165,windows/train/walk/train_007580_walk_006271_007131_w000120_000165.npz
train_007580_walk_006271_007131_w000170_000215,train_007580_walk_006271_007131,MPI_HDM05/bk/HDM_bk_04-01_02_120_poses.npz,walk,walk,bk,170,215,windows/train/walk/train_007580_walk_006271_007131_w000170_000215.npz
train_005319_unknown_mixed_000000_005544_w000000_000045,train_005319_unknown_mixed_000000_005544,MPI_HDM05/bk/HDM_bk_05-01_01_120_poses.npz,unknown_mixed,other,bk,0,45,windows/train/unknown_mixed/train_005319_unknown_mixed_000000_005544_w000000_000045.npz
train_005319_unknown_mixed_000000_005544_w000150_000195,train_005319_unknown_mixed_000000_005544,MPI_HDM05/bk/HDM_bk_05-01_01_120_poses.npz,unknown_mixed,other,bk,150,195,windows/train/unknown_mixed/train_005319_unknown_mixed_000000_005544_w000150_000195.npz
train_005319_unknown_mixed_000000_005544_w000300_000345,train_005319_unknown_mixed_000000_005544,MPI_HDM05/bk/HDM_bk_05-01_01_120_poses.npz,unknown_mixed,other,bk,300,345,windows/train/unknown_mixed/train_005319_unknown_mixed_000000_005544_w000300_000345.npz
train_005319_unknown_mixed_000000_005544_w000450_000495,train_005319_unknown_mixed_000000_005544,MPI_HDM05/bk/HDM_bk_05-01_01_120_poses.npz,unknown_mixed,other,bk,450,495,windows/train/unknown_mixed/train_005319_unknown_mixed_000000_005544_w000450_000495.npz
train_005319_unknown_mixed_000000_005544_w000600_000645,train_005319_unknown_mixed_000000_005544,MPI_HDM05/bk/HDM_bk_05-01_01_120_poses.npz,unknown_mixed,other,bk,600,645,windows/train/unknown_mixed/train_005319_unknown_mixed_000000_005544_w000600_000645.npz
train_005319_unknown_mixed_000000_005544_w000750_000795,train_005319_unknown_mixed_000000_005544,MPI_HDM05/bk/HDM_bk_05-01_01_120_poses.npz,unknown_mixed,other,bk,750,795,windows/train/unknown_mixed/train_005319_unknown_mixed_000000_005544_w000750_000795.npz
train_005319_unknown_mixed_000000_005544_w000900_000945,train_005319_unknown_mixed_000000_005544,MPI_HDM05/bk/HDM_bk_05-01_01_120_poses.npz,unknown_mixed,other,bk,900,945,windows/train/unknown_mixed/train_005319_unknown_mixed_000000_005544_w000900_000945.npz
train_005319_unknown_mixed_000000_005544_w001050_001095,train_005319_unknown_mixed_000000_005544,MPI_HDM05/bk/HDM_bk_05-01_01_120_poses.npz,unknown_mixed,other,bk,1050,1095,windows/train/unknown_mixed/train_005319_unknown_mixed_000000_005544_w001050_001095.npz
train_005319_unknown_mixed_000000_005544_w001200_001245,train_005319_unknown_mixed_000000_005544,MPI_HDM05/bk/HDM_bk_05-01_01_120_poses.npz,unknown_mixed,other,bk,1200,1245,windows/train/unknown_mixed/train_005319_unknown_mixed_000000_005544_w001200_001245.npz
train_005319_unknown_mixed_000000_005544_w001341_001386,train_005319_unknown_mixed_000000_005544,MPI_HDM05/bk/HDM_bk_05-01_01_120_poses.npz,unknown_mixed,other,bk,1341,1386,windows/train/unknown_mixed/train_005319_unknown_mixed_000000_005544_w001341_001386.npz
train_001331_idle_000768_001082_w000000_000045,train_001331_idle_000768_001082,MPI_HDM05/bk/HDM_bk_05-02_01_120_poses.npz,idle,other,bk,0,45,windows/train/idle/train_001331_idle_000768_001082_w000000_000045.npz
train_001331_idle_000768_001082_w000015_000060,train_001331_idle_000768_001082,MPI_HDM05/bk/HDM_bk_05-02_01_120_poses.npz,idle,other,bk,15,60,windows/train/idle/train_001331_idle_000768_001082_w000015_000060.npz
train_001331_idle_000768_001082_w000030_000075,train_001331_idle_000768_001082,MPI_HDM05/bk/HDM_bk_05-02_01_120_poses.npz,idle,other,bk,30,75,windows/train/idle/train_001331_idle_000768_001082_w000030_000075.npz
train_001331_unknown_mixed_000304_000768_w000045_000090,train_001331_unknown_mixed_000304_000768,MPI_HDM05/bk/HDM_bk_05-02_01_120_poses.npz,unknown_mixed,other,bk,45,90,windows/train/unknown_mixed/train_001331_unknown_mixed_000304_000768_w000045_000090.npz
train_001331_unknown_mixed_002077_003474_w000060_000105,train_001331_unknown_mixed_002077_003474,MPI_HDM05/bk/HDM_bk_05-02_01_120_poses.npz,unknown_mixed,other,bk,60,105,windows/train/unknown_mixed/train_001331_unknown_mixed_002077_003474_w000060_000105.npz
train_001331_unknown_mixed_002077_003474_w000090_000135,train_001331_unknown_mixed_002077_003474,MPI_HDM05/bk/HDM_bk_05-02_01_120_poses.npz,unknown_mixed,other,bk,90,135,windows/train/unknown_mixed/train_001331_unknown_mixed_002077_003474_w000090_000135.npz
train_001331_unknown_mixed_002077_003474_w000120_000165,train_001331_unknown_mixed_002077_003474,MPI_HDM05/bk/HDM_bk_05-02_01_120_poses.npz,unknown_mixed,other,bk,120,165,windows/train/unknown_mixed/train_001331_unknown_mixed_002077_003474_w000120_000165.npz
train_001331_unknown_mixed_002077_003474_w000150_000195,train_001331_unknown_mixed_002077_003474,MPI_HDM05/bk/HDM_bk_05-02_01_120_poses.npz,unknown_mixed,other,bk,150,195,windows/train/unknown_mixed/train_001331_unknown_mixed_002077_003474_w000150_000195.npz
train_001331_unknown_mixed_002077_003474_w000225_000270,train_001331_unknown_mixed_002077_003474,MPI_HDM05/bk/HDM_bk_05-02_01_120_poses.npz,unknown_mixed,other,bk,225,270,windows/train/unknown_mixed/train_001331_unknown_mixed_002077_003474_w000225_000270.npz
train_001331_unknown_mixed_002077_003474_w000305_000350,train_001331_unknown_mixed_002077_003474,MPI_HDM05/bk/HDM_bk_05-02_01_120_poses.npz,unknown_mixed,other,bk,305,350,windows/train/unknown_mixed/train_001331_unknown_mixed_002077_003474_w000305_000350.npz
train_008394_idle_000246_000562_w000000_000045,train_008394_idle_000246_000562,MPI_HDM05/bk/HDM_bk_05-02_03_120_poses.npz,idle,other,bk,0,45,windows/train/idle/train_008394_idle_000246_000562_w000000_000045.npz
train_008394_unknown_mixed_001244_001920_w000000_000045,train_008394_unknown_mixed_001244_001920,MPI_HDM05/bk/HDM_bk_05-02_03_120_poses.npz,unknown_mixed,other,bk,0,45,windows/train/unknown_mixed/train_008394_unknown_mixed_001244_001920_w000000_000045.npz
train_008394_idle_002613_002924_w000015_000060,train_008394_idle_002613_002924,MPI_HDM05/bk/HDM_bk_05-02_03_120_poses.npz,idle,other,bk,15,60,windows/train/idle/train_008394_idle_002613_002924_w000015_000060.npz
train_008394_unknown_mixed_002128_002613_w000015_000060,train_008394_unknown_mixed_002128_002613,MPI_HDM05/bk/HDM_bk_05-02_03_120_poses.npz,unknown_mixed,other,bk,15,60,windows/train/unknown_mixed/train_008394_unknown_mixed_002128_002613_w000015_000060.npz
train_008394_idle_000246_000562_w000030_000075,train_008394_idle_000246_000562,MPI_HDM05/bk/HDM_bk_05-02_03_120_poses.npz,idle,other,bk,30,75,windows/train/idle/train_008394_idle_000246_000562_w000030_000075.npz
train_008394_idle_002613_002924_w000033_000078,train_008394_idle_002613_002924,MPI_HDM05/bk/HDM_bk_05-02_03_120_poses.npz,idle,other,bk,33,78,windows/train/idle/train_008394_idle_002613_002924_w000033_000078.npz
train_008394_unknown_mixed_000562_001075_w000060_000105,train_008394_unknown_mixed_000562_001075,MPI_HDM05/bk/HDM_bk_05-02_03_120_poses.npz,unknown_mixed,other,bk,60,105,windows/train/unknown_mixed/train_008394_unknown_mixed_000562_001075_w000060_000105.npz
train_008394_unknown_mixed_001244_001920_w000075_000120,train_008394_unknown_mixed_001244_001920,MPI_HDM05/bk/HDM_bk_05-02_03_120_poses.npz,unknown_mixed,other,bk,75,120,windows/train/unknown_mixed/train_008394_unknown_mixed_001244_001920_w000075_000120.npz
train_008394_unknown_mixed_002924_003636_w000090_000135,train_008394_unknown_mixed_002924_003636,MPI_HDM05/bk/HDM_bk_05-02_03_120_poses.npz,unknown_mixed,other,bk,90,135,windows/train/unknown_mixed/train_008394_unknown_mixed_002924_003636_w000090_000135.npz
train_008394_unknown_mixed_002924_003636_w000133_000178,train_008394_unknown_mixed_002924_003636,MPI_HDM05/bk/HDM_bk_05-02_03_120_poses.npz,unknown_mixed,other,bk,133,178,windows/train/unknown_mixed/train_008394_unknown_mixed_002924_003636_w000133_000178.npz
train_000912_unknown_mixed_000000_000330_w000000_000045,train_000912_unknown_mixed_000000_000330,MPI_HDM05/bk/HDM_bk_05-03_01_120_poses.npz,unknown_mixed,other,bk,0,45,windows/train/unknown_mixed/train_000912_unknown_mixed_000000_000330_w000000_000045.npz
train_000912_unknown_mixed_002799_003548_w000000_000045,train_000912_unknown_mixed_002799_003548,MPI_HDM05/bk/HDM_bk_05-03_01_120_poses.npz,unknown_mixed,other,bk,0,45,windows/train/unknown_mixed/train_000912_unknown_mixed_002799_003548_w000000_000045.npz
train_000912_unknown_mixed_002532_002745_w000009_000054,train_000912_unknown_mixed_002532_002745,MPI_HDM05/bk/HDM_bk_05-03_01_120_poses.npz,unknown_mixed,other,bk,9,54,windows/train/unknown_mixed/train_000912_unknown_mixed_002532_002745_w000009_000054.npz
train_000912_unknown_mixed_000000_000330_w000015_000060,train_000912_unknown_mixed_000000_000330,MPI_HDM05/bk/HDM_bk_05-03_01_120_poses.npz,unknown_mixed,other,bk,15,60,windows/train/unknown_mixed/train_000912_unknown_mixed_000000_000330_w000015_000060.npz
train_000912_unknown_mixed_000000_000330_w000030_000075,train_000912_unknown_mixed_000000_000330,MPI_HDM05/bk/HDM_bk_05-03_01_120_poses.npz,unknown_mixed,other,bk,30,75,windows/train/unknown_mixed/train_000912_unknown_mixed_000000_000330_w000030_000075.npz
train_000912_unknown_mixed_000000_000330_w000038_000083,train_000912_unknown_mixed_000000_000330,MPI_HDM05/bk/HDM_bk_05-03_01_120_poses.npz,unknown_mixed,other,bk,38,83,windows/train/unknown_mixed/train_000912_unknown_mixed_000000_000330_w000038_000083.npz
train_000912_unknown_mixed_002799_003548_w000060_000105,train_000912_unknown_mixed_002799_003548,MPI_HDM05/bk/HDM_bk_05-03_01_120_poses.npz,unknown_mixed,other,bk,60,105,windows/train/unknown_mixed/train_000912_unknown_mixed_002799_003548_w000060_000105.npz
train_000912_unknown_mixed_002799_003548_w000090_000135,train_000912_unknown_mixed_002799_003548,MPI_HDM05/bk/HDM_bk_05-03_01_120_poses.npz,unknown_mixed,other,bk,90,135,windows/train/unknown_mixed/train_000912_unknown_mixed_002799_003548_w000090_000135.npz
train_000912_unknown_mixed_002799_003548_w000120_000165,train_000912_unknown_mixed_002799_003548,MPI_HDM05/bk/HDM_bk_05-03_01_120_poses.npz,unknown_mixed,other,bk,120,165,windows/train/unknown_mixed/train_000912_unknown_mixed_002799_003548_w000120_000165.npz
train_000912_unknown_mixed_002799_003548_w000143_000188,train_000912_unknown_mixed_002799_003548,MPI_HDM05/bk/HDM_bk_05-03_01_120_poses.npz,unknown_mixed,other,bk,143,188,windows/train/unknown_mixed/train_000912_unknown_mixed_002799_003548_w000143_000188.npz
train_000912_run_000687_001056_w000000_000045,train_000912_run_000687_001056,MPI_HDM05/bk/HDM_bk_05-03_01_120_poses.npz,run,run,bk,0,45,windows/train/run/train_000912_run_000687_001056_w000000_000045.npz
train_000912_run_001992_002532_w000000_000045,train_000912_run_001992_002532,MPI_HDM05/bk/HDM_bk_05-03_01_120_poses.npz,run,run,bk,0,45,windows/train/run/train_000912_run_001992_002532_w000000_000045.npz
train_000912_run_000687_001056_w000015_000060,train_000912_run_000687_001056,MPI_HDM05/bk/HDM_bk_05-03_01_120_poses.npz,run,run,bk,15,60,windows/train/run/train_000912_run_000687_001056_w000015_000060.npz
train_000912_run_000687_001056_w000030_000075,train_000912_run_000687_001056,MPI_HDM05/bk/HDM_bk_05-03_01_120_poses.npz,run,run,bk,30,75,windows/train/run/train_000912_run_000687_001056_w000030_000075.npz
train_000912_run_001992_002532_w000030_000075,train_000912_run_001992_002532,MPI_HDM05/bk/HDM_bk_05-03_01_120_poses.npz,run,run,bk,30,75,windows/train/run/train_000912_run_001992_002532_w000030_000075.npz
train_000912_run_000687_001056_w000045_000090,train_000912_run_000687_001056,MPI_HDM05/bk/HDM_bk_05-03_01_120_poses.npz,run,run,bk,45,90,windows/train/run/train_000912_run_000687_001056_w000045_000090.npz
train_000912_run_001992_002532_w000045_000090,train_000912_run_001992_002532,MPI_HDM05/bk/HDM_bk_05-03_01_120_poses.npz,run,run,bk,45,90,windows/train/run/train_000912_run_001992_002532_w000045_000090.npz
train_000912_run_001992_002532_w000060_000105,train_000912_run_001992_002532,MPI_HDM05/bk/HDM_bk_05-03_01_120_poses.npz,run,run,bk,60,105,windows/train/run/train_000912_run_001992_002532_w000060_000105.npz
train_000912_run_001992_002532_w000075_000120,train_000912_run_001992_002532,MPI_HDM05/bk/HDM_bk_05-03_01_120_poses.npz,run,run,bk,75,120,windows/train/run/train_000912_run_001992_002532_w000075_000120.npz
train_000912_run_001992_002532_w000090_000135,train_000912_run_001992_002532,MPI_HDM05/bk/HDM_bk_05-03_01_120_poses.npz,run,run,bk,90,135,windows/train/run/train_000912_run_001992_002532_w000090_000135.npz
train_000912_walk_000330_000543_w000000_000045,train_000912_walk_000330_000543,MPI_HDM05/bk/HDM_bk_05-03_01_120_poses.npz,walk,walk,bk,0,45,windows/train/walk/train_000912_walk_000330_000543_w000000_000045.npz
train_000912_walk_003548_003908_w000000_000045,train_000912_walk_003548_003908,MPI_HDM05/bk/HDM_bk_05-03_01_120_poses.npz,walk,walk,bk,0,45,windows/train/walk/train_000912_walk_003548_003908_w000000_000045.npz
train_000912_walk_000330_000543_w000009_000054,train_000912_walk_000330_000543,MPI_HDM05/bk/HDM_bk_05-03_01_120_poses.npz,walk,walk,bk,9,54,windows/train/walk/train_000912_walk_000330_000543_w000009_000054.npz
train_000912_walk_003548_003908_w000015_000060,train_000912_walk_003548_003908,MPI_HDM05/bk/HDM_bk_05-03_01_120_poses.npz,walk,walk,bk,15,60,windows/train/walk/train_000912_walk_003548_003908_w000015_000060.npz
train_000912_walk_001221_001860_w000030_000075,train_000912_walk_001221_001860,MPI_HDM05/bk/HDM_bk_05-03_01_120_poses.npz,walk,walk,bk,30,75,windows/train/walk/train_000912_walk_001221_001860_w000030_000075.npz
train_000912_walk_001221_001860_w000045_000090,train_000912_walk_001221_001860,MPI_HDM05/bk/HDM_bk_05-03_01_120_poses.npz,walk,walk,bk,45,90,windows/train/walk/train_000912_walk_001221_001860_w000045_000090.npz
train_000912_walk_003548_003908_w000045_000090,train_000912_walk_003548_003908,MPI_HDM05/bk/HDM_bk_05-03_01_120_poses.npz,walk,walk,bk,45,90,windows/train/walk/train_000912_walk_003548_003908_w000045_000090.npz
train_000912_walk_001221_001860_w000075_000120,train_000912_walk_001221_001860,MPI_HDM05/bk/HDM_bk_05-03_01_120_poses.npz,walk,walk,bk,75,120,windows/train/walk/train_000912_walk_001221_001860_w000075_000120.npz
train_000912_walk_001221_001860_w000090_000135,train_000912_walk_001221_001860,MPI_HDM05/bk/HDM_bk_05-03_01_120_poses.npz,walk,walk,bk,90,135,windows/train/walk/train_000912_walk_001221_001860_w000090_000135.npz
train_000912_walk_001221_001860_w000115_000160,train_000912_walk_001221_001860,MPI_HDM05/bk/HDM_bk_05-03_01_120_poses.npz,walk,walk,bk,115,160,windows/train/walk/train_000912_walk_001221_001860_w000115_000160.npz
train_006451_idle_000338_000713_w000000_000045,train_006451_idle_000338_000713,MPI_HDM05/bk/HDM_bk_05-03_02_120_poses.npz,idle,other,bk,0,45,windows/train/idle/train_006451_idle_000338_000713_w000000_000045.npz
train_006451_unknown_mixed_001567_001807_w000000_000045,train_006451_unknown_mixed_001567_001807,MPI_HDM05/bk/HDM_bk_05-03_02_120_poses.npz,unknown_mixed,other,bk,0,45,windows/train/unknown_mixed/train_006451_unknown_mixed_001567_001807_w000000_000045.npz
train_006451_unknown_mixed_003451_004153_w000000_000045,train_006451_unknown_mixed_003451_004153,MPI_HDM05/bk/HDM_bk_05-03_02_120_poses.npz,unknown_mixed,other,bk,0,45,windows/train/unknown_mixed/train_006451_unknown_mixed_003451_004153_w000000_000045.npz
train_006451_idle_000338_000713_w000015_000060,train_006451_idle_000338_000713,MPI_HDM05/bk/HDM_bk_05-03_02_120_poses.npz,idle,other,bk,15,60,windows/train/idle/train_006451_idle_000338_000713_w000015_000060.npz
train_006451_unknown_mixed_001567_001807_w000015_000060,train_006451_unknown_mixed_001567_001807,MPI_HDM05/bk/HDM_bk_05-03_02_120_poses.npz,unknown_mixed,other,bk,15,60,windows/train/unknown_mixed/train_006451_unknown_mixed_001567_001807_w000015_000060.npz
train_006451_unknown_mixed_000903_001208_w000030_000075,train_006451_unknown_mixed_000903_001208,MPI_HDM05/bk/HDM_bk_05-03_02_120_poses.npz,unknown_mixed,other,bk,30,75,windows/train/unknown_mixed/train_006451_unknown_mixed_000903_001208_w000030_000075.npz
train_006451_unknown_mixed_000000_000338_w000040_000085,train_006451_unknown_mixed_000000_000338,MPI_HDM05/bk/HDM_bk_05-03_02_120_poses.npz,unknown_mixed,other,bk,40,85,windows/train/unknown_mixed/train_006451_unknown_mixed_000000_000338_w000040_000085.npz
train_006451_idle_000338_000713_w000049_000094,train_006451_idle_000338_000713,MPI_HDM05/bk/HDM_bk_05-03_02_120_poses.npz,idle,other,bk,49,94,windows/train/idle/train_006451_idle_000338_000713_w000049_000094.npz
train_006451_unknown_mixed_003451_004153_w000090_000135,train_006451_unknown_mixed_003451_004153,MPI_HDM05/bk/HDM_bk_05-03_02_120_poses.npz,unknown_mixed,other,bk,90,135,windows/train/unknown_mixed/train_006451_unknown_mixed_003451_004153_w000090_000135.npz
train_006451_unknown_mixed_003451_004153_w000131_000176,train_006451_unknown_mixed_003451_004153,MPI_HDM05/bk/HDM_bk_05-03_02_120_poses.npz,unknown_mixed,other,bk,131,176,windows/train/unknown_mixed/train_006451_unknown_mixed_003451_004153_w000131_000176.npz
train_006451_walk_000713_000903_w000000_000045,train_006451_walk_000713_000903,MPI_HDM05/bk/HDM_bk_05-03_02_120_poses.npz,walk,walk,bk,0,45,windows/train/walk/train_006451_walk_000713_000903_w000000_000045.npz
train_006451_walk_001807_002461_w000000_000045,train_006451_walk_001807_002461,MPI_HDM05/bk/HDM_bk_05-03_02_120_poses.npz,walk,walk,bk,0,45,windows/train/walk/train_006451_walk_001807_002461_w000000_000045.npz
train_006451_walk_000713_000903_w000003_000048,train_006451_walk_000713_000903,MPI_HDM05/bk/HDM_bk_05-03_02_120_poses.npz,walk,walk,bk,3,48,windows/train/walk/train_006451_walk_000713_000903_w000003_000048.npz
train_006451_walk_001807_002461_w000015_000060,train_006451_walk_001807_002461,MPI_HDM05/bk/HDM_bk_05-03_02_120_poses.npz,walk,walk,bk,15,60,windows/train/walk/train_006451_walk_001807_002461_w000015_000060.npz
train_006451_walk_001208_001567_w000030_000075,train_006451_walk_001208_001567,MPI_HDM05/bk/HDM_bk_05-03_02_120_poses.npz,walk,walk,bk,30,75,windows/train/walk/train_006451_walk_001208_001567_w000030_000075.npz
train_006451_walk_001208_001567_w000045_000090,train_006451_walk_001208_001567,MPI_HDM05/bk/HDM_bk_05-03_02_120_poses.npz,walk,walk,bk,45,90,windows/train/walk/train_006451_walk_001208_001567_w000045_000090.npz
train_006451_walk_002683_003157_w000045_000090,train_006451_walk_002683_003157,MPI_HDM05/bk/HDM_bk_05-03_02_120_poses.npz,walk,walk,bk,45,90,windows/train/walk/train_006451_walk_002683_003157_w000045_000090.npz
train_006451_walk_002683_003157_w000060_000105,train_006451_walk_002683_003157,MPI_HDM05/bk/HDM_bk_05-03_02_120_poses.npz,walk,walk,bk,60,105,windows/train/walk/train_006451_walk_002683_003157_w000060_000105.npz
train_006451_walk_001807_002461_w000090_000135,train_006451_walk_001807_002461,MPI_HDM05/bk/HDM_bk_05-03_02_120_poses.npz,walk,walk,bk,90,135,windows/train/walk/train_006451_walk_001807_002461_w000090_000135.npz
train_006451_walk_001807_002461_w000119_000164,train_006451_walk_001807_002461,MPI_HDM05/bk/HDM_bk_05-03_02_120_poses.npz,walk,walk,bk,119,164,windows/train/walk/train_006451_walk_001807_002461_w000119_000164.npz
train_008280_jump_acrobatic_002865_003173_w000000_000045,train_008280_jump_acrobatic_002865_003173,MPI_HDM05/bk/HDM_bk_05-03_03_120_poses.npz,jump_acrobatic,other,bk,0,45,windows/train/jump_acrobatic/train_008280_jump_acrobatic_002865_003173_w000000_000045.npz
train_008280_unknown_mixed_002500_002865_w000000_000045,train_008280_unknown_mixed_002500_002865,MPI_HDM05/bk/HDM_bk_05-03_03_120_poses.npz,unknown_mixed,other,bk,0,45,windows/train/unknown_mixed/train_008280_unknown_mixed_002500_002865_w000000_000045.npz
train_008280_unknown_mixed_003173_003353_w000000_000045,train_008280_unknown_mixed_003173_003353,MPI_HDM05/bk/HDM_bk_05-03_03_120_poses.npz,unknown_mixed,other,bk,0,45,windows/train/unknown_mixed/train_008280_unknown_mixed_003173_003353_w000000_000045.npz
train_008280_unknown_mixed_003680_003909_w000013_000058,train_008280_unknown_mixed_003680_003909,MPI_HDM05/bk/HDM_bk_05-03_03_120_poses.npz,unknown_mixed,other,bk,13,58,windows/train/unknown_mixed/train_008280_unknown_mixed_003680_003909_w000013_000058.npz
train_008280_jump_acrobatic_002865_003173_w000015_000060,train_008280_jump_acrobatic_002865_003173,MPI_HDM05/bk/HDM_bk_05-03_03_120_poses.npz,jump_acrobatic,other,bk,15,60,windows/train/jump_acrobatic/train_008280_jump_acrobatic_002865_003173_w000015_000060.npz
train_008280_unknown_mixed_002500_002865_w000015_000060,train_008280_unknown_mixed_002500_002865,MPI_HDM05/bk/HDM_bk_05-03_03_120_poses.npz,unknown_mixed,other,bk,15,60,windows/train/unknown_mixed/train_008280_unknown_mixed_002500_002865_w000015_000060.npz
train_008280_unknown_mixed_000000_000263_w000021_000066,train_008280_unknown_mixed_000000_000263,MPI_HDM05/bk/HDM_bk_05-03_03_120_poses.npz,unknown_mixed,other,bk,21,66,windows/train/unknown_mixed/train_008280_unknown_mixed_000000_000263_w000021_000066.npz
train_008280_unknown_mixed_002500_002865_w000030_000075,train_008280_unknown_mixed_002500_002865,MPI_HDM05/bk/HDM_bk_05-03_03_120_poses.npz,unknown_mixed,other,bk,30,75,windows/train/unknown_mixed/train_008280_unknown_mixed_002500_002865_w000030_000075.npz
train_008280_jump_acrobatic_002865_003173_w000032_000077,train_008280_jump_acrobatic_002865_003173,MPI_HDM05/bk/HDM_bk_05-03_03_120_poses.npz,jump_acrobatic,other,bk,32,77,windows/train/jump_acrobatic/train_008280_jump_acrobatic_002865_003173_w000032_000077.npz
train_008280_unknown_mixed_002500_002865_w000047_000092,train_008280_unknown_mixed_002500_002865,MPI_HDM05/bk/HDM_bk_05-03_03_120_poses.npz,unknown_mixed,other,bk,47,92,windows/train/unknown_mixed/train_008280_unknown_mixed_002500_002865_w000047_000092.npz
train_008280_run_002140_002500_w000000_000045,train_008280_run_002140_002500,MPI_HDM05/bk/HDM_bk_05-03_03_120_poses.npz,run,run,bk,0,45,windows/train/run/train_008280_run_002140_002500_w000000_000045.npz
train_008280_run_002140_002500_w000015_000060,train_008280_run_002140_002500,MPI_HDM05/bk/HDM_bk_05-03_03_120_poses.npz,run,run,bk,15,60,windows/train/run/train_008280_run_002140_002500_w000015_000060.npz
train_008280_run_002140_002500_w000030_000075,train_008280_run_002140_002500,MPI_HDM05/bk/HDM_bk_05-03_03_120_poses.npz,run,run,bk,30,75,windows/train/run/train_008280_run_002140_002500_w000030_000075.npz
train_008280_run_002140_002500_w000045_000090,train_008280_run_002140_002500,MPI_HDM05/bk/HDM_bk_05-03_03_120_poses.npz,run,run,bk,45,90,windows/train/run/train_008280_run_002140_002500_w000045_000090.npz
train_008280_walk_000263_000950_w000000_000045,train_008280_walk_000263_000950,MPI_HDM05/bk/HDM_bk_05-03_03_120_poses.npz,walk,walk,bk,0,45,windows/train/walk/train_008280_walk_000263_000950_w000000_000045.npz
train_008280_walk_003353_003680_w000000_000045,train_008280_walk_003353_003680,MPI_HDM05/bk/HDM_bk_05-03_03_120_poses.npz,walk,walk,bk,0,45,windows/train/walk/train_008280_walk_003353_003680_w000000_000045.npz
train_008280_walk_003353_003680_w000015_000060,train_008280_walk_003353_003680,MPI_HDM05/bk/HDM_bk_05-03_03_120_poses.npz,walk,walk,bk,15,60,windows/train/walk/train_008280_walk_003353_003680_w000015_000060.npz
train_008280_walk_000263_000950_w000030_000075,train_008280_walk_000263_000950,MPI_HDM05/bk/HDM_bk_05-03_03_120_poses.npz,walk,walk,bk,30,75,windows/train/walk/train_008280_walk_000263_000950_w000030_000075.npz
train_008280_walk_003353_003680_w000037_000082,train_008280_walk_003353_003680,MPI_HDM05/bk/HDM_bk_05-03_03_120_poses.npz,walk,walk,bk,37,82,windows/train/walk/train_008280_walk_003353_003680_w000037_000082.npz
train_008280_walk_000263_000950_w000045_000090,train_008280_walk_000263_000950,MPI_HDM05/bk/HDM_bk_05-03_03_120_poses.npz,walk,walk,bk,45,90,windows/train/walk/train_008280_walk_000263_000950_w000045_000090.npz
train_008280_walk_000263_000950_w000075_000120,train_008280_walk_000263_000950,MPI_HDM05/bk/HDM_bk_05-03_03_120_poses.npz,walk,walk,bk,75,120,windows/train/walk/train_008280_walk_000263_000950_w000075_000120.npz
train_008280_walk_000263_000950_w000090_000135,train_008280_walk_000263_000950,MPI_HDM05/bk/HDM_bk_05-03_03_120_poses.npz,walk,walk,bk,90,135,windows/train/walk/train_008280_walk_000263_000950_w000090_000135.npz
train_008280_walk_000263_000950_w000120_000165,train_008280_walk_000263_000950,MPI_HDM05/bk/HDM_bk_05-03_03_120_poses.npz,walk,walk,bk,120,165,windows/train/walk/train_008280_walk_000263_000950_w000120_000165.npz
train_008280_walk_000263_000950_w000127_000172,train_008280_walk_000263_000950,MPI_HDM05/bk/HDM_bk_05-03_03_120_poses.npz,walk,walk,bk,127,172,windows/train/walk/train_008280_walk_000263_000950_w000127_000172.npz
train_002510_unknown_mixed_000000_000857_w000000_000045,train_002510_unknown_mixed_000000_000857,MPI_HDM05/dg/HDM_dg_01-01_01_120_poses.npz,unknown_mixed,other,dg,0,45,windows/train/unknown_mixed/train_002510_unknown_mixed_000000_000857_w000000_000045.npz
train_002510_unknown_mixed_006134_006377_w000000_000045,train_002510_unknown_mixed_006134_006377,MPI_HDM05/dg/HDM_dg_01-01_01_120_poses.npz,unknown_mixed,other,dg,0,45,windows/train/unknown_mixed/train_002510_unknown_mixed_006134_006377_w000000_000045.npz
train_002510_unknown_mixed_001826_002623_w000015_000060,train_002510_unknown_mixed_001826_002623,MPI_HDM05/dg/HDM_dg_01-01_01_120_poses.npz,unknown_mixed,other,dg,15,60,windows/train/unknown_mixed/train_002510_unknown_mixed_001826_002623_w000015_000060.npz
train_002510_unknown_mixed_006134_006377_w000016_000061,train_002510_unknown_mixed_006134_006377,MPI_HDM05/dg/HDM_dg_01-01_01_120_poses.npz,unknown_mixed,other,dg,16,61,windows/train/unknown_mixed/train_002510_unknown_mixed_006134_006377_w000016_000061.npz
train_002510_unknown_mixed_006943_007542_w000030_000075,train_002510_unknown_mixed_006943_007542,MPI_HDM05/dg/HDM_dg_01-01_01_120_poses.npz,unknown_mixed,other,dg,30,75,windows/train/unknown_mixed/train_002510_unknown_mixed_006943_007542_w000030_000075.npz
train_002510_unknown_mixed_001826_002623_w000060_000105,train_002510_unknown_mixed_001826_002623,MPI_HDM05/dg/HDM_dg_01-01_01_120_poses.npz,unknown_mixed,other,dg,60,105,windows/train/unknown_mixed/train_002510_unknown_mixed_001826_002623_w000060_000105.npz
train_002510_unknown_mixed_000000_000857_w000090_000135,train_002510_unknown_mixed_000000_000857,MPI_HDM05/dg/HDM_dg_01-01_01_120_poses.npz,unknown_mixed,other,dg,90,135,windows/train/unknown_mixed/train_002510_unknown_mixed_000000_000857_w000090_000135.npz
train_002510_unknown_mixed_001826_002623_w000105_000150,train_002510_unknown_mixed_001826_002623,MPI_HDM05/dg/HDM_dg_01-01_01_120_poses.npz,unknown_mixed,other,dg,105,150,windows/train/unknown_mixed/train_002510_unknown_mixed_001826_002623_w000105_000150.npz
train_002510_unknown_mixed_001826_002623_w000135_000180,train_002510_unknown_mixed_001826_002623,MPI_HDM05/dg/HDM_dg_01-01_01_120_poses.npz,unknown_mixed,other,dg,135,180,windows/train/unknown_mixed/train_002510_unknown_mixed_001826_002623_w000135_000180.npz
train_002510_unknown_mixed_000000_000857_w000170_000215,train_002510_unknown_mixed_000000_000857,MPI_HDM05/dg/HDM_dg_01-01_01_120_poses.npz,unknown_mixed,other,dg,170,215,windows/train/unknown_mixed/train_002510_unknown_mixed_000000_000857_w000170_000215.npz
train_002510_walk_000857_001183_w000000_000045,train_002510_walk_000857_001183,MPI_HDM05/dg/HDM_dg_01-01_01_120_poses.npz,walk,walk,dg,0,45,windows/train/walk/train_002510_walk_000857_001183_w000000_000045.npz
train_002510_walk_004992_005386_w000000_000045,train_002510_walk_004992_005386,MPI_HDM05/dg/HDM_dg_01-01_01_120_poses.npz,walk,walk,dg,0,45,windows/train/walk/train_002510_walk_004992_005386_w000000_000045.npz
train_002510_walk_003197_003677_w000015_000060,train_002510_walk_003197_003677,MPI_HDM05/dg/HDM_dg_01-01_01_120_poses.npz,walk,walk,dg,15,60,windows/train/walk/train_002510_walk_003197_003677_w000015_000060.npz
train_002510_walk_000857_001183_w000030_000075,train_002510_walk_000857_001183,MPI_HDM05/dg/HDM_dg_01-01_01_120_poses.npz,walk,walk,dg,30,75,windows/train/walk/train_002510_walk_000857_001183_w000030_000075.npz
train_002510_walk_004992_005386_w000030_000075,train_002510_walk_004992_005386,MPI_HDM05/dg/HDM_dg_01-01_01_120_poses.npz,walk,walk,dg,30,75,windows/train/walk/train_002510_walk_004992_005386_w000030_000075.npz
train_002510_walk_003715_004241_w000045_000090,train_002510_walk_003715_004241,MPI_HDM05/dg/HDM_dg_01-01_01_120_poses.npz,walk,walk,dg,45,90,windows/train/walk/train_002510_walk_003715_004241_w000045_000090.npz
train_002510_walk_004992_005386_w000054_000099,train_002510_walk_004992_005386,MPI_HDM05/dg/HDM_dg_01-01_01_120_poses.npz,walk,walk,dg,54,99,windows/train/walk/train_002510_walk_004992_005386_w000054_000099.npz
train_002510_walk_006377_006943_w000060_000105,train_002510_walk_006377_006943,MPI_HDM05/dg/HDM_dg_01-01_01_120_poses.npz,walk,walk,dg,60,105,windows/train/walk/train_002510_walk_006377_006943_w000060_000105.npz
train_002510_walk_006377_006943_w000075_000120,train_002510_walk_006377_006943,MPI_HDM05/dg/HDM_dg_01-01_01_120_poses.npz,walk,walk,dg,75,120,windows/train/walk/train_002510_walk_006377_006943_w000075_000120.npz
train_002510_walk_002623_003194_w000098_000143,train_002510_walk_002623_003194,MPI_HDM05/dg/HDM_dg_01-01_01_120_poses.npz,walk,walk,dg,98,143,windows/train/walk/train_002510_walk_002623_003194_w000098_000143.npz
train_004607_unknown_mixed_000000_000691_w000000_000045,train_004607_unknown_mixed_000000_000691,MPI_HDM05/dg/HDM_dg_01-01_03_120_poses.npz,unknown_mixed,other,dg,0,45,windows/train/unknown_mixed/train_004607_unknown_mixed_000000_000691_w000000_000045.npz
train_004607_unknown_mixed_007496_007687_w000003_000048,train_004607_unknown_mixed_007496_007687,MPI_HDM05/dg/HDM_dg_01-01_03_120_poses.npz,unknown_mixed,other,dg,3,48,windows/train/unknown_mixed/train_004607_unknown_mixed_007496_007687_w000003_000048.npz
train_004607_unknown_mixed_000000_000691_w000045_000090,train_004607_unknown_mixed_000000_000691,MPI_HDM05/dg/HDM_dg_01-01_03_120_poses.npz,unknown_mixed,other,dg,45,90,windows/train/unknown_mixed/train_004607_unknown_mixed_000000_000691_w000045_000090.npz
train_004607_unknown_mixed_000000_000691_w000090_000135,train_004607_unknown_mixed_000000_000691,MPI_HDM05/dg/HDM_dg_01-01_03_120_poses.npz,unknown_mixed,other,dg,90,135,windows/train/unknown_mixed/train_004607_unknown_mixed_000000_000691_w000090_000135.npz
train_004607_unknown_mixed_002386_004536_w000120_000165,train_004607_unknown_mixed_002386_004536,MPI_HDM05/dg/HDM_dg_01-01_03_120_poses.npz,unknown_mixed,other,dg,120,165,windows/train/unknown_mixed/train_004607_unknown_mixed_002386_004536_w000120_000165.npz
train_004607_unknown_mixed_002386_004536_w000180_000225,train_004607_unknown_mixed_002386_004536,MPI_HDM05/dg/HDM_dg_01-01_03_120_poses.npz,unknown_mixed,other,dg,180,225,windows/train/unknown_mixed/train_004607_unknown_mixed_002386_004536_w000180_000225.npz
train_004607_unknown_mixed_002386_004536_w000255_000300,train_004607_unknown_mixed_002386_004536,MPI_HDM05/dg/HDM_dg_01-01_03_120_poses.npz,unknown_mixed,other,dg,255,300,windows/train/unknown_mixed/train_004607_unknown_mixed_002386_004536_w000255_000300.npz
train_004607_unknown_mixed_002386_004536_w000345_000390,train_004607_unknown_mixed_002386_004536,MPI_HDM05/dg/HDM_dg_01-01_03_120_poses.npz,unknown_mixed,other,dg,345,390,windows/train/unknown_mixed/train_004607_unknown_mixed_002386_004536_w000345_000390.npz
train_004607_unknown_mixed_002386_004536_w000420_000465,train_004607_unknown_mixed_002386_004536,MPI_HDM05/dg/HDM_dg_01-01_03_120_poses.npz,unknown_mixed,other,dg,420,465,windows/train/unknown_mixed/train_004607_unknown_mixed_002386_004536_w000420_000465.npz
train_004607_unknown_mixed_002386_004536_w000493_000538,train_004607_unknown_mixed_002386_004536,MPI_HDM05/dg/HDM_dg_01-01_03_120_poses.npz,unknown_mixed,other,dg,493,538,windows/train/unknown_mixed/train_004607_unknown_mixed_002386_004536_w000493_000538.npz
train_004607_walk_000691_001161_w000000_000045,train_004607_walk_000691_001161,MPI_HDM05/dg/HDM_dg_01-01_03_120_poses.npz,walk,walk,dg,0,45,windows/train/walk/train_004607_walk_000691_001161_w000000_000045.npz
train_004607_walk_006646_007131_w000000_000045,train_004607_walk_006646_007131,MPI_HDM05/dg/HDM_dg_01-01_03_120_poses.npz,walk,walk,dg,0,45,windows/train/walk/train_004607_walk_006646_007131_w000000_000045.npz
train_004607_walk_001931_002386_w000015_000060,train_004607_walk_001931_002386,MPI_HDM05/dg/HDM_dg_01-01_03_120_poses.npz,walk,walk,dg,15,60,windows/train/walk/train_004607_walk_001931_002386_w000015_000060.npz
train_004607_walk_001291_001811_w000030_000075,train_004607_walk_001291_001811,MPI_HDM05/dg/HDM_dg_01-01_03_120_poses.npz,walk,walk,dg,30,75,windows/train/walk/train_004607_walk_001291_001811_w000030_000075.npz
train_004607_walk_006646_007131_w000030_000075,train_004607_walk_006646_007131,MPI_HDM05/dg/HDM_dg_01-01_03_120_poses.npz,walk,walk,dg,30,75,windows/train/walk/train_004607_walk_006646_007131_w000030_000075.npz
train_004607_walk_005811_006461_w000045_000090,train_004607_walk_005811_006461,MPI_HDM05/dg/HDM_dg_01-01_03_120_poses.npz,walk,walk,dg,45,90,windows/train/walk/train_004607_walk_005811_006461_w000045_000090.npz
train_004607_walk_004536_004986_w000060_000105,train_004607_walk_004536_004986,MPI_HDM05/dg/HDM_dg_01-01_03_120_poses.npz,walk,walk,dg,60,105,windows/train/walk/train_004607_walk_004536_004986_w000060_000105.npz
train_004607_walk_000691_001161_w000073_000118,train_004607_walk_000691_001161,MPI_HDM05/dg/HDM_dg_01-01_03_120_poses.npz,walk,walk,dg,73,118,windows/train/walk/train_004607_walk_000691_001161_w000073_000118.npz
train_004607_walk_006646_007131_w000077_000122,train_004607_walk_006646_007131,MPI_HDM05/dg/HDM_dg_01-01_03_120_poses.npz,walk,walk,dg,77,122,windows/train/walk/train_004607_walk_006646_007131_w000077_000122.npz
train_004607_walk_005811_006461_w000118_000163,train_004607_walk_005811_006461,MPI_HDM05/dg/HDM_dg_01-01_03_120_poses.npz,walk,walk,dg,118,163,windows/train/walk/train_004607_walk_005811_006461_w000118_000163.npz
train_007299_unknown_mixed_000000_000200_w000000_000045,train_007299_unknown_mixed_000000_000200,MPI_HDM05/dg/HDM_dg_01-01_04_120_poses.npz,unknown_mixed,other,dg,0,45,windows/train/unknown_mixed/train_007299_unknown_mixed_000000_000200_w000000_000045.npz
train_007299_unknown_mixed_007448_007647_w000000_000045,train_007299_unknown_mixed_007448_007647,MPI_HDM05/dg/HDM_dg_01-01_04_120_poses.npz,unknown_mixed,other,dg,0,45,windows/train/unknown_mixed/train_007299_unknown_mixed_007448_007647_w000000_000045.npz
train_007299_unknown_mixed_000000_000200_w000005_000050,train_007299_unknown_mixed_000000_000200,MPI_HDM05/dg/HDM_dg_01-01_04_120_poses.npz,unknown_mixed,other,dg,5,50,windows/train/unknown_mixed/train_007299_unknown_mixed_000000_000200_w000005_000050.npz
train_007299_unknown_mixed_007448_007647_w000005_000050,train_007299_unknown_mixed_007448_007647,MPI_HDM05/dg/HDM_dg_01-01_04_120_poses.npz,unknown_mixed,other,dg,5,50,windows/train/unknown_mixed/train_007299_unknown_mixed_007448_007647_w000005_000050.npz
train_007299_walk_000200_001791_w000000_000045,train_007299_walk_000200_001791,MPI_HDM05/dg/HDM_dg_01-01_04_120_poses.npz,walk,walk,dg,0,45,windows/train/walk/train_007299_walk_000200_001791_w000000_000045.npz
train_007299_walk_001809_007448_w000090_000135,train_007299_walk_001809_007448,MPI_HDM05/dg/HDM_dg_01-01_04_120_poses.npz,walk,walk,dg,90,135,windows/train/walk/train_007299_walk_001809_007448_w000090_000135.npz
train_007299_walk_000200_001791_w000195_000240,train_007299_walk_000200_001791,MPI_HDM05/dg/HDM_dg_01-01_04_120_poses.npz,walk,walk,dg,195,240,windows/train/walk/train_007299_walk_000200_001791_w000195_000240.npz
train_007299_walk_001809_007448_w000285_000330,train_007299_walk_001809_007448,MPI_HDM05/dg/HDM_dg_01-01_04_120_poses.npz,walk,walk,dg,285,330,windows/train/walk/train_007299_walk_001809_007448_w000285_000330.npz
train_007299_walk_001809_007448_w000405_000450,train_007299_walk_001809_007448,MPI_HDM05/dg/HDM_dg_01-01_04_120_poses.npz,walk,walk,dg,405,450,windows/train/walk/train_007299_walk_001809_007448_w000405_000450.npz
train_007299_walk_001809_007448_w000585_000630,train_007299_walk_001809_007448,MPI_HDM05/dg/HDM_dg_01-01_04_120_poses.npz,walk,walk,dg,585,630,windows/train/walk/train_007299_walk_001809_007448_w000585_000630.npz
train_007299_walk_001809_007448_w000780_000825,train_007299_walk_001809_007448,MPI_HDM05/dg/HDM_dg_01-01_04_120_poses.npz,walk,walk,dg,780,825,windows/train/walk/train_007299_walk_001809_007448_w000780_000825.npz
train_007299_walk_001809_007448_w000975_001020,train_007299_walk_001809_007448,MPI_HDM05/dg/HDM_dg_01-01_04_120_poses.npz,walk,walk,dg,975,1020,windows/train/walk/train_007299_walk_001809_007448_w000975_001020.npz
train_007299_walk_001809_007448_w001170_001215,train_007299_walk_001809_007448,MPI_HDM05/dg/HDM_dg_01-01_04_120_poses.npz,walk,walk,dg,1170,1215,windows/train/walk/train_007299_walk_001809_007448_w001170_001215.npz
train_007299_walk_001809_007448_w001365_001410,train_007299_walk_001809_007448,MPI_HDM05/dg/HDM_dg_01-01_04_120_poses.npz,walk,walk,dg,1365,1410,windows/train/walk/train_007299_walk_001809_007448_w001365_001410.npz
train_012993_unknown_mixed_000000_000363_w000000_000045,train_012993_unknown_mixed_000000_000363,MPI_HDM05/dg/HDM_dg_01-02_01_120_poses.npz,unknown_mixed,other,dg,0,45,windows/train/unknown_mixed/train_012993_unknown_mixed_000000_000363_w000000_000045.npz
train_012993_unknown_mixed_002295_002867_w000000_000045,train_012993_unknown_mixed_002295_002867,MPI_HDM05/dg/HDM_dg_01-02_01_120_poses.npz,unknown_mixed,other,dg,0,45,windows/train/unknown_mixed/train_012993_unknown_mixed_002295_002867_w000000_000045.npz
train_012993_unknown_mixed_001210_001600_w000015_000060,train_012993_unknown_mixed_001210_001600,MPI_HDM05/dg/HDM_dg_01-02_01_120_poses.npz,unknown_mixed,other,dg,15,60,windows/train/unknown_mixed/train_012993_unknown_mixed_001210_001600_w000015_000060.npz
train_012993_unknown_mixed_000000_000363_w000030_000075,train_012993_unknown_mixed_000000_000363,MPI_HDM05/dg/HDM_dg_01-02_01_120_poses.npz,unknown_mixed,other,dg,30,75,windows/train/unknown_mixed/train_012993_unknown_mixed_000000_000363_w000030_000075.npz
train_012993_unknown_mixed_002295_002867_w000030_000075,train_012993_unknown_mixed_002295_002867,MPI_HDM05/dg/HDM_dg_01-02_01_120_poses.npz,unknown_mixed,other,dg,30,75,windows/train/unknown_mixed/train_012993_unknown_mixed_002295_002867_w000030_000075.npz
train_012993_unknown_mixed_000000_000363_w000045_000090,train_012993_unknown_mixed_000000_000363,MPI_HDM05/dg/HDM_dg_01-02_01_120_poses.npz,unknown_mixed,other,dg,45,90,windows/train/unknown_mixed/train_012993_unknown_mixed_000000_000363_w000045_000090.npz
train_012993_unknown_mixed_002295_002867_w000045_000090,train_012993_unknown_mixed_002295_002867,MPI_HDM05/dg/HDM_dg_01-02_01_120_poses.npz,unknown_mixed,other,dg,45,90,windows/train/unknown_mixed/train_012993_unknown_mixed_002295_002867_w000045_000090.npz
train_012993_unknown_mixed_001210_001600_w000053_000098,train_012993_unknown_mixed_001210_001600,MPI_HDM05/dg/HDM_dg_01-02_01_120_poses.npz,unknown_mixed,other,dg,53,98,windows/train/unknown_mixed/train_012993_unknown_mixed_001210_001600_w000053_000098.npz
train_012993_unknown_mixed_002295_002867_w000075_000120,train_012993_unknown_mixed_002295_002867,MPI_HDM05/dg/HDM_dg_01-02_01_120_poses.npz,unknown_mixed,other,dg,75,120,windows/train/unknown_mixed/train_012993_unknown_mixed_002295_002867_w000075_000120.npz
train_012993_unknown_mixed_002295_002867_w000098_000143,train_012993_unknown_mixed_002295_002867,MPI_HDM05/dg/HDM_dg_01-02_01_120_poses.npz,unknown_mixed,other,dg,98,143,windows/train/unknown_mixed/train_012993_unknown_mixed_002295_002867_w000098_000143.npz
train_012993_run_000783_000970_w000000_000045,train_012993_run_000783_000970,MPI_HDM05/dg/HDM_dg_01-02_01_120_poses.npz,run,run,dg,0,45,windows/train/run/train_012993_run_000783_000970_w000000_000045.npz
train_012993_run_000783_000970_w000002_000047,train_012993_run_000783_000970,MPI_HDM05/dg/HDM_dg_01-02_01_120_poses.npz,run,run,dg,2,47,windows/train/run/train_012993_run_000783_000970_w000002_000047.npz
train_012993_walk_000363_000640_w000000_000045,train_012993_walk_000363_000640,MPI_HDM05/dg/HDM_dg_01-02_01_120_poses.npz,walk,walk,dg,0,45,windows/train/walk/train_012993_walk_000363_000640_w000000_000045.npz
train_012993_walk_001600_002295_w000000_000045,train_012993_walk_001600_002295,MPI_HDM05/dg/HDM_dg_01-02_01_120_poses.npz,walk,walk,dg,0,45,windows/train/walk/train_012993_walk_001600_002295_w000000_000045.npz
train_012993_walk_001600_002295_w000015_000060,train_012993_walk_001600_002295,MPI_HDM05/dg/HDM_dg_01-02_01_120_poses.npz,walk,walk,dg,15,60,windows/train/walk/train_012993_walk_001600_002295_w000015_000060.npz
train_012993_walk_000363_000640_w000025_000070,train_012993_walk_000363_000640,MPI_HDM05/dg/HDM_dg_01-02_01_120_poses.npz,walk,walk,dg,25,70,windows/train/walk/train_012993_walk_000363_000640_w000025_000070.npz
train_012993_walk_001600_002295_w000030_000075,train_012993_walk_001600_002295,MPI_HDM05/dg/HDM_dg_01-02_01_120_poses.npz,walk,walk,dg,30,75,windows/train/walk/train_012993_walk_001600_002295_w000030_000075.npz
train_012993_walk_001600_002295_w000060_000105,train_012993_walk_001600_002295,MPI_HDM05/dg/HDM_dg_01-02_01_120_poses.npz,walk,walk,dg,60,105,windows/train/walk/train_012993_walk_001600_002295_w000060_000105.npz
train_012993_walk_001600_002295_w000075_000120,train_012993_walk_001600_002295,MPI_HDM05/dg/HDM_dg_01-02_01_120_poses.npz,walk,walk,dg,75,120,windows/train/walk/train_012993_walk_001600_002295_w000075_000120.npz
train_012993_walk_001600_002295_w000090_000135,train_012993_walk_001600_002295,MPI_HDM05/dg/HDM_dg_01-02_01_120_poses.npz,walk,walk,dg,90,135,windows/train/walk/train_012993_walk_001600_002295_w000090_000135.npz
train_012993_walk_001600_002295_w000120_000165,train_012993_walk_001600_002295,MPI_HDM05/dg/HDM_dg_01-02_01_120_poses.npz,walk,walk,dg,120,165,windows/train/walk/train_012993_walk_001600_002295_w000120_000165.npz
train_012993_walk_001600_002295_w000129_000174,train_012993_walk_001600_002295,MPI_HDM05/dg/HDM_dg_01-02_01_120_poses.npz,walk,walk,dg,129,174,windows/train/walk/train_012993_walk_001600_002295_w000129_000174.npz
train_006927_unknown_mixed_000000_000228_w000000_000045,train_006927_unknown_mixed_000000_000228,MPI_HDM05/dg/HDM_dg_01-02_03_120_poses.npz,unknown_mixed,other,dg,0,45,windows/train/unknown_mixed/train_006927_unknown_mixed_000000_000228_w000000_000045.npz
train_006927_unknown_mixed_001499_001679_w000000_000045,train_006927_unknown_mixed_001499_001679,MPI_HDM05/dg/HDM_dg_01-02_03_120_poses.npz,unknown_mixed,other,dg,0,45,windows/train/unknown_mixed/train_006927_unknown_mixed_001499_001679_w000000_000045.npz
train_006927_unknown_mixed_002590_002786_w000000_000045,train_006927_unknown_mixed_002590_002786,MPI_HDM05/dg/HDM_dg_01-02_03_120_poses.npz,unknown_mixed,other,dg,0,45,windows/train/unknown_mixed/train_006927_unknown_mixed_002590_002786_w000000_000045.npz
train_006927_unknown_mixed_002590_002786_w000004_000049,train_006927_unknown_mixed_002590_002786,MPI_HDM05/dg/HDM_dg_01-02_03_120_poses.npz,unknown_mixed,other,dg,4,49,windows/train/unknown_mixed/train_006927_unknown_mixed_002590_002786_w000004_000049.npz
train_006927_unknown_mixed_000000_000228_w000012_000057,train_006927_unknown_mixed_000000_000228,MPI_HDM05/dg/HDM_dg_01-02_03_120_poses.npz,unknown_mixed,other,dg,12,57,windows/train/unknown_mixed/train_006927_unknown_mixed_000000_000228_w000012_000057.npz
train_006927_run_000696_000926_w000000_000045,train_006927_run_000696_000926,MPI_HDM05/dg/HDM_dg_01-02_03_120_poses.npz,run,run,dg,0,45,windows/train/run/train_006927_run_000696_000926_w000000_000045.npz
train_006927_run_000953_001157_w000000_000045,train_006927_run_000953_001157,MPI_HDM05/dg/HDM_dg_01-02_03_120_poses.npz,run,run,dg,0,45,windows/train/run/train_006927_run_000953_001157_w000000_000045.npz
train_006927_run_000953_001157_w000006_000051,train_006927_run_000953_001157,MPI_HDM05/dg/HDM_dg_01-02_03_120_poses.npz,run,run,dg,6,51,windows/train/run/train_006927_run_000953_001157_w000006_000051.npz
train_006927_run_000696_000926_w000013_000058,train_006927_run_000696_000926,MPI_HDM05/dg/HDM_dg_01-02_03_120_poses.npz,run,run,dg,13,58,windows/train/run/train_006927_run_000696_000926_w000013_000058.npz
train_006927_walk_000288_000590_w000000_000045,train_006927_walk_000288_000590,MPI_HDM05/dg/HDM_dg_01-02_03_120_poses.npz,walk,walk,dg,0,45,windows/train/walk/train_006927_walk_000288_000590_w000000_000045.npz
train_006927_walk_001679_002198_w000000_000045,train_006927_walk_001679_002198,MPI_HDM05/dg/HDM_dg_01-02_03_120_poses.npz,walk,walk,dg,0,45,windows/train/walk/train_006927_walk_001679_002198_w000000_000045.npz
train_006927_walk_002365_002590_w000000_000045,train_006927_walk_002365_002590,MPI_HDM05/dg/HDM_dg_01-02_03_120_poses.npz,walk,walk,dg,0,45,windows/train/walk/train_006927_walk_002365_002590_w000000_000045.npz
train_006927_walk_000288_000590_w000015_000060,train_006927_walk_000288_000590,MPI_HDM05/dg/HDM_dg_01-02_03_120_poses.npz,walk,walk,dg,15,60,windows/train/walk/train_006927_walk_000288_000590_w000015_000060.npz
train_006927_walk_001679_002198_w000015_000060,train_006927_walk_001679_002198,MPI_HDM05/dg/HDM_dg_01-02_03_120_poses.npz,walk,walk,dg,15,60,windows/train/walk/train_006927_walk_001679_002198_w000015_000060.npz
train_006927_walk_001245_001499_w000019_000064,train_006927_walk_001245_001499,MPI_HDM05/dg/HDM_dg_01-02_03_120_poses.npz,walk,walk,dg,19,64,windows/train/walk/train_006927_walk_001245_001499_w000019_000064.npz
train_006927_walk_001679_002198_w000030_000075,train_006927_walk_001679_002198,MPI_HDM05/dg/HDM_dg_01-02_03_120_poses.npz,walk,walk,dg,30,75,windows/train/walk/train_006927_walk_001679_002198_w000030_000075.npz
train_006927_walk_001679_002198_w000045_000090,train_006927_walk_001679_002198,MPI_HDM05/dg/HDM_dg_01-02_03_120_poses.npz,walk,walk,dg,45,90,windows/train/walk/train_006927_walk_001679_002198_w000045_000090.npz
train_006927_walk_001679_002198_w000060_000105,train_006927_walk_001679_002198,MPI_HDM05/dg/HDM_dg_01-02_03_120_poses.npz,walk,walk,dg,60,105,windows/train/walk/train_006927_walk_001679_002198_w000060_000105.npz
train_006927_walk_001679_002198_w000085_000130,train_006927_walk_001679_002198,MPI_HDM05/dg/HDM_dg_01-02_03_120_poses.npz,walk,walk,dg,85,130,windows/train/walk/train_006927_walk_001679_002198_w000085_000130.npz
train_000743_run_001814_002046_w000000_000045,train_000743_run_001814_002046,MPI_HDM05/dg/HDM_dg_01-03_01_120_poses.npz,run,run,dg,0,45,windows/train/run/train_000743_run_001814_002046_w000000_000045.npz
train_000743_run_002202_002534_w000000_000045,train_000743_run_002202_002534,MPI_HDM05/dg/HDM_dg_01-03_01_120_poses.npz,run,run,dg,0,45,windows/train/run/train_000743_run_002202_002534_w000000_000045.npz
train_000743_run_002656_002923_w000000_000045,train_000743_run_002656_002923,MPI_HDM05/dg/HDM_dg_01-03_01_120_poses.npz,run,run,dg,0,45,windows/train/run/train_000743_run_002656_002923_w000000_000045.npz
train_000743_run_001814_002046_w000013_000058,train_000743_run_001814_002046,MPI_HDM05/dg/HDM_dg_01-03_01_120_poses.npz,run,run,dg,13,58,windows/train/run/train_000743_run_001814_002046_w000013_000058.npz
train_000743_run_002202_002534_w000015_000060,train_000743_run_002202_002534,MPI_HDM05/dg/HDM_dg_01-03_01_120_poses.npz,run,run,dg,15,60,windows/train/run/train_000743_run_002202_002534_w000015_000060.npz
train_000743_run_002656_002923_w000015_000060,train_000743_run_002656_002923,MPI_HDM05/dg/HDM_dg_01-03_01_120_poses.npz,run,run,dg,15,60,windows/train/run/train_000743_run_002656_002923_w000015_000060.npz
train_000743_run_002656_002923_w000022_000067,train_000743_run_002656_002923,MPI_HDM05/dg/HDM_dg_01-03_01_120_poses.npz,run,run,dg,22,67,windows/train/run/train_000743_run_002656_002923_w000022_000067.npz
train_000743_run_002202_002534_w000030_000075,train_000743_run_002202_002534,MPI_HDM05/dg/HDM_dg_01-03_01_120_poses.npz,run,run,dg,30,75,windows/train/run/train_000743_run_002202_002534_w000030_000075.npz
train_000743_run_002202_002534_w000038_000083,train_000743_run_002202_002534,MPI_HDM05/dg/HDM_dg_01-03_01_120_poses.npz,run,run,dg,38,83,windows/train/run/train_000743_run_002202_002534_w000038_000083.npz
train_000743_walk_000247_000439_w000000_000045,train_000743_walk_000247_000439,MPI_HDM05/dg/HDM_dg_01-03_01_120_poses.npz,walk,walk,dg,0,45,windows/train/walk/train_000743_walk_000247_000439_w000000_000045.npz
train_000743_walk_001099_001549_w000000_000045,train_000743_walk_001099_001549,MPI_HDM05/dg/HDM_dg_01-03_01_120_poses.npz,walk,walk,dg,0,45,windows/train/walk/train_000743_walk_001099_001549_w000000_000045.npz
train_000743_walk_000247_000439_w000003_000048,train_000743_walk_000247_000439,MPI_HDM05/dg/HDM_dg_01-03_01_120_poses.npz,walk,walk,dg,3,48,windows/train/walk/train_000743_walk_000247_000439_w000003_000048.npz
train_000743_walk_001099_001549_w000015_000060,train_000743_walk_001099_001549,MPI_HDM05/dg/HDM_dg_01-03_01_120_poses.npz,walk,walk,dg,15,60,windows/train/walk/train_000743_walk_001099_001549_w000015_000060.npz
train_000743_walk_000480_000948_w000030_000075,train_000743_walk_000480_000948,MPI_HDM05/dg/HDM_dg_01-03_01_120_poses.npz,walk,walk,dg,30,75,windows/train/walk/train_000743_walk_000480_000948_w000030_000075.npz
train_000743_walk_001099_001549_w000030_000075,train_000743_walk_001099_001549,MPI_HDM05/dg/HDM_dg_01-03_01_120_poses.npz,walk,walk,dg,30,75,windows/train/walk/train_000743_walk_001099_001549_w000030_000075.npz
train_000743_walk_003050_003382_w000038_000083,train_000743_walk_003050_003382,MPI_HDM05/dg/HDM_dg_01-03_01_120_poses.npz,walk,walk,dg,38,83,windows/train/walk/train_000743_walk_003050_003382_w000038_000083.npz
train_000743_walk_001099_001549_w000045_000090,train_000743_walk_001099_001549,MPI_HDM05/dg/HDM_dg_01-03_01_120_poses.npz,walk,walk,dg,45,90,windows/train/walk/train_000743_walk_001099_001549_w000045_000090.npz
train_000743_walk_001099_001549_w000060_000105,train_000743_walk_001099_001549,MPI_HDM05/dg/HDM_dg_01-03_01_120_poses.npz,walk,walk,dg,60,105,windows/train/walk/train_000743_walk_001099_001549_w000060_000105.npz
train_000743_walk_000480_000948_w000072_000117,train_000743_walk_000480_000948,MPI_HDM05/dg/HDM_dg_01-03_01_120_poses.npz,walk,walk,dg,72,117,windows/train/walk/train_000743_walk_000480_000948_w000072_000117.npz
train_005359_unknown_mixed_000000_000280_w000000_000045,train_005359_unknown_mixed_000000_000280,MPI_HDM05/dg/HDM_dg_01-03_02_120_poses.npz,unknown_mixed,other,dg,0,45,windows/train/unknown_mixed/train_005359_unknown_mixed_000000_000280_w000000_000045.npz
train_005359_unknown_mixed_002890_003103_w000000_000045,train_005359_unknown_mixed_002890_003103,MPI_HDM05/dg/HDM_dg_01-03_02_120_poses.npz,unknown_mixed,other,dg,0,45,windows/train/unknown_mixed/train_005359_unknown_mixed_002890_003103_w000000_000045.npz
train_005359_unknown_mixed_003305_003794_w000000_000045,train_005359_unknown_mixed_003305_003794,MPI_HDM05/dg/HDM_dg_01-03_02_120_poses.npz,unknown_mixed,other,dg,0,45,windows/train/unknown_mixed/train_005359_unknown_mixed_003305_003794_w000000_000045.npz
train_005359_unknown_mixed_000000_000280_w000015_000060,train_005359_unknown_mixed_000000_000280,MPI_HDM05/dg/HDM_dg_01-03_02_120_poses.npz,unknown_mixed,other,dg,15,60,windows/train/unknown_mixed/train_005359_unknown_mixed_000000_000280_w000015_000060.npz
train_005359_unknown_mixed_001960_002203_w000015_000060,train_005359_unknown_mixed_001960_002203,MPI_HDM05/dg/HDM_dg_01-03_02_120_poses.npz,unknown_mixed,other,dg,15,60,windows/train/unknown_mixed/train_005359_unknown_mixed_001960_002203_w000015_000060.npz
train_005359_unknown_mixed_001960_002203_w000016_000061,train_005359_unknown_mixed_001960_002203,MPI_HDM05/dg/HDM_dg_01-03_02_120_poses.npz,unknown_mixed,other,dg,16,61,windows/train/unknown_mixed/train_005359_unknown_mixed_001960_002203_w000016_000061.npz
train_005359_unknown_mixed_000000_000280_w000025_000070,train_005359_unknown_mixed_000000_000280,MPI_HDM05/dg/HDM_dg_01-03_02_120_poses.npz,unknown_mixed,other,dg,25,70,windows/train/unknown_mixed/train_005359_unknown_mixed_000000_000280_w000025_000070.npz
train_005359_unknown_mixed_003305_003794_w000045_000090,train_005359_unknown_mixed_003305_003794,MPI_HDM05/dg/HDM_dg_01-03_02_120_poses.npz,unknown_mixed,other,dg,45,90,windows/train/unknown_mixed/train_005359_unknown_mixed_003305_003794_w000045_000090.npz
train_005359_unknown_mixed_003305_003794_w000060_000105,train_005359_unknown_mixed_003305_003794,MPI_HDM05/dg/HDM_dg_01-03_02_120_poses.npz,unknown_mixed,other,dg,60,105,windows/train/unknown_mixed/train_005359_unknown_mixed_003305_003794_w000060_000105.npz
train_005359_unknown_mixed_003305_003794_w000078_000123,train_005359_unknown_mixed_003305_003794,MPI_HDM05/dg/HDM_dg_01-03_02_120_poses.npz,unknown_mixed,other,dg,78,123,windows/train/unknown_mixed/train_005359_unknown_mixed_003305_003794_w000078_000123.npz
train_005359_run_001658_001960_w000000_000045,train_005359_run_001658_001960,MPI_HDM05/dg/HDM_dg_01-03_02_120_poses.npz,run,run,dg,0,45,windows/train/run/train_005359_run_001658_001960_w000000_000045.npz
train_005359_run_002203_002443_w000000_000045,train_005359_run_002203_002443,MPI_HDM05/dg/HDM_dg_01-03_02_120_poses.npz,run,run,dg,0,45,windows/train/run/train_005359_run_002203_002443_w000000_000045.npz
train_005359_run_002590_002890_w000000_000045,train_005359_run_002590_002890,MPI_HDM05/dg/HDM_dg_01-03_02_120_poses.npz,run,run,dg,0,45,windows/train/run/train_005359_run_002590_002890_w000000_000045.npz
train_005359_run_001658_001960_w000015_000060,train_005359_run_001658_001960,MPI_HDM05/dg/HDM_dg_01-03_02_120_poses.npz,run,run,dg,15,60,windows/train/run/train_005359_run_001658_001960_w000015_000060.npz
train_005359_run_002203_002443_w000015_000060,train_005359_run_002203_002443,MPI_HDM05/dg/HDM_dg_01-03_02_120_poses.npz,run,run,dg,15,60,windows/train/run/train_005359_run_002203_002443_w000015_000060.npz
train_005359_run_002590_002890_w000015_000060,train_005359_run_002590_002890,MPI_HDM05/dg/HDM_dg_01-03_02_120_poses.npz,run,run,dg,15,60,windows/train/run/train_005359_run_002590_002890_w000015_000060.npz
train_005359_run_001658_001960_w000030_000075,train_005359_run_001658_001960,MPI_HDM05/dg/HDM_dg_01-03_02_120_poses.npz,run,run,dg,30,75,windows/train/run/train_005359_run_001658_001960_w000030_000075.npz
train_005359_run_002590_002890_w000030_000075,train_005359_run_002590_002890,MPI_HDM05/dg/HDM_dg_01-03_02_120_poses.npz,run,run,dg,30,75,windows/train/run/train_005359_run_002590_002890_w000030_000075.npz
train_005359_run_001658_001960_w000031_000076,train_005359_run_001658_001960,MPI_HDM05/dg/HDM_dg_01-03_02_120_poses.npz,run,run,dg,31,76,windows/train/run/train_005359_run_001658_001960_w000031_000076.npz
train_005359_walk_000493_000898_w000000_000045,train_005359_walk_000493_000898,MPI_HDM05/dg/HDM_dg_01-03_02_120_poses.npz,walk,walk,dg,0,45,windows/train/walk/train_005359_walk_000493_000898_w000000_000045.npz
train_005359_walk_001060_001510_w000000_000045,train_005359_walk_001060_001510,MPI_HDM05/dg/HDM_dg_01-03_02_120_poses.npz,walk,walk,dg,0,45,windows/train/walk/train_005359_walk_001060_001510_w000000_000045.npz
train_005359_walk_003103_003305_w000006_000051,train_005359_walk_003103_003305,MPI_HDM05/dg/HDM_dg_01-03_02_120_poses.npz,walk,walk,dg,6,51,windows/train/walk/train_005359_walk_003103_003305_w000006_000051.npz
train_005359_walk_000493_000898_w000015_000060,train_005359_walk_000493_000898,MPI_HDM05/dg/HDM_dg_01-03_02_120_poses.npz,walk,walk,dg,15,60,windows/train/walk/train_005359_walk_000493_000898_w000015_000060.npz
train_005359_walk_001060_001510_w000015_000060,train_005359_walk_001060_001510,MPI_HDM05/dg/HDM_dg_01-03_02_120_poses.npz,walk,walk,dg,15,60,windows/train/walk/train_005359_walk_001060_001510_w000015_000060.npz
train_005359_walk_001060_001510_w000030_000075,train_005359_walk_001060_001510,MPI_HDM05/dg/HDM_dg_01-03_02_120_poses.npz,walk,walk,dg,30,75,windows/train/walk/train_005359_walk_001060_001510_w000030_000075.npz
train_005359_walk_000493_000898_w000045_000090,train_005359_walk_000493_000898,MPI_HDM05/dg/HDM_dg_01-03_02_120_poses.npz,walk,walk,dg,45,90,windows/train/walk/train_005359_walk_000493_000898_w000045_000090.npz
train_005359_walk_001060_001510_w000045_000090,train_005359_walk_001060_001510,MPI_HDM05/dg/HDM_dg_01-03_02_120_poses.npz,walk,walk,dg,45,90,windows/train/walk/train_005359_walk_001060_001510_w000045_000090.npz
train_005359_walk_001060_001510_w000060_000105,train_005359_walk_001060_001510,MPI_HDM05/dg/HDM_dg_01-03_02_120_poses.npz,walk,walk,dg,60,105,windows/train/walk/train_005359_walk_001060_001510_w000060_000105.npz
train_005359_walk_001060_001510_w000068_000113,train_005359_walk_001060_001510,MPI_HDM05/dg/HDM_dg_01-03_02_120_poses.npz,walk,walk,dg,68,113,windows/train/walk/train_005359_walk_001060_001510_w000068_000113.npz
train_004307_unknown_mixed_000000_000468_w000000_000045,train_004307_unknown_mixed_000000_000468,MPI_HDM05/dg/HDM_dg_01-03_03_120_poses.npz,unknown_mixed,other,dg,0,45,windows/train/unknown_mixed/train_004307_unknown_mixed_000000_000468_w000000_000045.npz
train_004307_unknown_mixed_001473_001733_w000000_000045,train_004307_unknown_mixed_001473_001733,MPI_HDM05/dg/HDM_dg_01-03_03_120_poses.npz,unknown_mixed,other,dg,0,45,windows/train/unknown_mixed/train_004307_unknown_mixed_001473_001733_w000000_000045.npz
train_004307_unknown_mixed_000000_000468_w000015_000060,train_004307_unknown_mixed_000000_000468,MPI_HDM05/dg/HDM_dg_01-03_03_120_poses.npz,unknown_mixed,other,dg,15,60,windows/train/unknown_mixed/train_004307_unknown_mixed_000000_000468_w000015_000060.npz
train_004307_unknown_mixed_001473_001733_w000015_000060,train_004307_unknown_mixed_001473_001733,MPI_HDM05/dg/HDM_dg_01-03_03_120_poses.npz,unknown_mixed,other,dg,15,60,windows/train/unknown_mixed/train_004307_unknown_mixed_001473_001733_w000015_000060.npz
train_004307_unknown_mixed_003258_003584_w000015_000060,train_004307_unknown_mixed_003258_003584,MPI_HDM05/dg/HDM_dg_01-03_03_120_poses.npz,unknown_mixed,other,dg,15,60,windows/train/unknown_mixed/train_004307_unknown_mixed_003258_003584_w000015_000060.npz
train_004307_unknown_mixed_000000_000468_w000030_000075,train_004307_unknown_mixed_000000_000468,MPI_HDM05/dg/HDM_dg_01-03_03_120_poses.npz,unknown_mixed,other,dg,30,75,windows/train/unknown_mixed/train_004307_unknown_mixed_000000_000468_w000030_000075.npz
train_004307_unknown_mixed_003258_003584_w000030_000075,train_004307_unknown_mixed_003258_003584,MPI_HDM05/dg/HDM_dg_01-03_03_120_poses.npz,unknown_mixed,other,dg,30,75,windows/train/unknown_mixed/train_004307_unknown_mixed_003258_003584_w000030_000075.npz
train_004307_unknown_mixed_003258_003584_w000037_000082,train_004307_unknown_mixed_003258_003584,MPI_HDM05/dg/HDM_dg_01-03_03_120_poses.npz,unknown_mixed,other,dg,37,82,windows/train/unknown_mixed/train_004307_unknown_mixed_003258_003584_w000037_000082.npz
train_004307_unknown_mixed_000000_000468_w000060_000105,train_004307_unknown_mixed_000000_000468,MPI_HDM05/dg/HDM_dg_01-03_03_120_poses.npz,unknown_mixed,other,dg,60,105,windows/train/unknown_mixed/train_004307_unknown_mixed_000000_000468_w000060_000105.npz
train_004307_unknown_mixed_000000_000468_w000072_000117,train_004307_unknown_mixed_000000_000468,MPI_HDM05/dg/HDM_dg_01-03_03_120_poses.npz,unknown_mixed,other,dg,72,117,windows/train/unknown_mixed/train_004307_unknown_mixed_000000_000468_w000072_000117.npz
train_004307_run_002217_002520_w000000_000045,train_004307_run_002217_002520,MPI_HDM05/dg/HDM_dg_01-03_03_120_poses.npz,run,run,dg,0,45,windows/train/run/train_004307_run_002217_002520_w000000_000045.npz
train_004307_run_002655_003012_w000000_000045,train_004307_run_002655_003012,MPI_HDM05/dg/HDM_dg_01-03_03_120_poses.npz,run,run,dg,0,45,windows/train/run/train_004307_run_002655_003012_w000000_000045.npz
train_004307_run_002217_002520_w000015_000060,train_004307_run_002217_002520,MPI_HDM05/dg/HDM_dg_01-03_03_120_poses.npz,run,run,dg,15,60,windows/train/run/train_004307_run_002217_002520_w000015_000060.npz
train_004307_run_002655_003012_w000015_000060,train_004307_run_002655_003012,MPI_HDM05/dg/HDM_dg_01-03_03_120_poses.npz,run,run,dg,15,60,windows/train/run/train_004307_run_002655_003012_w000015_000060.npz
train_004307_run_002217_002520_w000030_000075,train_004307_run_002217_002520,MPI_HDM05/dg/HDM_dg_01-03_03_120_poses.npz,run,run,dg,30,75,windows/train/run/train_004307_run_002217_002520_w000030_000075.npz
train_004307_run_002655_003012_w000030_000075,train_004307_run_002655_003012,MPI_HDM05/dg/HDM_dg_01-03_03_120_poses.npz,run,run,dg,30,75,windows/train/run/train_004307_run_002655_003012_w000030_000075.npz
train_004307_run_002217_002520_w000031_000076,train_004307_run_002217_002520,MPI_HDM05/dg/HDM_dg_01-03_03_120_poses.npz,run,run,dg,31,76,windows/train/run/train_004307_run_002217_002520_w000031_000076.npz
train_004307_run_002655_003012_w000045_000090,train_004307_run_002655_003012,MPI_HDM05/dg/HDM_dg_01-03_03_120_poses.npz,run,run,dg,45,90,windows/train/run/train_004307_run_002655_003012_w000045_000090.npz
train_004307_walk_000468_000915_w000000_000045,train_004307_walk_000468_000915,MPI_HDM05/dg/HDM_dg_01-03_03_120_poses.npz,walk,walk,dg,0,45,windows/train/walk/train_004307_walk_000468_000915_w000000_000045.npz
train_004307_walk_001065_001473_w000000_000045,train_004307_walk_001065_001473,MPI_HDM05/dg/HDM_dg_01-03_03_120_poses.npz,walk,walk,dg,0,45,windows/train/walk/train_004307_walk_001065_001473_w000000_000045.npz
train_004307_walk_000468_000915_w000015_000060,train_004307_walk_000468_000915,MPI_HDM05/dg/HDM_dg_01-03_03_120_poses.npz,walk,walk,dg,15,60,windows/train/walk/train_004307_walk_000468_000915_w000015_000060.npz
train_004307_walk_001065_001473_w000015_000060,train_004307_walk_001065_001473,MPI_HDM05/dg/HDM_dg_01-03_03_120_poses.npz,walk,walk,dg,15,60,windows/train/walk/train_004307_walk_001065_001473_w000015_000060.npz
train_004307_walk_000468_000915_w000030_000075,train_004307_walk_000468_000915,MPI_HDM05/dg/HDM_dg_01-03_03_120_poses.npz,walk,walk,dg,30,75,windows/train/walk/train_004307_walk_000468_000915_w000030_000075.npz
train_004307_walk_000468_000915_w000045_000090,train_004307_walk_000468_000915,MPI_HDM05/dg/HDM_dg_01-03_03_120_poses.npz,walk,walk,dg,45,90,windows/train/walk/train_004307_walk_000468_000915_w000045_000090.npz
train_004307_walk_001065_001473_w000045_000090,train_004307_walk_001065_001473,MPI_HDM05/dg/HDM_dg_01-03_03_120_poses.npz,walk,walk,dg,45,90,windows/train/walk/train_004307_walk_001065_001473_w000045_000090.npz
train_004307_walk_001065_001473_w000057_000102,train_004307_walk_001065_001473,MPI_HDM05/dg/HDM_dg_01-03_03_120_poses.npz,walk,walk,dg,57,102,windows/train/walk/train_004307_walk_001065_001473_w000057_000102.npz
train_004307_walk_000468_000915_w000060_000105,train_004307_walk_000468_000915,MPI_HDM05/dg/HDM_dg_01-03_03_120_poses.npz,walk,walk,dg,60,105,windows/train/walk/train_004307_walk_000468_000915_w000060_000105.npz
train_004307_walk_000468_000915_w000067_000112,train_004307_walk_000468_000915,MPI_HDM05/dg/HDM_dg_01-03_03_120_poses.npz,walk,walk,dg,67,112,windows/train/walk/train_004307_walk_000468_000915_w000067_000112.npz
train_011121_run_001183_001495_w000000_000045,train_011121_run_001183_001495,MPI_HDM05/dg/HDM_dg_01-04_02_120_poses.npz,run,run,dg,0,45,windows/train/run/train_011121_run_001183_001495_w000000_000045.npz
train_011121_run_001885_002167_w000000_000045,train_011121_run_001885_002167,MPI_HDM05/dg/HDM_dg_01-04_02_120_poses.npz,run,run,dg,0,45,windows/train/run/train_011121_run_001885_002167_w000000_000045.npz
train_011121_run_004111_004429_w000000_000045,train_011121_run_004111_004429,MPI_HDM05/dg/HDM_dg_01-04_02_120_poses.npz,run,run,dg,0,45,windows/train/run/train_011121_run_004111_004429_w000000_000045.npz
train_011121_run_001183_001495_w000015_000060,train_011121_run_001183_001495,MPI_HDM05/dg/HDM_dg_01-04_02_120_poses.npz,run,run,dg,15,60,windows/train/run/train_011121_run_001183_001495_w000015_000060.npz
train_011121_run_001885_002167_w000015_000060,train_011121_run_001885_002167,MPI_HDM05/dg/HDM_dg_01-04_02_120_poses.npz,run,run,dg,15,60,windows/train/run/train_011121_run_001885_002167_w000015_000060.npz
train_011121_run_001885_002167_w000026_000071,train_011121_run_001885_002167,MPI_HDM05/dg/HDM_dg_01-04_02_120_poses.npz,run,run,dg,26,71,windows/train/run/train_011121_run_001885_002167_w000026_000071.npz
train_011121_run_001183_001495_w000030_000075,train_011121_run_001183_001495,MPI_HDM05/dg/HDM_dg_01-04_02_120_poses.npz,run,run,dg,30,75,windows/train/run/train_011121_run_001183_001495_w000030_000075.npz
train_011121_run_004111_004429_w000030_000075,train_011121_run_004111_004429,MPI_HDM05/dg/HDM_dg_01-04_02_120_poses.npz,run,run,dg,30,75,windows/train/run/train_011121_run_004111_004429_w000030_000075.npz
train_011121_run_001183_001495_w000033_000078,train_011121_run_001183_001495,MPI_HDM05/dg/HDM_dg_01-04_02_120_poses.npz,run,run,dg,33,78,windows/train/run/train_011121_run_001183_001495_w000033_000078.npz
train_011121_run_004111_004429_w000035_000080,train_011121_run_004111_004429,MPI_HDM05/dg/HDM_dg_01-04_02_120_poses.npz,run,run,dg,35,80,windows/train/run/train_011121_run_004111_004429_w000035_000080.npz
train_011121_walk_000487_000937_w000000_000045,train_011121_walk_000487_000937,MPI_HDM05/dg/HDM_dg_01-04_02_120_poses.npz,walk,walk,dg,0,45,windows/train/walk/train_011121_walk_000487_000937_w000000_000045.npz
train_011121_walk_004837_005149_w000000_000045,train_011121_walk_004837_005149,MPI_HDM05/dg/HDM_dg_01-04_02_120_poses.npz,walk,walk,dg,0,45,windows/train/walk/train_011121_walk_004837_005149_w000000_000045.npz
train_011121_walk_000487_000937_w000015_000060,train_011121_walk_000487_000937,MPI_HDM05/dg/HDM_dg_01-04_02_120_poses.npz,walk,walk,dg,15,60,windows/train/walk/train_011121_walk_000487_000937_w000015_000060.npz
train_011121_walk_004837_005149_w000015_000060,train_011121_walk_004837_005149,MPI_HDM05/dg/HDM_dg_01-04_02_120_poses.npz,walk,walk,dg,15,60,windows/train/walk/train_011121_walk_004837_005149_w000015_000060.npz
train_011121_walk_002419_002863_w000030_000075,train_011121_walk_002419_002863,MPI_HDM05/dg/HDM_dg_01-04_02_120_poses.npz,walk,walk,dg,30,75,windows/train/walk/train_011121_walk_002419_002863_w000030_000075.npz
train_011121_walk_004837_005149_w000030_000075,train_011121_walk_004837_005149,MPI_HDM05/dg/HDM_dg_01-04_02_120_poses.npz,walk,walk,dg,30,75,windows/train/walk/train_011121_walk_004837_005149_w000030_000075.npz
train_011121_walk_003493_003835_w000041_000086,train_011121_walk_003493_003835,MPI_HDM05/dg/HDM_dg_01-04_02_120_poses.npz,walk,walk,dg,41,86,windows/train/walk/train_011121_walk_003493_003835_w000041_000086.npz
train_011121_walk_005509_005899_w000045_000090,train_011121_walk_005509_005899,MPI_HDM05/dg/HDM_dg_01-04_02_120_poses.npz,walk,walk,dg,45,90,windows/train/walk/train_011121_walk_005509_005899_w000045_000090.npz
train_011121_walk_000487_000937_w000060_000105,train_011121_walk_000487_000937,MPI_HDM05/dg/HDM_dg_01-04_02_120_poses.npz,walk,walk,dg,60,105,windows/train/walk/train_011121_walk_000487_000937_w000060_000105.npz
train_011121_walk_000487_000937_w000068_000113,train_011121_walk_000487_000937,MPI_HDM05/dg/HDM_dg_01-04_02_120_poses.npz,walk,walk,dg,68,113,windows/train/walk/train_011121_walk_000487_000937_w000068_000113.npz
train_005771_unknown_mixed_000000_000438_w000000_000045,train_005771_unknown_mixed_000000_000438,MPI_HDM05/dg/HDM_dg_01-04_03_120_poses.npz,unknown_mixed,other,dg,0,45,windows/train/unknown_mixed/train_005771_unknown_mixed_000000_000438_w000000_000045.npz
train_005771_unknown_mixed_002771_003200_w000000_000045,train_005771_unknown_mixed_002771_003200,MPI_HDM05/dg/HDM_dg_01-04_03_120_poses.npz,unknown_mixed,other,dg,0,45,windows/train/unknown_mixed/train_005771_unknown_mixed_002771_003200_w000000_000045.npz
train_005771_unknown_mixed_004999_005183_w000001_000046,train_005771_unknown_mixed_004999_005183,MPI_HDM05/dg/HDM_dg_01-04_03_120_poses.npz,unknown_mixed,other,dg,1,46,windows/train/unknown_mixed/train_005771_unknown_mixed_004999_005183_w000001_000046.npz
train_005771_unknown_mixed_000000_000438_w000015_000060,train_005771_unknown_mixed_000000_000438,MPI_HDM05/dg/HDM_dg_01-04_03_120_poses.npz,unknown_mixed,other,dg,15,60,windows/train/unknown_mixed/train_005771_unknown_mixed_000000_000438_w000015_000060.npz
train_005771_unknown_mixed_005587_006047_w000015_000060,train_005771_unknown_mixed_005587_006047,MPI_HDM05/dg/HDM_dg_01-04_03_120_poses.npz,unknown_mixed,other,dg,15,60,windows/train/unknown_mixed/train_005771_unknown_mixed_005587_006047_w000015_000060.npz
train_005771_unknown_mixed_005587_006047_w000030_000075,train_005771_unknown_mixed_005587_006047,MPI_HDM05/dg/HDM_dg_01-04_03_120_poses.npz,unknown_mixed,other,dg,30,75,windows/train/unknown_mixed/train_005771_unknown_mixed_005587_006047_w000030_000075.npz
train_005771_unknown_mixed_004177_004627_w000045_000090,train_005771_unknown_mixed_004177_004627,MPI_HDM05/dg/HDM_dg_01-04_03_120_poses.npz,unknown_mixed,other,dg,45,90,windows/train/unknown_mixed/train_005771_unknown_mixed_004177_004627_w000045_000090.npz
train_005771_unknown_mixed_002771_003200_w000060_000105,train_005771_unknown_mixed_002771_003200,MPI_HDM05/dg/HDM_dg_01-04_03_120_poses.npz,unknown_mixed,other,dg,60,105,windows/train/unknown_mixed/train_005771_unknown_mixed_002771_003200_w000060_000105.npz
train_005771_unknown_mixed_004177_004627_w000068_000113,train_005771_unknown_mixed_004177_004627,MPI_HDM05/dg/HDM_dg_01-04_03_120_poses.npz,unknown_mixed,other,dg,68,113,windows/train/unknown_mixed/train_005771_unknown_mixed_004177_004627_w000068_000113.npz
train_005771_unknown_mixed_001353_001908_w000094_000139,train_005771_unknown_mixed_001353_001908,MPI_HDM05/dg/HDM_dg_01-04_03_120_poses.npz,unknown_mixed,other,dg,94,139,windows/train/unknown_mixed/train_005771_unknown_mixed_001353_001908_w000094_000139.npz
train_005771_run_001030_001353_w000000_000045,train_005771_run_001030_001353,MPI_HDM05/dg/HDM_dg_01-04_03_120_poses.npz,run,run,dg,0,45,windows/train/run/train_005771_run_001030_001353_w000000_000045.npz
train_005771_run_003838_004177_w000000_000045,train_005771_run_003838_004177,MPI_HDM05/dg/HDM_dg_01-04_03_120_poses.npz,run,run,dg,0,45,windows/train/run/train_005771_run_003838_004177_w000000_000045.npz
train_005771_run_004627_004999_w000000_000045,train_005771_run_004627_004999,MPI_HDM05/dg/HDM_dg_01-04_03_120_poses.npz,run,run,dg,0,45,windows/train/run/train_005771_run_004627_004999_w000000_000045.npz
train_005771_run_001908_002200_w000015_000060,train_005771_run_001908_002200,MPI_HDM05/dg/HDM_dg_01-04_03_120_poses.npz,run,run,dg,15,60,windows/train/run/train_005771_run_001908_002200_w000015_000060.npz
train_005771_run_004627_004999_w000015_000060,train_005771_run_004627_004999,MPI_HDM05/dg/HDM_dg_01-04_03_120_poses.npz,run,run,dg,15,60,windows/train/run/train_005771_run_004627_004999_w000015_000060.npz
train_005771_run_001908_002200_w000028_000073,train_005771_run_001908_002200,MPI_HDM05/dg/HDM_dg_01-04_03_120_poses.npz,run,run,dg,28,73,windows/train/run/train_005771_run_001908_002200_w000028_000073.npz
train_005771_run_003838_004177_w000030_000075,train_005771_run_003838_004177,MPI_HDM05/dg/HDM_dg_01-04_03_120_poses.npz,run,run,dg,30,75,windows/train/run/train_005771_run_003838_004177_w000030_000075.npz
train_005771_run_001030_001353_w000036_000081,train_005771_run_001030_001353,MPI_HDM05/dg/HDM_dg_01-04_03_120_poses.npz,run,run,dg,36,81,windows/train/run/train_005771_run_001030_001353_w000036_000081.npz
train_005771_run_003838_004177_w000040_000085,train_005771_run_003838_004177,MPI_HDM05/dg/HDM_dg_01-04_03_120_poses.npz,run,run,dg,40,85,windows/train/run/train_005771_run_003838_004177_w000040_000085.npz
train_005771_run_004627_004999_w000048_000093,train_005771_run_004627_004999,MPI_HDM05/dg/HDM_dg_01-04_03_120_poses.npz,run,run,dg,48,93,windows/train/run/train_005771_run_004627_004999_w000048_000093.npz
train_005771_walk_000438_000820_w000000_000045,train_005771_walk_000438_000820,MPI_HDM05/dg/HDM_dg_01-04_03_120_poses.npz,walk,walk,dg,0,45,windows/train/walk/train_005771_walk_000438_000820_w000000_000045.npz
train_005771_walk_003200_003618_w000000_000045,train_005771_walk_003200_003618,MPI_HDM05/dg/HDM_dg_01-04_03_120_poses.npz,walk,walk,dg,0,45,windows/train/walk/train_005771_walk_003200_003618_w000000_000045.npz
train_005771_walk_000438_000820_w000015_000060,train_005771_walk_000438_000820,MPI_HDM05/dg/HDM_dg_01-04_03_120_poses.npz,walk,walk,dg,15,60,windows/train/walk/train_005771_walk_000438_000820_w000015_000060.npz
train_005771_walk_003200_003618_w000015_000060,train_005771_walk_003200_003618,MPI_HDM05/dg/HDM_dg_01-04_03_120_poses.npz,walk,walk,dg,15,60,windows/train/walk/train_005771_walk_003200_003618_w000015_000060.npz
train_005771_walk_000438_000820_w000030_000075,train_005771_walk_000438_000820,MPI_HDM05/dg/HDM_dg_01-04_03_120_poses.npz,walk,walk,dg,30,75,windows/train/walk/train_005771_walk_000438_000820_w000030_000075.npz
train_005771_walk_005183_005587_w000030_000075,train_005771_walk_005183_005587,MPI_HDM05/dg/HDM_dg_01-04_03_120_poses.npz,walk,walk,dg,30,75,windows/train/walk/train_005771_walk_005183_005587_w000030_000075.npz
train_005771_walk_002410_002771_w000045_000090,train_005771_walk_002410_002771,MPI_HDM05/dg/HDM_dg_01-04_03_120_poses.npz,walk,walk,dg,45,90,windows/train/walk/train_005771_walk_002410_002771_w000045_000090.npz
train_005771_walk_005183_005587_w000045_000090,train_005771_walk_005183_005587,MPI_HDM05/dg/HDM_dg_01-04_03_120_poses.npz,walk,walk,dg,45,90,windows/train/walk/train_005771_walk_005183_005587_w000045_000090.npz
train_005771_walk_000438_000820_w000051_000096,train_005771_walk_000438_000820,MPI_HDM05/dg/HDM_dg_01-04_03_120_poses.npz,walk,walk,dg,51,96,windows/train/walk/train_005771_walk_000438_000820_w000051_000096.npz
train_005771_walk_003200_003618_w000060_000105,train_005771_walk_003200_003618,MPI_HDM05/dg/HDM_dg_01-04_03_120_poses.npz,walk,walk,dg,60,105,windows/train/walk/train_005771_walk_003200_003618_w000060_000105.npz
train_010473_unknown_mixed_001674_001960_w000000_000045,train_010473_unknown_mixed_001674_001960,MPI_HDM05/dg/HDM_dg_02-02_01_120_poses.npz,unknown_mixed,other,dg,0,45,windows/train/unknown_mixed/train_010473_unknown_mixed_001674_001960_w000000_000045.npz
train_010473_unknown_mixed_003441_003753_w000000_000045,train_010473_unknown_mixed_003441_003753,MPI_HDM05/dg/HDM_dg_02-02_01_120_poses.npz,unknown_mixed,other,dg,0,45,windows/train/unknown_mixed/train_010473_unknown_mixed_003441_003753_w000000_000045.npz
train_010473_unknown_mixed_004456_004743_w000000_000045,train_010473_unknown_mixed_004456_004743,MPI_HDM05/dg/HDM_dg_02-02_01_120_poses.npz,unknown_mixed,other,dg,0,45,windows/train/unknown_mixed/train_010473_unknown_mixed_004456_004743_w000000_000045.npz
train_010473_unknown_mixed_001674_001960_w000015_000060,train_010473_unknown_mixed_001674_001960,MPI_HDM05/dg/HDM_dg_02-02_01_120_poses.npz,unknown_mixed,other,dg,15,60,windows/train/unknown_mixed/train_010473_unknown_mixed_001674_001960_w000015_000060.npz
train_010473_unknown_mixed_002646_002883_w000015_000060,train_010473_unknown_mixed_002646_002883,MPI_HDM05/dg/HDM_dg_02-02_01_120_poses.npz,unknown_mixed,other,dg,15,60,windows/train/unknown_mixed/train_010473_unknown_mixed_002646_002883_w000015_000060.npz
train_010473_unknown_mixed_004456_004743_w000015_000060,train_010473_unknown_mixed_004456_004743,MPI_HDM05/dg/HDM_dg_02-02_01_120_poses.npz,unknown_mixed,other,dg,15,60,windows/train/unknown_mixed/train_010473_unknown_mixed_004456_004743_w000015_000060.npz
train_010473_unknown_mixed_005347_005613_w000015_000060,train_010473_unknown_mixed_005347_005613,MPI_HDM05/dg/HDM_dg_02-02_01_120_poses.npz,unknown_mixed,other,dg,15,60,windows/train/unknown_mixed/train_010473_unknown_mixed_005347_005613_w000015_000060.npz
train_010473_unknown_mixed_001674_001960_w000027_000072,train_010473_unknown_mixed_001674_001960,MPI_HDM05/dg/HDM_dg_02-02_01_120_poses.npz,unknown_mixed,other,dg,27,72,windows/train/unknown_mixed/train_010473_unknown_mixed_001674_001960_w000027_000072.npz
train_010473_unknown_mixed_004456_004743_w000027_000072,train_010473_unknown_mixed_004456_004743,MPI_HDM05/dg/HDM_dg_02-02_01_120_poses.npz,unknown_mixed,other,dg,27,72,windows/train/unknown_mixed/train_010473_unknown_mixed_004456_004743_w000027_000072.npz
train_010473_unknown_mixed_003441_003753_w000033_000078,train_010473_unknown_mixed_003441_003753,MPI_HDM05/dg/HDM_dg_02-02_01_120_poses.npz,unknown_mixed,other,dg,33,78,windows/train/unknown_mixed/train_010473_unknown_mixed_003441_003753_w000033_000078.npz
train_010473_walk_000534_000758_w000000_000045,train_010473_walk_000534_000758,MPI_HDM05/dg/HDM_dg_02-02_01_120_poses.npz,walk,walk,dg,0,45,windows/train/walk/train_010473_walk_000534_000758_w000000_000045.npz
train_010473_walk_005613_005956_w000000_000045,train_010473_walk_005613_005956,MPI_HDM05/dg/HDM_dg_02-02_01_120_poses.npz,walk,walk,dg,0,45,windows/train/walk/train_010473_walk_005613_005956_w000000_000045.npz
train_010473_walk_003753_004456_w000015_000060,train_010473_walk_003753_004456,MPI_HDM05/dg/HDM_dg_02-02_01_120_poses.npz,walk,walk,dg,15,60,windows/train/walk/train_010473_walk_003753_004456_w000015_000060.npz
train_010473_walk_003753_004456_w000030_000075,train_010473_walk_003753_004456,MPI_HDM05/dg/HDM_dg_02-02_01_120_poses.npz,walk,walk,dg,30,75,windows/train/walk/train_010473_walk_003753_004456_w000030_000075.npz
train_010473_walk_002883_003441_w000045_000090,train_010473_walk_002883_003441,MPI_HDM05/dg/HDM_dg_02-02_01_120_poses.npz,walk,walk,dg,45,90,windows/train/walk/train_010473_walk_002883_003441_w000045_000090.npz
train_010473_walk_002883_003441_w000060_000105,train_010473_walk_002883_003441,MPI_HDM05/dg/HDM_dg_02-02_01_120_poses.npz,walk,walk,dg,60,105,windows/train/walk/train_010473_walk_002883_003441_w000060_000105.npz
train_010473_walk_003753_004456_w000075_000120,train_010473_walk_003753_004456,MPI_HDM05/dg/HDM_dg_02-02_01_120_poses.npz,walk,walk,dg,75,120,windows/train/walk/train_010473_walk_003753_004456_w000075_000120.npz
train_010473_walk_004743_005347_w000090_000135,train_010473_walk_004743_005347,MPI_HDM05/dg/HDM_dg_02-02_01_120_poses.npz,walk,walk,dg,90,135,windows/train/walk/train_010473_walk_004743_005347_w000090_000135.npz
train_010473_walk_004743_005347_w000105_000150,train_010473_walk_004743_005347,MPI_HDM05/dg/HDM_dg_02-02_01_120_poses.npz,walk,walk,dg,105,150,windows/train/walk/train_010473_walk_004743_005347_w000105_000150.npz
train_010473_walk_003753_004456_w000131_000176,train_010473_walk_003753_004456,MPI_HDM05/dg/HDM_dg_02-02_01_120_poses.npz,walk,walk,dg,131,176,windows/train/walk/train_010473_walk_003753_004456_w000131_000176.npz
train_009144_unknown_mixed_000000_000588_w000000_000045,train_009144_unknown_mixed_000000_000588,MPI_HDM05/dg/HDM_dg_02-02_02_120_poses.npz,unknown_mixed,other,dg,0,45,windows/train/unknown_mixed/train_009144_unknown_mixed_000000_000588_w000000_000045.npz
train_009144_unknown_mixed_002609_003046_w000000_000045,train_009144_unknown_mixed_002609_003046,MPI_HDM05/dg/HDM_dg_02-02_02_120_poses.npz,unknown_mixed,other,dg,0,45,windows/train/unknown_mixed/train_009144_unknown_mixed_002609_003046_w000000_000045.npz
train_009144_unknown_mixed_000761_001198_w000015_000060,train_009144_unknown_mixed_000761_001198,MPI_HDM05/dg/HDM_dg_02-02_02_120_poses.npz,unknown_mixed,other,dg,15,60,windows/train/unknown_mixed/train_009144_unknown_mixed_000761_001198_w000015_000060.npz
train_009144_unknown_mixed_000761_001198_w000030_000075,train_009144_unknown_mixed_000761_001198,MPI_HDM05/dg/HDM_dg_02-02_02_120_poses.npz,unknown_mixed,other,dg,30,75,windows/train/unknown_mixed/train_009144_unknown_mixed_000761_001198_w000030_000075.npz
train_009144_unknown_mixed_000761_001198_w000045_000090,train_009144_unknown_mixed_000761_001198,MPI_HDM05/dg/HDM_dg_02-02_02_120_poses.npz,unknown_mixed,other,dg,45,90,windows/train/unknown_mixed/train_009144_unknown_mixed_000761_001198_w000045_000090.npz
train_009144_unknown_mixed_002609_003046_w000060_000105,train_009144_unknown_mixed_002609_003046,MPI_HDM05/dg/HDM_dg_02-02_02_120_poses.npz,unknown_mixed,other,dg,60,105,windows/train/unknown_mixed/train_009144_unknown_mixed_002609_003046_w000060_000105.npz
train_009144_unknown_mixed_000000_000588_w000075_000120,train_009144_unknown_mixed_000000_000588,MPI_HDM05/dg/HDM_dg_02-02_02_120_poses.npz,unknown_mixed,other,dg,75,120,windows/train/unknown_mixed/train_009144_unknown_mixed_000000_000588_w000075_000120.npz
train_009144_unknown_mixed_000000_000588_w000102_000147,train_009144_unknown_mixed_000000_000588,MPI_HDM05/dg/HDM_dg_02-02_02_120_poses.npz,unknown_mixed,other,dg,102,147,windows/train/unknown_mixed/train_009144_unknown_mixed_000000_000588_w000102_000147.npz
train_009144_unknown_mixed_003173_004198_w000165_000210,train_009144_unknown_mixed_003173_004198,MPI_HDM05/dg/HDM_dg_02-02_02_120_poses.npz,unknown_mixed,other,dg,165,210,windows/train/unknown_mixed/train_009144_unknown_mixed_003173_004198_w000165_000210.npz
train_009144_unknown_mixed_003173_004198_w000212_000257,train_009144_unknown_mixed_003173_004198,MPI_HDM05/dg/HDM_dg_02-02_02_120_poses.npz,unknown_mixed,other,dg,212,257,windows/train/unknown_mixed/train_009144_unknown_mixed_003173_004198_w000212_000257.npz
train_009144_walk_001788_001997_w000000_000045,train_009144_walk_001788_001997,MPI_HDM05/dg/HDM_dg_02-02_02_120_poses.npz,walk,walk,dg,0,45,windows/train/walk/train_009144_walk_001788_001997_w000000_000045.npz
train_009144_walk_001788_001997_w000008_000053,train_009144_walk_001788_001997,MPI_HDM05/dg/HDM_dg_02-02_02_120_poses.npz,walk,walk,dg,8,53,windows/train/walk/train_009144_walk_001788_001997_w000008_000053.npz
train_009576_walk_000410_000708_w000000_000045,train_009576_walk_000410_000708,MPI_HDM05/dg/HDM_dg_02-02_04_120_poses.npz,walk,walk,dg,0,45,windows/train/walk/train_009576_walk_000410_000708_w000000_000045.npz
train_009576_walk_002070_002308_w000000_000045,train_009576_walk_002070_002308,MPI_HDM05/dg/HDM_dg_02-02_04_120_poses.npz,walk,walk,dg,0,45,windows/train/walk/train_009576_walk_002070_002308_w000000_000045.npz
train_009576_walk_002815_003095_w000000_000045,train_009576_walk_002815_003095,MPI_HDM05/dg/HDM_dg_02-02_04_120_poses.npz,walk,walk,dg,0,45,windows/train/walk/train_009576_walk_002815_003095_w000000_000045.npz
train_009576_walk_004553_004793_w000000_000045,train_009576_walk_004553_004793,MPI_HDM05/dg/HDM_dg_02-02_04_120_poses.npz,walk,walk,dg,0,45,windows/train/walk/train_009576_walk_004553_004793_w000000_000045.npz
train_009576_walk_003700_003930_w000013_000058,train_009576_walk_003700_003930,MPI_HDM05/dg/HDM_dg_02-02_04_120_poses.npz,walk,walk,dg,13,58,windows/train/walk/train_009576_walk_003700_003930_w000013_000058.npz
train_009576_walk_001263_001525_w000015_000060,train_009576_walk_001263_001525,MPI_HDM05/dg/HDM_dg_02-02_04_120_poses.npz,walk,walk,dg,15,60,windows/train/walk/train_009576_walk_001263_001525_w000015_000060.npz
train_009576_walk_002070_002308_w000015_000060,train_009576_walk_002070_002308,MPI_HDM05/dg/HDM_dg_02-02_04_120_poses.npz,walk,walk,dg,15,60,windows/train/walk/train_009576_walk_002070_002308_w000015_000060.npz
train_009576_walk_004553_004793_w000015_000060,train_009576_walk_004553_004793,MPI_HDM05/dg/HDM_dg_02-02_04_120_poses.npz,walk,walk,dg,15,60,windows/train/walk/train_009576_walk_004553_004793_w000015_000060.npz
train_009576_walk_001263_001525_w000021_000066,train_009576_walk_001263_001525,MPI_HDM05/dg/HDM_dg_02-02_04_120_poses.npz,walk,walk,dg,21,66,windows/train/walk/train_009576_walk_001263_001525_w000021_000066.npz
train_009576_walk_000410_000708_w000030_000075,train_009576_walk_000410_000708,MPI_HDM05/dg/HDM_dg_02-02_04_120_poses.npz,walk,walk,dg,30,75,windows/train/walk/train_009576_walk_000410_000708_w000030_000075.npz
train_008610_unknown_mixed_000000_000300_w000000_000045,train_008610_unknown_mixed_000000_000300,MPI_HDM05/dg/HDM_dg_02-03_01_120_poses.npz,unknown_mixed,other,dg,0,45,windows/train/unknown_mixed/train_008610_unknown_mixed_000000_000300_w000000_000045.npz
train_008610_unknown_mixed_000320_001884_w000015_000060,train_008610_unknown_mixed_000320_001884,MPI_HDM05/dg/HDM_dg_02-03_01_120_poses.npz,unknown_mixed,other,dg,15,60,windows/train/unknown_mixed/train_008610_unknown_mixed_000320_001884_w000015_000060.npz
train_008610_unknown_mixed_000320_001884_w000045_000090,train_008610_unknown_mixed_000320_001884,MPI_HDM05/dg/HDM_dg_02-03_01_120_poses.npz,unknown_mixed,other,dg,45,90,windows/train/unknown_mixed/train_008610_unknown_mixed_000320_001884_w000045_000090.npz
train_008610_unknown_mixed_000320_001884_w000090_000135,train_008610_unknown_mixed_000320_001884,MPI_HDM05/dg/HDM_dg_02-03_01_120_poses.npz,unknown_mixed,other,dg,90,135,windows/train/unknown_mixed/train_008610_unknown_mixed_000320_001884_w000090_000135.npz
train_008610_unknown_mixed_000320_001884_w000135_000180,train_008610_unknown_mixed_000320_001884,MPI_HDM05/dg/HDM_dg_02-03_01_120_poses.npz,unknown_mixed,other,dg,135,180,windows/train/unknown_mixed/train_008610_unknown_mixed_000320_001884_w000135_000180.npz
train_008610_unknown_mixed_000320_001884_w000180_000225,train_008610_unknown_mixed_000320_001884,MPI_HDM05/dg/HDM_dg_02-03_01_120_poses.npz,unknown_mixed,other,dg,180,225,windows/train/unknown_mixed/train_008610_unknown_mixed_000320_001884_w000180_000225.npz
train_008610_unknown_mixed_000320_001884_w000225_000270,train_008610_unknown_mixed_000320_001884,MPI_HDM05/dg/HDM_dg_02-03_01_120_poses.npz,unknown_mixed,other,dg,225,270,windows/train/unknown_mixed/train_008610_unknown_mixed_000320_001884_w000225_000270.npz
train_008610_unknown_mixed_000320_001884_w000270_000315,train_008610_unknown_mixed_000320_001884,MPI_HDM05/dg/HDM_dg_02-03_01_120_poses.npz,unknown_mixed,other,dg,270,315,windows/train/unknown_mixed/train_008610_unknown_mixed_000320_001884_w000270_000315.npz
train_008610_unknown_mixed_000320_001884_w000315_000360,train_008610_unknown_mixed_000320_001884,MPI_HDM05/dg/HDM_dg_02-03_01_120_poses.npz,unknown_mixed,other,dg,315,360,windows/train/unknown_mixed/train_008610_unknown_mixed_000320_001884_w000315_000360.npz
train_008610_unknown_mixed_000320_001884_w000346_000391,train_008610_unknown_mixed_000320_001884,MPI_HDM05/dg/HDM_dg_02-03_01_120_poses.npz,unknown_mixed,other,dg,346,391,windows/train/unknown_mixed/train_008610_unknown_mixed_000320_001884_w000346_000391.npz
train_002817_unknown_mixed_001774_002091_w000000_000045,train_002817_unknown_mixed_001774_002091,MPI_HDM05/dg/HDM_dg_02-03_02_120_poses.npz,unknown_mixed,other,dg,0,45,windows/train/unknown_mixed/train_002817_unknown_mixed_001774_002091_w000000_000045.npz
train_002817_unknown_mixed_002191_002465_w000000_000045,train_002817_unknown_mixed_002191_002465,MPI_HDM05/dg/HDM_dg_02-03_02_120_poses.npz,unknown_mixed,other,dg,0,45,windows/train/unknown_mixed/train_002817_unknown_mixed_002191_002465_w000000_000045.npz
train_002817_unknown_mixed_002549_002900_w000000_000045,train_002817_unknown_mixed_002549_002900,MPI_HDM05/dg/HDM_dg_02-03_02_120_poses.npz,unknown_mixed,other,dg,0,45,windows/train/unknown_mixed/train_002817_unknown_mixed_002549_002900_w000000_000045.npz
train_002817_unknown_mixed_001774_002091_w000015_000060,train_002817_unknown_mixed_001774_002091,MPI_HDM05/dg/HDM_dg_02-03_02_120_poses.npz,unknown_mixed,other,dg,15,60,windows/train/unknown_mixed/train_002817_unknown_mixed_001774_002091_w000015_000060.npz
train_002817_unknown_mixed_002191_002465_w000015_000060,train_002817_unknown_mixed_002191_002465,MPI_HDM05/dg/HDM_dg_02-03_02_120_poses.npz,unknown_mixed,other,dg,15,60,windows/train/unknown_mixed/train_002817_unknown_mixed_002191_002465_w000015_000060.npz
train_002817_unknown_mixed_002191_002465_w000024_000069,train_002817_unknown_mixed_002191_002465,MPI_HDM05/dg/HDM_dg_02-03_02_120_poses.npz,unknown_mixed,other,dg,24,69,windows/train/unknown_mixed/train_002817_unknown_mixed_002191_002465_w000024_000069.npz
train_002817_unknown_mixed_001774_002091_w000030_000075,train_002817_unknown_mixed_001774_002091,MPI_HDM05/dg/HDM_dg_02-03_02_120_poses.npz,unknown_mixed,other,dg,30,75,windows/train/unknown_mixed/train_002817_unknown_mixed_001774_002091_w000030_000075.npz
train_002817_unknown_mixed_002549_002900_w000030_000075,train_002817_unknown_mixed_002549_002900,MPI_HDM05/dg/HDM_dg_02-03_02_120_poses.npz,unknown_mixed,other,dg,30,75,windows/train/unknown_mixed/train_002817_unknown_mixed_002549_002900_w000030_000075.npz
train_002817_unknown_mixed_001774_002091_w000035_000080,train_002817_unknown_mixed_001774_002091,MPI_HDM05/dg/HDM_dg_02-03_02_120_poses.npz,unknown_mixed,other,dg,35,80,windows/train/unknown_mixed/train_002817_unknown_mixed_001774_002091_w000035_000080.npz
train_002817_unknown_mixed_002549_002900_w000043_000088,train_002817_unknown_mixed_002549_002900,MPI_HDM05/dg/HDM_dg_02-03_02_120_poses.npz,unknown_mixed,other,dg,43,88,windows/train/unknown_mixed/train_002817_unknown_mixed_002549_002900_w000043_000088.npz
train_002817_walk_000124_000340_w000000_000045,train_002817_walk_000124_000340,MPI_HDM05/dg/HDM_dg_02-03_02_120_poses.npz,walk,walk,dg,0,45,windows/train/walk/train_002817_walk_000124_000340_w000000_000045.npz
train_002817_walk_000124_000340_w000009_000054,train_002817_walk_000124_000340,MPI_HDM05/dg/HDM_dg_02-03_02_120_poses.npz,walk,walk,dg,9,54,windows/train/walk/train_002817_walk_000124_000340_w000009_000054.npz
train_007820_idle_000445_001800_w000000_000045,train_007820_idle_000445_001800,MPI_HDM05/dg/HDM_dg_02-03_03_120_poses.npz,idle,other,dg,0,45,windows/train/idle/train_007820_idle_000445_001800_w000000_000045.npz
train_007820_unknown_mixed_000000_000445_w000015_000060,train_007820_unknown_mixed_000000_000445,MPI_HDM05/dg/HDM_dg_02-03_03_120_poses.npz,unknown_mixed,other,dg,15,60,windows/train/unknown_mixed/train_007820_unknown_mixed_000000_000445_w000015_000060.npz
train_007820_idle_000445_001800_w000045_000090,train_007820_idle_000445_001800,MPI_HDM05/dg/HDM_dg_02-03_03_120_poses.npz,idle,other,dg,45,90,windows/train/idle/train_007820_idle_000445_001800_w000045_000090.npz
train_007820_unknown_mixed_000000_000445_w000060_000105,train_007820_unknown_mixed_000000_000445,MPI_HDM05/dg/HDM_dg_02-03_03_120_poses.npz,unknown_mixed,other,dg,60,105,windows/train/unknown_mixed/train_007820_unknown_mixed_000000_000445_w000060_000105.npz
train_007820_idle_000445_001800_w000090_000135,train_007820_idle_000445_001800,MPI_HDM05/dg/HDM_dg_02-03_03_120_poses.npz,idle,other,dg,90,135,windows/train/idle/train_007820_idle_000445_001800_w000090_000135.npz
train_007820_idle_000445_001800_w000120_000165,train_007820_idle_000445_001800,MPI_HDM05/dg/HDM_dg_02-03_03_120_poses.npz,idle,other,dg,120,165,windows/train/idle/train_007820_idle_000445_001800_w000120_000165.npz
train_007820_idle_000445_001800_w000165_000210,train_007820_idle_000445_001800,MPI_HDM05/dg/HDM_dg_02-03_03_120_poses.npz,idle,other,dg,165,210,windows/train/idle/train_007820_idle_000445_001800_w000165_000210.npz
train_007820_idle_000445_001800_w000210_000255,train_007820_idle_000445_001800,MPI_HDM05/dg/HDM_dg_02-03_03_120_poses.npz,idle,other,dg,210,255,windows/train/idle/train_007820_idle_000445_001800_w000210_000255.npz
train_007820_idle_000445_001800_w000255_000300,train_007820_idle_000445_001800,MPI_HDM05/dg/HDM_dg_02-03_03_120_poses.npz,idle,other,dg,255,300,windows/train/idle/train_007820_idle_000445_001800_w000255_000300.npz
train_007820_idle_000445_001800_w000294_000339,train_007820_idle_000445_001800,MPI_HDM05/dg/HDM_dg_02-03_03_120_poses.npz,idle,other,dg,294,339,windows/train/idle/train_007820_idle_000445_001800_w000294_000339.npz
train_004166_dance_000220_003021_w000000_000045,train_004166_dance_000220_003021,MPI_HDM05/dg/HDM_dg_03-01_01_120_poses.npz,dance,other,dg,0,45,windows/train/dance/train_004166_dance_000220_003021_w000000_000045.npz
train_004166_dance_000220_003021_w000075_000120,train_004166_dance_000220_003021,MPI_HDM05/dg/HDM_dg_03-01_01_120_poses.npz,dance,other,dg,75,120,windows/train/dance/train_004166_dance_000220_003021_w000075_000120.npz
train_004166_dance_003221_008171_w000180_000225,train_004166_dance_003221_008171,MPI_HDM05/dg/HDM_dg_03-01_01_120_poses.npz,dance,other,dg,180,225,windows/train/dance/train_004166_dance_003221_008171_w000180_000225.npz
train_004166_dance_003221_008171_w000285_000330,train_004166_dance_003221_008171,MPI_HDM05/dg/HDM_dg_03-01_01_120_poses.npz,dance,other,dg,285,330,windows/train/dance/train_004166_dance_003221_008171_w000285_000330.npz
train_004166_dance_003221_008171_w000390_000435,train_004166_dance_003221_008171,MPI_HDM05/dg/HDM_dg_03-01_01_120_poses.npz,dance,other,dg,390,435,windows/train/dance/train_004166_dance_003221_008171_w000390_000435.npz
train_004166_dance_000220_003021_w000510_000555,train_004166_dance_000220_003021,MPI_HDM05/dg/HDM_dg_03-01_01_120_poses.npz,dance,other,dg,510,555,windows/train/dance/train_004166_dance_000220_003021_w000510_000555.npz
train_004166_dance_000220_003021_w000615_000660,train_004166_dance_000220_003021,MPI_HDM05/dg/HDM_dg_03-01_01_120_poses.npz,dance,other,dg,615,660,windows/train/dance/train_004166_dance_000220_003021_w000615_000660.npz
train_004166_dance_003221_008171_w000765_000810,train_004166_dance_003221_008171,MPI_HDM05/dg/HDM_dg_03-01_01_120_poses.npz,dance,other,dg,765,810,windows/train/dance/train_004166_dance_003221_008171_w000765_000810.npz
train_004166_dance_003221_008171_w000990_001035,train_004166_dance_003221_008171,MPI_HDM05/dg/HDM_dg_03-01_01_120_poses.npz,dance,other,dg,990,1035,windows/train/dance/train_004166_dance_003221_008171_w000990_001035.npz
train_004166_dance_003221_008171_w001193_001238,train_004166_dance_003221_008171,MPI_HDM05/dg/HDM_dg_03-01_01_120_poses.npz,dance,other,dg,1193,1238,windows/train/dance/train_004166_dance_003221_008171_w001193_001238.npz
train_000571_dance_000253_002928_w000000_000045,train_000571_dance_000253_002928,MPI_HDM05/dg/HDM_dg_03-01_02_120_poses.npz,dance,other,dg,0,45,windows/train/dance/train_000571_dance_000253_002928_w000000_000045.npz
train_000571_dance_000253_002928_w000075_000120,train_000571_dance_000253_002928,MPI_HDM05/dg/HDM_dg_03-01_02_120_poses.npz,dance,other,dg,75,120,windows/train/dance/train_000571_dance_000253_002928_w000075_000120.npz
train_000571_unknown_mixed_002928_007430_w000165_000210,train_000571_unknown_mixed_002928_007430,MPI_HDM05/dg/HDM_dg_03-01_02_120_poses.npz,unknown_mixed,other,dg,165,210,windows/train/unknown_mixed/train_000571_unknown_mixed_002928_007430_w000165_000210.npz
train_000571_unknown_mixed_002928_007430_w000270_000315,train_000571_unknown_mixed_002928_007430,MPI_HDM05/dg/HDM_dg_03-01_02_120_poses.npz,unknown_mixed,other,dg,270,315,windows/train/unknown_mixed/train_000571_unknown_mixed_002928_007430_w000270_000315.npz
train_000571_dance_000253_002928_w000375_000420,train_000571_dance_000253_002928,MPI_HDM05/dg/HDM_dg_03-01_02_120_poses.npz,dance,other,dg,375,420,windows/train/dance/train_000571_dance_000253_002928_w000375_000420.npz
train_000571_unknown_mixed_002928_007430_w000465_000510,train_000571_unknown_mixed_002928_007430,MPI_HDM05/dg/HDM_dg_03-01_02_120_poses.npz,unknown_mixed,other,dg,465,510,windows/train/unknown_mixed/train_000571_unknown_mixed_002928_007430_w000465_000510.npz
train_000571_dance_000253_002928_w000570_000615,train_000571_dance_000253_002928,MPI_HDM05/dg/HDM_dg_03-01_02_120_poses.npz,dance,other,dg,570,615,windows/train/dance/train_000571_dance_000253_002928_w000570_000615.npz
train_000571_unknown_mixed_002928_007430_w000705_000750,train_000571_unknown_mixed_002928_007430,MPI_HDM05/dg/HDM_dg_03-01_02_120_poses.npz,unknown_mixed,other,dg,705,750,windows/train/unknown_mixed/train_000571_unknown_mixed_002928_007430_w000705_000750.npz
train_000571_unknown_mixed_002928_007430_w000900_000945,train_000571_unknown_mixed_002928_007430,MPI_HDM05/dg/HDM_dg_03-01_02_120_poses.npz,unknown_mixed,other,dg,900,945,windows/train/unknown_mixed/train_000571_unknown_mixed_002928_007430_w000900_000945.npz
train_000571_unknown_mixed_002928_007430_w001081_001126,train_000571_unknown_mixed_002928_007430,MPI_HDM05/dg/HDM_dg_03-01_02_120_poses.npz,unknown_mixed,other,dg,1081,1126,windows/train/unknown_mixed/train_000571_unknown_mixed_002928_007430_w001081_001126.npz
train_003918_combat_001491_001815_w000000_000045,train_003918_combat_001491_001815,MPI_HDM05/dg/HDM_dg_03-02_02_120_poses.npz,combat,other,dg,0,45,windows/train/combat/train_003918_combat_001491_001815_w000000_000045.npz
train_003918_unknown_mixed_002398_002725_w000000_000045,train_003918_unknown_mixed_002398_002725,MPI_HDM05/dg/HDM_dg_03-02_02_120_poses.npz,unknown_mixed,other,dg,0,45,windows/train/unknown_mixed/train_003918_unknown_mixed_002398_002725_w000000_000045.npz
train_003918_combat_001491_001815_w000015_000060,train_003918_combat_001491_001815,MPI_HDM05/dg/HDM_dg_03-02_02_120_poses.npz,combat,other,dg,15,60,windows/train/combat/train_003918_combat_001491_001815_w000015_000060.npz
train_003918_unknown_mixed_002973_003475_w000015_000060,train_003918_unknown_mixed_002973_003475,MPI_HDM05/dg/HDM_dg_03-02_02_120_poses.npz,unknown_mixed,other,dg,15,60,windows/train/unknown_mixed/train_003918_unknown_mixed_002973_003475_w000015_000060.npz
train_003918_combat_001491_001815_w000030_000075,train_003918_combat_001491_001815,MPI_HDM05/dg/HDM_dg_03-02_02_120_poses.npz,combat,other,dg,30,75,windows/train/combat/train_003918_combat_001491_001815_w000030_000075.npz
train_003918_unknown_mixed_003653_004072_w000030_000075,train_003918_unknown_mixed_003653_004072,MPI_HDM05/dg/HDM_dg_03-02_02_120_poses.npz,unknown_mixed,other,dg,30,75,windows/train/unknown_mixed/train_003918_unknown_mixed_003653_004072_w000030_000075.npz
train_003918_unknown_mixed_000000_000513_w000045_000090,train_003918_unknown_mixed_000000_000513,MPI_HDM05/dg/HDM_dg_03-02_02_120_poses.npz,unknown_mixed,other,dg,45,90,windows/train/unknown_mixed/train_003918_unknown_mixed_000000_000513_w000045_000090.npz
train_003918_unknown_mixed_000000_000513_w000060_000105,train_003918_unknown_mixed_000000_000513,MPI_HDM05/dg/HDM_dg_03-02_02_120_poses.npz,unknown_mixed,other,dg,60,105,windows/train/unknown_mixed/train_003918_unknown_mixed_000000_000513_w000060_000105.npz
train_003918_unknown_mixed_002973_003475_w000075_000120,train_003918_unknown_mixed_002973_003475,MPI_HDM05/dg/HDM_dg_03-02_02_120_poses.npz,unknown_mixed,other,dg,75,120,windows/train/unknown_mixed/train_003918_unknown_mixed_002973_003475_w000075_000120.npz
train_003918_unknown_mixed_005226_005861_w000114_000159,train_003918_unknown_mixed_005226_005861,MPI_HDM05/dg/HDM_dg_03-02_02_120_poses.npz,unknown_mixed,other,dg,114,159,windows/train/unknown_mixed/train_003918_unknown_mixed_005226_005861_w000114_000159.npz
train_007760_combat_000388_000580_w000000_000045,train_007760_combat_000388_000580,MPI_HDM05/dg/HDM_dg_03-02_03_120_poses.npz,combat,other,dg,0,45,windows/train/combat/train_007760_combat_000388_000580_w000000_000045.npz
train_007760_combat_001143_001379_w000000_000045,train_007760_combat_001143_001379,MPI_HDM05/dg/HDM_dg_03-02_03_120_poses.npz,combat,other,dg,0,45,windows/train/combat/train_007760_combat_001143_001379_w000000_000045.npz
train_007760_unknown_mixed_000000_000388_w000000_000045,train_007760_unknown_mixed_000000_000388,MPI_HDM05/dg/HDM_dg_03-02_03_120_poses.npz,unknown_mixed,other,dg,0,45,windows/train/unknown_mixed/train_007760_unknown_mixed_000000_000388_w000000_000045.npz
train_007760_unknown_mixed_001741_002000_w000000_000045,train_007760_unknown_mixed_001741_002000,MPI_HDM05/dg/HDM_dg_03-02_03_120_poses.npz,unknown_mixed,other,dg,0,45,windows/train/unknown_mixed/train_007760_unknown_mixed_001741_002000_w000000_000045.npz
train_007760_combat_000692_000906_w000009_000054,train_007760_combat_000692_000906,MPI_HDM05/dg/HDM_dg_03-02_03_120_poses.npz,combat,other,dg,9,54,windows/train/combat/train_007760_combat_000692_000906_w000009_000054.npz
train_007760_combat_001511_001741_w000013_000058,train_007760_combat_001511_001741,MPI_HDM05/dg/HDM_dg_03-02_03_120_poses.npz,combat,other,dg,13,58,windows/train/combat/train_007760_combat_001511_001741_w000013_000058.npz
train_007760_unknown_mixed_000000_000388_w000015_000060,train_007760_unknown_mixed_000000_000388,MPI_HDM05/dg/HDM_dg_03-02_03_120_poses.npz,unknown_mixed,other,dg,15,60,windows/train/unknown_mixed/train_007760_unknown_mixed_000000_000388_w000015_000060.npz
train_007760_unknown_mixed_001741_002000_w000015_000060,train_007760_unknown_mixed_001741_002000,MPI_HDM05/dg/HDM_dg_03-02_03_120_poses.npz,unknown_mixed,other,dg,15,60,windows/train/unknown_mixed/train_007760_unknown_mixed_001741_002000_w000015_000060.npz
train_007760_unknown_mixed_000000_000388_w000030_000075,train_007760_unknown_mixed_000000_000388,MPI_HDM05/dg/HDM_dg_03-02_03_120_poses.npz,unknown_mixed,other,dg,30,75,windows/train/unknown_mixed/train_007760_unknown_mixed_000000_000388_w000030_000075.npz
train_007760_unknown_mixed_000000_000388_w000052_000097,train_007760_unknown_mixed_000000_000388,MPI_HDM05/dg/HDM_dg_03-02_03_120_poses.npz,unknown_mixed,other,dg,52,97,windows/train/unknown_mixed/train_007760_unknown_mixed_000000_000388_w000052_000097.npz
train_009403_walk_004612_005846_w000000_000045,train_009403_walk_004612_005846,MPI_HDM05/dg/HDM_dg_03-04_02_120_poses.npz,walk,walk,dg,0,45,windows/train/walk/train_009403_walk_004612_005846_w000000_000045.npz
train_009403_walk_004612_005846_w000030_000075,train_009403_walk_004612_005846,MPI_HDM05/dg/HDM_dg_03-04_02_120_poses.npz,walk,walk,dg,30,75,windows/train/walk/train_009403_walk_004612_005846_w000030_000075.npz
train_009403_walk_004612_005846_w000060_000105,train_009403_walk_004612_005846,MPI_HDM05/dg/HDM_dg_03-04_02_120_poses.npz,walk,walk,dg,60,105,windows/train/walk/train_009403_walk_004612_005846_w000060_000105.npz
train_009403_walk_004612_005846_w000090_000135,train_009403_walk_004612_005846,MPI_HDM05/dg/HDM_dg_03-04_02_120_poses.npz,walk,walk,dg,90,135,windows/train/walk/train_009403_walk_004612_005846_w000090_000135.npz
train_009403_walk_004612_005846_w000120_000165,train_009403_walk_004612_005846,MPI_HDM05/dg/HDM_dg_03-04_02_120_poses.npz,walk,walk,dg,120,165,windows/train/walk/train_009403_walk_004612_005846_w000120_000165.npz
train_009403_walk_004612_005846_w000150_000195,train_009403_walk_004612_005846,MPI_HDM05/dg/HDM_dg_03-04_02_120_poses.npz,walk,walk,dg,150,195,windows/train/walk/train_009403_walk_004612_005846_w000150_000195.npz
train_009403_walk_004612_005846_w000180_000225,train_009403_walk_004612_005846,MPI_HDM05/dg/HDM_dg_03-04_02_120_poses.npz,walk,walk,dg,180,225,windows/train/walk/train_009403_walk_004612_005846_w000180_000225.npz
train_009403_walk_004612_005846_w000210_000255,train_009403_walk_004612_005846,MPI_HDM05/dg/HDM_dg_03-04_02_120_poses.npz,walk,walk,dg,210,255,windows/train/walk/train_009403_walk_004612_005846_w000210_000255.npz
train_009403_walk_004612_005846_w000240_000285,train_009403_walk_004612_005846,MPI_HDM05/dg/HDM_dg_03-04_02_120_poses.npz,walk,walk,dg,240,285,windows/train/walk/train_009403_walk_004612_005846_w000240_000285.npz
train_009403_walk_004612_005846_w000264_000309,train_009403_walk_004612_005846,MPI_HDM05/dg/HDM_dg_03-04_02_120_poses.npz,walk,walk,dg,264,309,windows/train/walk/train_009403_walk_004612_005846_w000264_000309.npz
train_001234_walk_004207_004627_w000000_000045,train_001234_walk_004207_004627,MPI_HDM05/dg/HDM_dg_03-04_03_120_poses.npz,walk,walk,dg,0,45,windows/train/walk/train_001234_walk_004207_004627_w000000_000045.npz
train_001234_walk_004207_004627_w000015_000060,train_001234_walk_004207_004627,MPI_HDM05/dg/HDM_dg_03-04_03_120_poses.npz,walk,walk,dg,15,60,windows/train/walk/train_001234_walk_004207_004627_w000015_000060.npz
train_001234_walk_004207_004627_w000030_000075,train_001234_walk_004207_004627,MPI_HDM05/dg/HDM_dg_03-04_03_120_poses.npz,walk,walk,dg,30,75,windows/train/walk/train_001234_walk_004207_004627_w000030_000075.npz
train_001234_walk_004207_004627_w000045_000090,train_001234_walk_004207_004627,MPI_HDM05/dg/HDM_dg_03-04_03_120_poses.npz,walk,walk,dg,45,90,windows/train/walk/train_001234_walk_004207_004627_w000045_000090.npz
train_001234_walk_004207_004627_w000060_000105,train_001234_walk_004207_004627,MPI_HDM05/dg/HDM_dg_03-04_03_120_poses.npz,walk,walk,dg,60,105,windows/train/walk/train_001234_walk_004207_004627_w000060_000105.npz
train_004208_jump_acrobatic_000367_000874_w000000_000045,train_004208_jump_acrobatic_000367_000874,MPI_HDM05/dg/HDM_dg_03-05_01_120_poses.npz,jump_acrobatic,other,dg,0,45,windows/train/jump_acrobatic/train_004208_jump_acrobatic_000367_000874_w000000_000045.npz
train_004208_unknown_mixed_000000_000367_w000015_000060,train_004208_unknown_mixed_000000_000367,MPI_HDM05/dg/HDM_dg_03-05_01_120_poses.npz,unknown_mixed,other,dg,15,60,windows/train/unknown_mixed/train_004208_unknown_mixed_000000_000367_w000015_000060.npz
train_004208_unknown_mixed_001843_003839_w000030_000075,train_004208_unknown_mixed_001843_003839,MPI_HDM05/dg/HDM_dg_03-05_01_120_poses.npz,unknown_mixed,other,dg,30,75,windows/train/unknown_mixed/train_004208_unknown_mixed_001843_003839_w000030_000075.npz
train_004208_unknown_mixed_000000_000367_w000047_000092,train_004208_unknown_mixed_000000_000367,MPI_HDM05/dg/HDM_dg_03-05_01_120_poses.npz,unknown_mixed,other,dg,47,92,windows/train/unknown_mixed/train_004208_unknown_mixed_000000_000367_w000047_000092.npz
train_004208_unknown_mixed_001843_003839_w000075_000120,train_004208_unknown_mixed_001843_003839,MPI_HDM05/dg/HDM_dg_03-05_01_120_poses.npz,unknown_mixed,other,dg,75,120,windows/train/unknown_mixed/train_004208_unknown_mixed_001843_003839_w000075_000120.npz
train_004208_unknown_mixed_001843_003839_w000150_000195,train_004208_unknown_mixed_001843_003839,MPI_HDM05/dg/HDM_dg_03-05_01_120_poses.npz,unknown_mixed,other,dg,150,195,windows/train/unknown_mixed/train_004208_unknown_mixed_001843_003839_w000150_000195.npz
train_004208_unknown_mixed_001843_003839_w000225_000270,train_004208_unknown_mixed_001843_003839,MPI_HDM05/dg/HDM_dg_03-05_01_120_poses.npz,unknown_mixed,other,dg,225,270,windows/train/unknown_mixed/train_004208_unknown_mixed_001843_003839_w000225_000270.npz
train_004208_unknown_mixed_001843_003839_w000300_000345,train_004208_unknown_mixed_001843_003839,MPI_HDM05/dg/HDM_dg_03-05_01_120_poses.npz,unknown_mixed,other,dg,300,345,windows/train/unknown_mixed/train_004208_unknown_mixed_001843_003839_w000300_000345.npz
train_004208_unknown_mixed_001843_003839_w000390_000435,train_004208_unknown_mixed_001843_003839,MPI_HDM05/dg/HDM_dg_03-05_01_120_poses.npz,unknown_mixed,other,dg,390,435,windows/train/unknown_mixed/train_004208_unknown_mixed_001843_003839_w000390_000435.npz
train_004208_unknown_mixed_001843_003839_w000454_000499,train_004208_unknown_mixed_001843_003839,MPI_HDM05/dg/HDM_dg_03-05_01_120_poses.npz,unknown_mixed,other,dg,454,499,windows/train/unknown_mixed/train_004208_unknown_mixed_001843_003839_w000454_000499.npz
train_004208_run_001253_001843_w000000_000045,train_004208_run_001253_001843,MPI_HDM05/dg/HDM_dg_03-05_01_120_poses.npz,run,run,dg,0,45,windows/train/run/train_004208_run_001253_001843_w000000_000045.npz
train_004208_run_001253_001843_w000015_000060,train_004208_run_001253_001843,MPI_HDM05/dg/HDM_dg_03-05_01_120_poses.npz,run,run,dg,15,60,windows/train/run/train_004208_run_001253_001843_w000015_000060.npz
train_004208_run_001253_001843_w000030_000075,train_004208_run_001253_001843,MPI_HDM05/dg/HDM_dg_03-05_01_120_poses.npz,run,run,dg,30,75,windows/train/run/train_004208_run_001253_001843_w000030_000075.npz
train_004208_run_001253_001843_w000045_000090,train_004208_run_001253_001843,MPI_HDM05/dg/HDM_dg_03-05_01_120_poses.npz,run,run,dg,45,90,windows/train/run/train_004208_run_001253_001843_w000045_000090.npz
train_004208_run_001253_001843_w000060_000105,train_004208_run_001253_001843,MPI_HDM05/dg/HDM_dg_03-05_01_120_poses.npz,run,run,dg,60,105,windows/train/run/train_004208_run_001253_001843_w000060_000105.npz
train_004208_run_001253_001843_w000075_000120,train_004208_run_001253_001843,MPI_HDM05/dg/HDM_dg_03-05_01_120_poses.npz,run,run,dg,75,120,windows/train/run/train_004208_run_001253_001843_w000075_000120.npz
train_004208_run_001253_001843_w000090_000135,train_004208_run_001253_001843,MPI_HDM05/dg/HDM_dg_03-05_01_120_poses.npz,run,run,dg,90,135,windows/train/run/train_004208_run_001253_001843_w000090_000135.npz
train_004208_run_001253_001843_w000103_000148,train_004208_run_001253_001843,MPI_HDM05/dg/HDM_dg_03-05_01_120_poses.npz,run,run,dg,103,148,windows/train/run/train_004208_run_001253_001843_w000103_000148.npz
train_004298_jump_acrobatic_000343_000854_w000000_000045,train_004298_jump_acrobatic_000343_000854,MPI_HDM05/dg/HDM_dg_03-05_02_120_poses.npz,jump_acrobatic,other,dg,0,45,windows/train/jump_acrobatic/train_004298_jump_acrobatic_000343_000854_w000000_000045.npz
train_004298_unknown_mixed_000854_001178_w000015_000060,train_004298_unknown_mixed_000854_001178,MPI_HDM05/dg/HDM_dg_03-05_02_120_poses.npz,unknown_mixed,other,dg,15,60,windows/train/unknown_mixed/train_004298_unknown_mixed_000854_001178_w000015_000060.npz
train_004298_unknown_mixed_001630_003866_w000030_000075,train_004298_unknown_mixed_001630_003866,MPI_HDM05/dg/HDM_dg_03-05_02_120_poses.npz,unknown_mixed,other,dg,30,75,windows/train/unknown_mixed/train_004298_unknown_mixed_001630_003866_w000030_000075.npz
train_004298_unknown_mixed_001630_003866_w000060_000105,train_004298_unknown_mixed_001630_003866,MPI_HDM05/dg/HDM_dg_03-05_02_120_poses.npz,unknown_mixed,other,dg,60,105,windows/train/unknown_mixed/train_004298_unknown_mixed_001630_003866_w000060_000105.npz
train_004298_unknown_mixed_001630_003866_w000105_000150,train_004298_unknown_mixed_001630_003866,MPI_HDM05/dg/HDM_dg_03-05_02_120_poses.npz,unknown_mixed,other,dg,105,150,windows/train/unknown_mixed/train_004298_unknown_mixed_001630_003866_w000105_000150.npz
train_004298_unknown_mixed_001630_003866_w000195_000240,train_004298_unknown_mixed_001630_003866,MPI_HDM05/dg/HDM_dg_03-05_02_120_poses.npz,unknown_mixed,other,dg,195,240,windows/train/unknown_mixed/train_004298_unknown_mixed_001630_003866_w000195_000240.npz
train_004298_unknown_mixed_001630_003866_w000270_000315,train_004298_unknown_mixed_001630_003866,MPI_HDM05/dg/HDM_dg_03-05_02_120_poses.npz,unknown_mixed,other,dg,270,315,windows/train/unknown_mixed/train_004298_unknown_mixed_001630_003866_w000270_000315.npz
train_004298_unknown_mixed_001630_003866_w000360_000405,train_004298_unknown_mixed_001630_003866,MPI_HDM05/dg/HDM_dg_03-05_02_120_poses.npz,unknown_mixed,other,dg,360,405,windows/train/unknown_mixed/train_004298_unknown_mixed_001630_003866_w000360_000405.npz
train_004298_unknown_mixed_001630_003866_w000435_000480,train_004298_unknown_mixed_001630_003866,MPI_HDM05/dg/HDM_dg_03-05_02_120_poses.npz,unknown_mixed,other,dg,435,480,windows/train/unknown_mixed/train_004298_unknown_mixed_001630_003866_w000435_000480.npz
train_004298_unknown_mixed_001630_003866_w000514_000559,train_004298_unknown_mixed_001630_003866,MPI_HDM05/dg/HDM_dg_03-05_02_120_poses.npz,unknown_mixed,other,dg,514,559,windows/train/unknown_mixed/train_004298_unknown_mixed_001630_003866_w000514_000559.npz
train_004298_run_001178_001630_w000000_000045,train_004298_run_001178_001630,MPI_HDM05/dg/HDM_dg_03-05_02_120_poses.npz,run,run,dg,0,45,windows/train/run/train_004298_run_001178_001630_w000000_000045.npz
train_004298_run_001178_001630_w000015_000060,train_004298_run_001178_001630,MPI_HDM05/dg/HDM_dg_03-05_02_120_poses.npz,run,run,dg,15,60,windows/train/run/train_004298_run_001178_001630_w000015_000060.npz
train_004298_run_001178_001630_w000030_000075,train_004298_run_001178_001630,MPI_HDM05/dg/HDM_dg_03-05_02_120_poses.npz,run,run,dg,30,75,windows/train/run/train_004298_run_001178_001630_w000030_000075.npz
train_004298_run_001178_001630_w000045_000090,train_004298_run_001178_001630,MPI_HDM05/dg/HDM_dg_03-05_02_120_poses.npz,run,run,dg,45,90,windows/train/run/train_004298_run_001178_001630_w000045_000090.npz
train_004298_run_001178_001630_w000060_000105,train_004298_run_001178_001630,MPI_HDM05/dg/HDM_dg_03-05_02_120_poses.npz,run,run,dg,60,105,windows/train/run/train_004298_run_001178_001630_w000060_000105.npz
train_004298_run_001178_001630_w000068_000113,train_004298_run_001178_001630,MPI_HDM05/dg/HDM_dg_03-05_02_120_poses.npz,run,run,dg,68,113,windows/train/run/train_004298_run_001178_001630_w000068_000113.npz
train_001810_unknown_mixed_000000_005314_w000000_000045,train_001810_unknown_mixed_000000_005314,MPI_HDM05/dg/HDM_dg_03-09_01_120_poses.npz,unknown_mixed,other,dg,0,45,windows/train/unknown_mixed/train_001810_unknown_mixed_000000_005314_w000000_000045.npz
train_001810_unknown_mixed_000000_005314_w000150_000195,train_001810_unknown_mixed_000000_005314,MPI_HDM05/dg/HDM_dg_03-09_01_120_poses.npz,unknown_mixed,other,dg,150,195,windows/train/unknown_mixed/train_001810_unknown_mixed_000000_005314_w000150_000195.npz
train_001810_unknown_mixed_000000_005314_w000285_000330,train_001810_unknown_mixed_000000_005314,MPI_HDM05/dg/HDM_dg_03-09_01_120_poses.npz,unknown_mixed,other,dg,285,330,windows/train/unknown_mixed/train_001810_unknown_mixed_000000_005314_w000285_000330.npz
train_001810_unknown_mixed_000000_005314_w000435_000480,train_001810_unknown_mixed_000000_005314,MPI_HDM05/dg/HDM_dg_03-09_01_120_poses.npz,unknown_mixed,other,dg,435,480,windows/train/unknown_mixed/train_001810_unknown_mixed_000000_005314_w000435_000480.npz
train_001810_unknown_mixed_000000_005314_w000570_000615,train_001810_unknown_mixed_000000_005314,MPI_HDM05/dg/HDM_dg_03-09_01_120_poses.npz,unknown_mixed,other,dg,570,615,windows/train/unknown_mixed/train_001810_unknown_mixed_000000_005314_w000570_000615.npz
train_001810_unknown_mixed_000000_005314_w000720_000765,train_001810_unknown_mixed_000000_005314,MPI_HDM05/dg/HDM_dg_03-09_01_120_poses.npz,unknown_mixed,other,dg,720,765,windows/train/unknown_mixed/train_001810_unknown_mixed_000000_005314_w000720_000765.npz
train_001810_unknown_mixed_000000_005314_w000855_000900,train_001810_unknown_mixed_000000_005314,MPI_HDM05/dg/HDM_dg_03-09_01_120_poses.npz,unknown_mixed,other,dg,855,900,windows/train/unknown_mixed/train_001810_unknown_mixed_000000_005314_w000855_000900.npz
train_001810_unknown_mixed_000000_005314_w001005_001050,train_001810_unknown_mixed_000000_005314,MPI_HDM05/dg/HDM_dg_03-09_01_120_poses.npz,unknown_mixed,other,dg,1005,1050,windows/train/unknown_mixed/train_001810_unknown_mixed_000000_005314_w001005_001050.npz
train_001810_unknown_mixed_000000_005314_w001140_001185,train_001810_unknown_mixed_000000_005314,MPI_HDM05/dg/HDM_dg_03-09_01_120_poses.npz,unknown_mixed,other,dg,1140,1185,windows/train/unknown_mixed/train_001810_unknown_mixed_000000_005314_w001140_001185.npz
train_001810_unknown_mixed_000000_005314_w001284_001329,train_001810_unknown_mixed_000000_005314,MPI_HDM05/dg/HDM_dg_03-09_01_120_poses.npz,unknown_mixed,other,dg,1284,1329,windows/train/unknown_mixed/train_001810_unknown_mixed_000000_005314_w001284_001329.npz
train_007726_unknown_mixed_000000_004844_w000000_000045,train_007726_unknown_mixed_000000_004844,MPI_HDM05/dg/HDM_dg_03-09_02_120_poses.npz,unknown_mixed,other,dg,0,45,windows/train/unknown_mixed/train_007726_unknown_mixed_000000_004844_w000000_000045.npz
train_007726_unknown_mixed_000000_004844_w000135_000180,train_007726_unknown_mixed_000000_004844,MPI_HDM05/dg/HDM_dg_03-09_02_120_poses.npz,unknown_mixed,other,dg,135,180,windows/train/unknown_mixed/train_007726_unknown_mixed_000000_004844_w000135_000180.npz
train_007726_unknown_mixed_000000_004844_w000255_000300,train_007726_unknown_mixed_000000_004844,MPI_HDM05/dg/HDM_dg_03-09_02_120_poses.npz,unknown_mixed,other,dg,255,300,windows/train/unknown_mixed/train_007726_unknown_mixed_000000_004844_w000255_000300.npz
train_007726_unknown_mixed_000000_004844_w000390_000435,train_007726_unknown_mixed_000000_004844,MPI_HDM05/dg/HDM_dg_03-09_02_120_poses.npz,unknown_mixed,other,dg,390,435,windows/train/unknown_mixed/train_007726_unknown_mixed_000000_004844_w000390_000435.npz
train_007726_unknown_mixed_000000_004844_w000525_000570,train_007726_unknown_mixed_000000_004844,MPI_HDM05/dg/HDM_dg_03-09_02_120_poses.npz,unknown_mixed,other,dg,525,570,windows/train/unknown_mixed/train_007726_unknown_mixed_000000_004844_w000525_000570.npz
train_007726_unknown_mixed_000000_004844_w000645_000690,train_007726_unknown_mixed_000000_004844,MPI_HDM05/dg/HDM_dg_03-09_02_120_poses.npz,unknown_mixed,other,dg,645,690,windows/train/unknown_mixed/train_007726_unknown_mixed_000000_004844_w000645_000690.npz
train_007726_unknown_mixed_000000_004844_w000780_000825,train_007726_unknown_mixed_000000_004844,MPI_HDM05/dg/HDM_dg_03-09_02_120_poses.npz,unknown_mixed,other,dg,780,825,windows/train/unknown_mixed/train_007726_unknown_mixed_000000_004844_w000780_000825.npz
train_007726_unknown_mixed_000000_004844_w000915_000960,train_007726_unknown_mixed_000000_004844,MPI_HDM05/dg/HDM_dg_03-09_02_120_poses.npz,unknown_mixed,other,dg,915,960,windows/train/unknown_mixed/train_007726_unknown_mixed_000000_004844_w000915_000960.npz
train_007726_unknown_mixed_000000_004844_w001035_001080,train_007726_unknown_mixed_000000_004844,MPI_HDM05/dg/HDM_dg_03-09_02_120_poses.npz,unknown_mixed,other,dg,1035,1080,windows/train/unknown_mixed/train_007726_unknown_mixed_000000_004844_w001035_001080.npz
train_007726_unknown_mixed_000000_004844_w001166_001211,train_007726_unknown_mixed_000000_004844,MPI_HDM05/dg/HDM_dg_03-09_02_120_poses.npz,unknown_mixed,other,dg,1166,1211,windows/train/unknown_mixed/train_007726_unknown_mixed_000000_004844_w001166_001211.npz
train_013095_idle_000738_000995_w000000_000045,train_013095_idle_000738_000995,MPI_HDM05/dg/HDM_dg_03-11_01_120_poses.npz,idle,other,dg,0,45,windows/train/idle/train_013095_idle_000738_000995_w000000_000045.npz
train_013095_idle_000738_000995_w000015_000060,train_013095_idle_000738_000995,MPI_HDM05/dg/HDM_dg_03-11_01_120_poses.npz,idle,other,dg,15,60,windows/train/idle/train_013095_idle_000738_000995_w000015_000060.npz
train_013095_idle_000738_000995_w000020_000065,train_013095_idle_000738_000995,MPI_HDM05/dg/HDM_dg_03-11_01_120_poses.npz,idle,other,dg,20,65,windows/train/idle/train_013095_idle_000738_000995_w000020_000065.npz
train_013095_walk_001251_001616_w000000_000045,train_013095_walk_001251_001616,MPI_HDM05/dg/HDM_dg_03-11_01_120_poses.npz,walk,walk,dg,0,45,windows/train/walk/train_013095_walk_001251_001616_w000000_000045.npz
train_013095_walk_001800_002430_w000000_000045,train_013095_walk_001800_002430,MPI_HDM05/dg/HDM_dg_03-11_01_120_poses.npz,walk,walk,dg,0,45,windows/train/walk/train_013095_walk_001800_002430_w000000_000045.npz
train_013095_walk_001800_002430_w000015_000060,train_013095_walk_001800_002430,MPI_HDM05/dg/HDM_dg_03-11_01_120_poses.npz,walk,walk,dg,15,60,windows/train/walk/train_013095_walk_001800_002430_w000015_000060.npz
train_013095_walk_001251_001616_w000030_000075,train_013095_walk_001251_001616,MPI_HDM05/dg/HDM_dg_03-11_01_120_poses.npz,walk,walk,dg,30,75,windows/train/walk/train_013095_walk_001251_001616_w000030_000075.npz
train_013095_walk_001251_001616_w000045_000090,train_013095_walk_001251_001616,MPI_HDM05/dg/HDM_dg_03-11_01_120_poses.npz,walk,walk,dg,45,90,windows/train/walk/train_013095_walk_001251_001616_w000045_000090.npz
train_013095_walk_001800_002430_w000045_000090,train_013095_walk_001800_002430,MPI_HDM05/dg/HDM_dg_03-11_01_120_poses.npz,walk,walk,dg,45,90,windows/train/walk/train_013095_walk_001800_002430_w000045_000090.npz
train_013095_walk_001800_002430_w000060_000105,train_013095_walk_001800_002430,MPI_HDM05/dg/HDM_dg_03-11_01_120_poses.npz,walk,walk,dg,60,105,windows/train/walk/train_013095_walk_001800_002430_w000060_000105.npz
train_013095_walk_001800_002430_w000075_000120,train_013095_walk_001800_002430,MPI_HDM05/dg/HDM_dg_03-11_01_120_poses.npz,walk,walk,dg,75,120,windows/train/walk/train_013095_walk_001800_002430_w000075_000120.npz
train_013095_walk_001800_002430_w000105_000150,train_013095_walk_001800_002430,MPI_HDM05/dg/HDM_dg_03-11_01_120_poses.npz,walk,walk,dg,105,150,windows/train/walk/train_013095_walk_001800_002430_w000105_000150.npz
train_013095_walk_001800_002430_w000113_000158,train_013095_walk_001800_002430,MPI_HDM05/dg/HDM_dg_03-11_01_120_poses.npz,walk,walk,dg,113,158,windows/train/walk/train_013095_walk_001800_002430_w000113_000158.npz
train_007014_idle_000592_001278_w000000_000045,train_007014_idle_000592_001278,MPI_HDM05/dg/HDM_dg_03-11_02_120_poses.npz,idle,other,dg,0,45,windows/train/idle/train_007014_idle_000592_001278_w000000_000045.npz
train_007014_unknown_mixed_000000_000592_w000000_000045,train_007014_unknown_mixed_000000_000592,MPI_HDM05/dg/HDM_dg_03-11_02_120_poses.npz,unknown_mixed,other,dg,0,45,windows/train/unknown_mixed/train_007014_unknown_mixed_000000_000592_w000000_000045.npz
train_007014_unknown_mixed_002805_003138_w000000_000045,train_007014_unknown_mixed_002805_003138,MPI_HDM05/dg/HDM_dg_03-11_02_120_poses.npz,unknown_mixed,other,dg,0,45,windows/train/unknown_mixed/train_007014_unknown_mixed_002805_003138_w000000_000045.npz
train_007014_idle_000592_001278_w000015_000060,train_007014_idle_000592_001278,MPI_HDM05/dg/HDM_dg_03-11_02_120_poses.npz,idle,other,dg,15,60,windows/train/idle/train_007014_idle_000592_001278_w000015_000060.npz
train_007014_unknown_mixed_002805_003138_w000015_000060,train_007014_unknown_mixed_002805_003138,MPI_HDM05/dg/HDM_dg_03-11_02_120_poses.npz,unknown_mixed,other,dg,15,60,windows/train/unknown_mixed/train_007014_unknown_mixed_002805_003138_w000015_000060.npz
train_007014_unknown_mixed_002805_003138_w000030_000075,train_007014_unknown_mixed_002805_003138,MPI_HDM05/dg/HDM_dg_03-11_02_120_poses.npz,unknown_mixed,other,dg,30,75,windows/train/unknown_mixed/train_007014_unknown_mixed_002805_003138_w000030_000075.npz
train_007014_idle_001493_001903_w000045_000090,train_007014_idle_001493_001903,MPI_HDM05/dg/HDM_dg_03-11_02_120_poses.npz,idle,other,dg,45,90,windows/train/idle/train_007014_idle_001493_001903_w000045_000090.npz
train_007014_unknown_mixed_000000_000592_w000060_000105,train_007014_unknown_mixed_000000_000592,MPI_HDM05/dg/HDM_dg_03-11_02_120_poses.npz,unknown_mixed,other,dg,60,105,windows/train/unknown_mixed/train_007014_unknown_mixed_000000_000592_w000060_000105.npz
train_007014_unknown_mixed_000000_000592_w000090_000135,train_007014_unknown_mixed_000000_000592,MPI_HDM05/dg/HDM_dg_03-11_02_120_poses.npz,unknown_mixed,other,dg,90,135,windows/train/unknown_mixed/train_007014_unknown_mixed_000000_000592_w000090_000135.npz
train_007014_idle_000592_001278_w000127_000172,train_007014_idle_000592_001278,MPI_HDM05/dg/HDM_dg_03-11_02_120_poses.npz,idle,other,dg,127,172,windows/train/idle/train_007014_idle_000592_001278_w000127_000172.npz
train_008425_unknown_mixed_000000_002711_w000000_000045,train_008425_unknown_mixed_000000_002711,MPI_HDM05/dg/HDM_dg_03-11_03_120_poses.npz,unknown_mixed,other,dg,0,45,windows/train/unknown_mixed/train_008425_unknown_mixed_000000_002711_w000000_000045.npz
train_008425_unknown_mixed_000000_002711_w000075_000120,train_008425_unknown_mixed_000000_002711,MPI_HDM05/dg/HDM_dg_03-11_03_120_poses.npz,unknown_mixed,other,dg,75,120,windows/train/unknown_mixed/train_008425_unknown_mixed_000000_002711_w000075_000120.npz
train_008425_unknown_mixed_000000_002711_w000150_000195,train_008425_unknown_mixed_000000_002711,MPI_HDM05/dg/HDM_dg_03-11_03_120_poses.npz,unknown_mixed,other,dg,150,195,windows/train/unknown_mixed/train_008425_unknown_mixed_000000_002711_w000150_000195.npz
train_008425_unknown_mixed_000000_002711_w000210_000255,train_008425_unknown_mixed_000000_002711,MPI_HDM05/dg/HDM_dg_03-11_03_120_poses.npz,unknown_mixed,other,dg,210,255,windows/train/unknown_mixed/train_008425_unknown_mixed_000000_002711_w000210_000255.npz
train_008425_unknown_mixed_000000_002711_w000285_000330,train_008425_unknown_mixed_000000_002711,MPI_HDM05/dg/HDM_dg_03-11_03_120_poses.npz,unknown_mixed,other,dg,285,330,windows/train/unknown_mixed/train_008425_unknown_mixed_000000_002711_w000285_000330.npz
train_008425_unknown_mixed_000000_002711_w000360_000405,train_008425_unknown_mixed_000000_002711,MPI_HDM05/dg/HDM_dg_03-11_03_120_poses.npz,unknown_mixed,other,dg,360,405,windows/train/unknown_mixed/train_008425_unknown_mixed_000000_002711_w000360_000405.npz
train_008425_unknown_mixed_000000_002711_w000435_000480,train_008425_unknown_mixed_000000_002711,MPI_HDM05/dg/HDM_dg_03-11_03_120_poses.npz,unknown_mixed,other,dg,435,480,windows/train/unknown_mixed/train_008425_unknown_mixed_000000_002711_w000435_000480.npz
train_008425_unknown_mixed_000000_002711_w000495_000540,train_008425_unknown_mixed_000000_002711,MPI_HDM05/dg/HDM_dg_03-11_03_120_poses.npz,unknown_mixed,other,dg,495,540,windows/train/unknown_mixed/train_008425_unknown_mixed_000000_002711_w000495_000540.npz
train_008425_unknown_mixed_000000_002711_w000570_000615,train_008425_unknown_mixed_000000_002711,MPI_HDM05/dg/HDM_dg_03-11_03_120_poses.npz,unknown_mixed,other,dg,570,615,windows/train/unknown_mixed/train_008425_unknown_mixed_000000_002711_w000570_000615.npz
train_008425_unknown_mixed_000000_002711_w000633_000678,train_008425_unknown_mixed_000000_002711,MPI_HDM05/dg/HDM_dg_03-11_03_120_poses.npz,unknown_mixed,other,dg,633,678,windows/train/unknown_mixed/train_008425_unknown_mixed_000000_002711_w000633_000678.npz
train_010276_unknown_mixed_000000_006188_w000000_000045,train_010276_unknown_mixed_000000_006188,MPI_HDM05/dg/HDM_dg_03-11_04_120_poses.npz,unknown_mixed,other,dg,0,45,windows/train/unknown_mixed/train_010276_unknown_mixed_000000_006188_w000000_000045.npz
train_010276_unknown_mixed_000000_006188_w000165_000210,train_010276_unknown_mixed_000000_006188,MPI_HDM05/dg/HDM_dg_03-11_04_120_poses.npz,unknown_mixed,other,dg,165,210,windows/train/unknown_mixed/train_010276_unknown_mixed_000000_006188_w000165_000210.npz
train_010276_unknown_mixed_000000_006188_w000330_000375,train_010276_unknown_mixed_000000_006188,MPI_HDM05/dg/HDM_dg_03-11_04_120_poses.npz,unknown_mixed,other,dg,330,375,windows/train/unknown_mixed/train_010276_unknown_mixed_000000_006188_w000330_000375.npz
train_010276_unknown_mixed_000000_006188_w000510_000555,train_010276_unknown_mixed_000000_006188,MPI_HDM05/dg/HDM_dg_03-11_04_120_poses.npz,unknown_mixed,other,dg,510,555,windows/train/unknown_mixed/train_010276_unknown_mixed_000000_006188_w000510_000555.npz
train_010276_unknown_mixed_000000_006188_w000675_000720,train_010276_unknown_mixed_000000_006188,MPI_HDM05/dg/HDM_dg_03-11_04_120_poses.npz,unknown_mixed,other,dg,675,720,windows/train/unknown_mixed/train_010276_unknown_mixed_000000_006188_w000675_000720.npz
train_010276_unknown_mixed_000000_006188_w000840_000885,train_010276_unknown_mixed_000000_006188,MPI_HDM05/dg/HDM_dg_03-11_04_120_poses.npz,unknown_mixed,other,dg,840,885,windows/train/unknown_mixed/train_010276_unknown_mixed_000000_006188_w000840_000885.npz
train_010276_unknown_mixed_000000_006188_w001005_001050,train_010276_unknown_mixed_000000_006188,MPI_HDM05/dg/HDM_dg_03-11_04_120_poses.npz,unknown_mixed,other,dg,1005,1050,windows/train/unknown_mixed/train_010276_unknown_mixed_000000_006188_w001005_001050.npz
train_010276_unknown_mixed_000000_006188_w001185_001230,train_010276_unknown_mixed_000000_006188,MPI_HDM05/dg/HDM_dg_03-11_04_120_poses.npz,unknown_mixed,other,dg,1185,1230,windows/train/unknown_mixed/train_010276_unknown_mixed_000000_006188_w001185_001230.npz
train_010276_unknown_mixed_000000_006188_w001350_001395,train_010276_unknown_mixed_000000_006188,MPI_HDM05/dg/HDM_dg_03-11_04_120_poses.npz,unknown_mixed,other,dg,1350,1395,windows/train/unknown_mixed/train_010276_unknown_mixed_000000_006188_w001350_001395.npz
train_010276_unknown_mixed_000000_006188_w001502_001547,train_010276_unknown_mixed_000000_006188,MPI_HDM05/dg/HDM_dg_03-11_04_120_poses.npz,unknown_mixed,other,dg,1502,1547,windows/train/unknown_mixed/train_010276_unknown_mixed_000000_006188_w001502_001547.npz
train_007506_unknown_mixed_000000_000229_w000000_000045,train_007506_unknown_mixed_000000_000229,MPI_HDM05/dg/HDM_dg_04-01_02_120_poses.npz,unknown_mixed,other,dg,0,45,windows/train/unknown_mixed/train_007506_unknown_mixed_000000_000229_w000000_000045.npz
train_007506_unknown_mixed_007112_008316_w000000_000045,train_007506_unknown_mixed_007112_008316,MPI_HDM05/dg/HDM_dg_04-01_02_120_poses.npz,unknown_mixed,other,dg,0,45,windows/train/unknown_mixed/train_007506_unknown_mixed_007112_008316_w000000_000045.npz
train_007506_unknown_mixed_007112_008316_w000015_000060,train_007506_unknown_mixed_007112_008316,MPI_HDM05/dg/HDM_dg_04-01_02_120_poses.npz,unknown_mixed,other,dg,15,60,windows/train/unknown_mixed/train_007506_unknown_mixed_007112_008316_w000015_000060.npz
train_007506_unknown_mixed_007112_008316_w000030_000075,train_007506_unknown_mixed_007112_008316,MPI_HDM05/dg/HDM_dg_04-01_02_120_poses.npz,unknown_mixed,other,dg,30,75,windows/train/unknown_mixed/train_007506_unknown_mixed_007112_008316_w000030_000075.npz
train_007506_unknown_mixed_003034_003413_w000050_000095,train_007506_unknown_mixed_003034_003413,MPI_HDM05/dg/HDM_dg_04-01_02_120_poses.npz,unknown_mixed,other,dg,50,95,windows/train/unknown_mixed/train_007506_unknown_mixed_003034_003413_w000050_000095.npz
train_007506_unknown_mixed_003673_004297_w000075_000120,train_007506_unknown_mixed_003673_004297,MPI_HDM05/dg/HDM_dg_04-01_02_120_poses.npz,unknown_mixed,other,dg,75,120,windows/train/unknown_mixed/train_007506_unknown_mixed_003673_004297_w000075_000120.npz
train_007506_unknown_mixed_007112_008316_w000090_000135,train_007506_unknown_mixed_007112_008316,MPI_HDM05/dg/HDM_dg_04-01_02_120_poses.npz,unknown_mixed,other,dg,90,135,windows/train/unknown_mixed/train_007506_unknown_mixed_007112_008316_w000090_000135.npz
train_007506_unknown_mixed_005821_006629_w000120_000165,train_007506_unknown_mixed_005821_006629,MPI_HDM05/dg/HDM_dg_04-01_02_120_poses.npz,unknown_mixed,other,dg,120,165,windows/train/unknown_mixed/train_007506_unknown_mixed_005821_006629_w000120_000165.npz
train_007506_unknown_mixed_007112_008316_w000165_000210,train_007506_unknown_mixed_007112_008316,MPI_HDM05/dg/HDM_dg_04-01_02_120_poses.npz,unknown_mixed,other,dg,165,210,windows/train/unknown_mixed/train_007506_unknown_mixed_007112_008316_w000165_000210.npz
train_007506_unknown_mixed_007112_008316_w000256_000301,train_007506_unknown_mixed_007112_008316,MPI_HDM05/dg/HDM_dg_04-01_02_120_poses.npz,unknown_mixed,other,dg,256,301,windows/train/unknown_mixed/train_007506_unknown_mixed_007112_008316_w000256_000301.npz
train_007506_walk_000229_000493_w000000_000045,train_007506_walk_000229_000493,MPI_HDM05/dg/HDM_dg_04-01_02_120_poses.npz,walk,walk,dg,0,45,windows/train/walk/train_007506_walk_000229_000493_w000000_000045.npz
train_007506_walk_004297_004779_w000000_000045,train_007506_walk_004297_004779,MPI_HDM05/dg/HDM_dg_04-01_02_120_poses.npz,walk,walk,dg,0,45,windows/train/walk/train_007506_walk_004297_004779_w000000_000045.npz
train_007506_walk_000979_001465_w000015_000060,train_007506_walk_000979_001465,MPI_HDM05/dg/HDM_dg_04-01_02_120_poses.npz,walk,walk,dg,15,60,windows/train/walk/train_007506_walk_000979_001465_w000015_000060.npz
train_007506_walk_005461_005821_w000015_000060,train_007506_walk_005461_005821,MPI_HDM05/dg/HDM_dg_04-01_02_120_poses.npz,walk,walk,dg,15,60,windows/train/walk/train_007506_walk_005461_005821_w000015_000060.npz
train_007506_walk_000979_001465_w000030_000075,train_007506_walk_000979_001465,MPI_HDM05/dg/HDM_dg_04-01_02_120_poses.npz,walk,walk,dg,30,75,windows/train/walk/train_007506_walk_000979_001465_w000030_000075.npz
train_007506_walk_006629_007112_w000030_000075,train_007506_walk_006629_007112,MPI_HDM05/dg/HDM_dg_04-01_02_120_poses.npz,walk,walk,dg,30,75,windows/train/walk/train_007506_walk_006629_007112_w000030_000075.npz
train_007506_walk_004297_004779_w000045_000090,train_007506_walk_004297_004779,MPI_HDM05/dg/HDM_dg_04-01_02_120_poses.npz,walk,walk,dg,45,90,windows/train/walk/train_007506_walk_004297_004779_w000045_000090.npz
train_007506_walk_004297_004779_w000060_000105,train_007506_walk_004297_004779,MPI_HDM05/dg/HDM_dg_04-01_02_120_poses.npz,walk,walk,dg,60,105,windows/train/walk/train_007506_walk_004297_004779_w000060_000105.npz
train_007506_walk_004297_004779_w000075_000120,train_007506_walk_004297_004779,MPI_HDM05/dg/HDM_dg_04-01_02_120_poses.npz,walk,walk,dg,75,120,windows/train/walk/train_007506_walk_004297_004779_w000075_000120.npz
train_007506_walk_002535_003034_w000080_000125,train_007506_walk_002535_003034,MPI_HDM05/dg/HDM_dg_04-01_02_120_poses.npz,walk,walk,dg,80,125,windows/train/walk/train_007506_walk_002535_003034_w000080_000125.npz
train_009834_unknown_mixed_000000_006617_w000000_000045,train_009834_unknown_mixed_000000_006617,MPI_HDM05/dg/HDM_dg_05-01_03_120_poses.npz,unknown_mixed,other,dg,0,45,windows/train/unknown_mixed/train_009834_unknown_mixed_000000_006617_w000000_000045.npz
train_009834_unknown_mixed_000000_006617_w000180_000225,train_009834_unknown_mixed_000000_006617,MPI_HDM05/dg/HDM_dg_05-01_03_120_poses.npz,unknown_mixed,other,dg,180,225,windows/train/unknown_mixed/train_009834_unknown_mixed_000000_006617_w000180_000225.npz
train_009834_unknown_mixed_000000_006617_w000360_000405,train_009834_unknown_mixed_000000_006617,MPI_HDM05/dg/HDM_dg_05-01_03_120_poses.npz,unknown_mixed,other,dg,360,405,windows/train/unknown_mixed/train_009834_unknown_mixed_000000_006617_w000360_000405.npz
train_009834_unknown_mixed_000000_006617_w000540_000585,train_009834_unknown_mixed_000000_006617,MPI_HDM05/dg/HDM_dg_05-01_03_120_poses.npz,unknown_mixed,other,dg,540,585,windows/train/unknown_mixed/train_009834_unknown_mixed_000000_006617_w000540_000585.npz
train_009834_unknown_mixed_000000_006617_w000720_000765,train_009834_unknown_mixed_000000_006617,MPI_HDM05/dg/HDM_dg_05-01_03_120_poses.npz,unknown_mixed,other,dg,720,765,windows/train/unknown_mixed/train_009834_unknown_mixed_000000_006617_w000720_000765.npz
train_009834_unknown_mixed_000000_006617_w000900_000945,train_009834_unknown_mixed_000000_006617,MPI_HDM05/dg/HDM_dg_05-01_03_120_poses.npz,unknown_mixed,other,dg,900,945,windows/train/unknown_mixed/train_009834_unknown_mixed_000000_006617_w000900_000945.npz
train_009834_unknown_mixed_000000_006617_w001080_001125,train_009834_unknown_mixed_000000_006617,MPI_HDM05/dg/HDM_dg_05-01_03_120_poses.npz,unknown_mixed,other,dg,1080,1125,windows/train/unknown_mixed/train_009834_unknown_mixed_000000_006617_w001080_001125.npz
train_009834_unknown_mixed_000000_006617_w001260_001305,train_009834_unknown_mixed_000000_006617,MPI_HDM05/dg/HDM_dg_05-01_03_120_poses.npz,unknown_mixed,other,dg,1260,1305,windows/train/unknown_mixed/train_009834_unknown_mixed_000000_006617_w001260_001305.npz
train_009834_unknown_mixed_000000_006617_w001440_001485,train_009834_unknown_mixed_000000_006617,MPI_HDM05/dg/HDM_dg_05-01_03_120_poses.npz,unknown_mixed,other,dg,1440,1485,windows/train/unknown_mixed/train_009834_unknown_mixed_000000_006617_w001440_001485.npz
train_009834_unknown_mixed_000000_006617_w001610_001655,train_009834_unknown_mixed_000000_006617,MPI_HDM05/dg/HDM_dg_05-01_03_120_poses.npz,unknown_mixed,other,dg,1610,1655,windows/train/unknown_mixed/train_009834_unknown_mixed_000000_006617_w001610_001655.npz
train_005093_unknown_mixed_000000_000753_w000000_000045,train_005093_unknown_mixed_000000_000753,MPI_HDM05/dg/HDM_dg_05-02_02_120_poses.npz,unknown_mixed,other,dg,0,45,windows/train/unknown_mixed/train_005093_unknown_mixed_000000_000753_w000000_000045.npz
train_005093_unknown_mixed_001853_002063_w000008_000053,train_005093_unknown_mixed_001853_002063,MPI_HDM05/dg/HDM_dg_05-02_02_120_poses.npz,unknown_mixed,other,dg,8,53,windows/train/unknown_mixed/train_005093_unknown_mixed_001853_002063_w000008_000053.npz
train_005093_unknown_mixed_000000_000753_w000030_000075,train_005093_unknown_mixed_000000_000753,MPI_HDM05/dg/HDM_dg_05-02_02_120_poses.npz,unknown_mixed,other,dg,30,75,windows/train/unknown_mixed/train_005093_unknown_mixed_000000_000753_w000030_000075.npz
train_005093_unknown_mixed_000880_001808_w000045_000090,train_005093_unknown_mixed_000880_001808,MPI_HDM05/dg/HDM_dg_05-02_02_120_poses.npz,unknown_mixed,other,dg,45,90,windows/train/unknown_mixed/train_005093_unknown_mixed_000880_001808_w000045_000090.npz
train_005093_unknown_mixed_000000_000753_w000075_000120,train_005093_unknown_mixed_000000_000753,MPI_HDM05/dg/HDM_dg_05-02_02_120_poses.npz,unknown_mixed,other,dg,75,120,windows/train/unknown_mixed/train_005093_unknown_mixed_000000_000753_w000075_000120.npz
train_005093_unknown_mixed_000000_000753_w000090_000135,train_005093_unknown_mixed_000000_000753,MPI_HDM05/dg/HDM_dg_05-02_02_120_poses.npz,unknown_mixed,other,dg,90,135,windows/train/unknown_mixed/train_005093_unknown_mixed_000000_000753_w000090_000135.npz
train_005093_unknown_mixed_000880_001808_w000105_000150,train_005093_unknown_mixed_000880_001808,MPI_HDM05/dg/HDM_dg_05-02_02_120_poses.npz,unknown_mixed,other,dg,105,150,windows/train/unknown_mixed/train_005093_unknown_mixed_000880_001808_w000105_000150.npz
train_005093_unknown_mixed_000000_000753_w000135_000180,train_005093_unknown_mixed_000000_000753,MPI_HDM05/dg/HDM_dg_05-02_02_120_poses.npz,unknown_mixed,other,dg,135,180,windows/train/unknown_mixed/train_005093_unknown_mixed_000000_000753_w000135_000180.npz
train_005093_unknown_mixed_000880_001808_w000150_000195,train_005093_unknown_mixed_000880_001808,MPI_HDM05/dg/HDM_dg_05-02_02_120_poses.npz,unknown_mixed,other,dg,150,195,windows/train/unknown_mixed/train_005093_unknown_mixed_000880_001808_w000150_000195.npz
train_005093_unknown_mixed_000880_001808_w000187_000232,train_005093_unknown_mixed_000880_001808,MPI_HDM05/dg/HDM_dg_05-02_02_120_poses.npz,unknown_mixed,other,dg,187,232,windows/train/unknown_mixed/train_005093_unknown_mixed_000880_001808_w000187_000232.npz
train_006619_jump_acrobatic_002343_002898_w000000_000045,train_006619_jump_acrobatic_002343_002898,MPI_HDM05/dg/HDM_dg_05-03_01_120_poses.npz,jump_acrobatic,other,dg,0,45,windows/train/jump_acrobatic/train_006619_jump_acrobatic_002343_002898_w000000_000045.npz
train_006619_unknown_mixed_000000_002240_w000030_000075,train_006619_unknown_mixed_000000_002240,MPI_HDM05/dg/HDM_dg_05-03_01_120_poses.npz,unknown_mixed,other,dg,30,75,windows/train/unknown_mixed/train_006619_unknown_mixed_000000_002240_w000030_000075.npz
train_006619_jump_acrobatic_002343_002898_w000075_000120,train_006619_jump_acrobatic_002343_002898,MPI_HDM05/dg/HDM_dg_05-03_01_120_poses.npz,jump_acrobatic,other,dg,75,120,windows/train/jump_acrobatic/train_006619_jump_acrobatic_002343_002898_w000075_000120.npz
train_006619_jump_acrobatic_002343_002898_w000094_000139,train_006619_jump_acrobatic_002343_002898,MPI_HDM05/dg/HDM_dg_05-03_01_120_poses.npz,jump_acrobatic,other,dg,94,139,windows/train/jump_acrobatic/train_006619_jump_acrobatic_002343_002898_w000094_000139.npz
train_006619_unknown_mixed_000000_002240_w000165_000210,train_006619_unknown_mixed_000000_002240,MPI_HDM05/dg/HDM_dg_05-03_01_120_poses.npz,unknown_mixed,other,dg,165,210,windows/train/unknown_mixed/train_006619_unknown_mixed_000000_002240_w000165_000210.npz
train_006619_unknown_mixed_000000_002240_w000240_000285,train_006619_unknown_mixed_000000_002240,MPI_HDM05/dg/HDM_dg_05-03_01_120_poses.npz,unknown_mixed,other,dg,240,285,windows/train/unknown_mixed/train_006619_unknown_mixed_000000_002240_w000240_000285.npz
train_006619_unknown_mixed_000000_002240_w000315_000360,train_006619_unknown_mixed_000000_002240,MPI_HDM05/dg/HDM_dg_05-03_01_120_poses.npz,unknown_mixed,other,dg,315,360,windows/train/unknown_mixed/train_006619_unknown_mixed_000000_002240_w000315_000360.npz
train_006619_unknown_mixed_000000_002240_w000375_000420,train_006619_unknown_mixed_000000_002240,MPI_HDM05/dg/HDM_dg_05-03_01_120_poses.npz,unknown_mixed,other,dg,375,420,windows/train/unknown_mixed/train_006619_unknown_mixed_000000_002240_w000375_000420.npz
train_006619_unknown_mixed_000000_002240_w000450_000495,train_006619_unknown_mixed_000000_002240,MPI_HDM05/dg/HDM_dg_05-03_01_120_poses.npz,unknown_mixed,other,dg,450,495,windows/train/unknown_mixed/train_006619_unknown_mixed_000000_002240_w000450_000495.npz
train_006619_unknown_mixed_000000_002240_w000515_000560,train_006619_unknown_mixed_000000_002240,MPI_HDM05/dg/HDM_dg_05-03_01_120_poses.npz,unknown_mixed,other,dg,515,560,windows/train/unknown_mixed/train_006619_unknown_mixed_000000_002240_w000515_000560.npz
train_011170_jump_acrobatic_002390_002900_w000000_000045,train_011170_jump_acrobatic_002390_002900,MPI_HDM05/dg/HDM_dg_05-03_02_120_poses.npz,jump_acrobatic,other,dg,0,45,windows/train/jump_acrobatic/train_011170_jump_acrobatic_002390_002900_w000000_000045.npz
train_011170_unknown_mixed_002165_002390_w000012_000057,train_011170_unknown_mixed_002165_002390,MPI_HDM05/dg/HDM_dg_05-03_02_120_poses.npz,unknown_mixed,other,dg,12,57,windows/train/unknown_mixed/train_011170_unknown_mixed_002165_002390_w000012_000057.npz
train_011170_unknown_mixed_002900_003425_w000015_000060,train_011170_unknown_mixed_002900_003425,MPI_HDM05/dg/HDM_dg_05-03_02_120_poses.npz,unknown_mixed,other,dg,15,60,windows/train/unknown_mixed/train_011170_unknown_mixed_002900_003425_w000015_000060.npz
train_011170_jump_acrobatic_002390_002900_w000045_000090,train_011170_jump_acrobatic_002390_002900,MPI_HDM05/dg/HDM_dg_05-03_02_120_poses.npz,jump_acrobatic,other,dg,45,90,windows/train/jump_acrobatic/train_011170_jump_acrobatic_002390_002900_w000045_000090.npz
train_011170_jump_acrobatic_002390_002900_w000060_000105,train_011170_jump_acrobatic_002390_002900,MPI_HDM05/dg/HDM_dg_05-03_02_120_poses.npz,jump_acrobatic,other,dg,60,105,windows/train/jump_acrobatic/train_011170_jump_acrobatic_002390_002900_w000060_000105.npz
train_011170_unknown_mixed_000000_000545_w000075_000120,train_011170_unknown_mixed_000000_000545,MPI_HDM05/dg/HDM_dg_05-03_02_120_poses.npz,unknown_mixed,other,dg,75,120,windows/train/unknown_mixed/train_011170_unknown_mixed_000000_000545_w000075_000120.npz
train_011170_unknown_mixed_002900_003425_w000087_000132,train_011170_unknown_mixed_002900_003425,MPI_HDM05/dg/HDM_dg_05-03_02_120_poses.npz,unknown_mixed,other,dg,87,132,windows/train/unknown_mixed/train_011170_unknown_mixed_002900_003425_w000087_000132.npz
train_011170_unknown_mixed_000696_001853_w000120_000165,train_011170_unknown_mixed_000696_001853,MPI_HDM05/dg/HDM_dg_05-03_02_120_poses.npz,unknown_mixed,other,dg,120,165,windows/train/unknown_mixed/train_011170_unknown_mixed_000696_001853_w000120_000165.npz
train_011170_unknown_mixed_000696_001853_w000180_000225,train_011170_unknown_mixed_000696_001853,MPI_HDM05/dg/HDM_dg_05-03_02_120_poses.npz,unknown_mixed,other,dg,180,225,windows/train/unknown_mixed/train_011170_unknown_mixed_000696_001853_w000180_000225.npz
train_011170_unknown_mixed_000696_001853_w000245_000290,train_011170_unknown_mixed_000696_001853,MPI_HDM05/dg/HDM_dg_05-03_02_120_poses.npz,unknown_mixed,other,dg,245,290,windows/train/unknown_mixed/train_011170_unknown_mixed_000696_001853_w000245_000290.npz
train_011170_run_001853_002165_w000000_000045,train_011170_run_001853_002165,MPI_HDM05/dg/HDM_dg_05-03_02_120_poses.npz,run,run,dg,0,45,windows/train/run/train_011170_run_001853_002165_w000000_000045.npz
train_011170_run_001853_002165_w000015_000060,train_011170_run_001853_002165,MPI_HDM05/dg/HDM_dg_05-03_02_120_poses.npz,run,run,dg,15,60,windows/train/run/train_011170_run_001853_002165_w000015_000060.npz
train_011170_run_001853_002165_w000030_000075,train_011170_run_001853_002165,MPI_HDM05/dg/HDM_dg_05-03_02_120_poses.npz,run,run,dg,30,75,windows/train/run/train_011170_run_001853_002165_w000030_000075.npz
train_011170_run_001853_002165_w000033_000078,train_011170_run_001853_002165,MPI_HDM05/dg/HDM_dg_05-03_02_120_poses.npz,run,run,dg,33,78,windows/train/run/train_011170_run_001853_002165_w000033_000078.npz
train_009681_unknown_mixed_000000_003436_w000000_000045,train_009681_unknown_mixed_000000_003436,MPI_HDM05/dg/HDM_dg_07-01_01_120_poses.npz,unknown_mixed,other,dg,0,45,windows/train/unknown_mixed/train_009681_unknown_mixed_000000_003436_w000000_000045.npz
train_009681_unknown_mixed_000000_003436_w000090_000135,train_009681_unknown_mixed_000000_003436,MPI_HDM05/dg/HDM_dg_07-01_01_120_poses.npz,unknown_mixed,other,dg,90,135,windows/train/unknown_mixed/train_009681_unknown_mixed_000000_003436_w000090_000135.npz
train_009681_unknown_mixed_000000_003436_w000180_000225,train_009681_unknown_mixed_000000_003436,MPI_HDM05/dg/HDM_dg_07-01_01_120_poses.npz,unknown_mixed,other,dg,180,225,windows/train/unknown_mixed/train_009681_unknown_mixed_000000_003436_w000180_000225.npz
train_009681_unknown_mixed_000000_003436_w000270_000315,train_009681_unknown_mixed_000000_003436,MPI_HDM05/dg/HDM_dg_07-01_01_120_poses.npz,unknown_mixed,other,dg,270,315,windows/train/unknown_mixed/train_009681_unknown_mixed_000000_003436_w000270_000315.npz
train_009681_unknown_mixed_000000_003436_w000360_000405,train_009681_unknown_mixed_000000_003436,MPI_HDM05/dg/HDM_dg_07-01_01_120_poses.npz,unknown_mixed,other,dg,360,405,windows/train/unknown_mixed/train_009681_unknown_mixed_000000_003436_w000360_000405.npz
train_009681_unknown_mixed_000000_003436_w000465_000510,train_009681_unknown_mixed_000000_003436,MPI_HDM05/dg/HDM_dg_07-01_01_120_poses.npz,unknown_mixed,other,dg,465,510,windows/train/unknown_mixed/train_009681_unknown_mixed_000000_003436_w000465_000510.npz
train_009681_unknown_mixed_000000_003436_w000555_000600,train_009681_unknown_mixed_000000_003436,MPI_HDM05/dg/HDM_dg_07-01_01_120_poses.npz,unknown_mixed,other,dg,555,600,windows/train/unknown_mixed/train_009681_unknown_mixed_000000_003436_w000555_000600.npz
train_009681_unknown_mixed_000000_003436_w000645_000690,train_009681_unknown_mixed_000000_003436,MPI_HDM05/dg/HDM_dg_07-01_01_120_poses.npz,unknown_mixed,other,dg,645,690,windows/train/unknown_mixed/train_009681_unknown_mixed_000000_003436_w000645_000690.npz
train_009681_unknown_mixed_000000_003436_w000735_000780,train_009681_unknown_mixed_000000_003436,MPI_HDM05/dg/HDM_dg_07-01_01_120_poses.npz,unknown_mixed,other,dg,735,780,windows/train/unknown_mixed/train_009681_unknown_mixed_000000_003436_w000735_000780.npz
train_009681_unknown_mixed_000000_003436_w000814_000859,train_009681_unknown_mixed_000000_003436,MPI_HDM05/dg/HDM_dg_07-01_01_120_poses.npz,unknown_mixed,other,dg,814,859,windows/train/unknown_mixed/train_009681_unknown_mixed_000000_003436_w000814_000859.npz
train_005506_unknown_mixed_000000_000269_w000000_000045,train_005506_unknown_mixed_000000_000269,MPI_HDM05/dg/HDM_dg_07-01_07_120_poses.npz,unknown_mixed,other,dg,0,45,windows/train/unknown_mixed/train_005506_unknown_mixed_000000_000269_w000000_000045.npz
train_005506_unknown_mixed_000000_000269_w000015_000060,train_005506_unknown_mixed_000000_000269,MPI_HDM05/dg/HDM_dg_07-01_07_120_poses.npz,unknown_mixed,other,dg,15,60,windows/train/unknown_mixed/train_005506_unknown_mixed_000000_000269_w000015_000060.npz
train_005506_unknown_mixed_000000_000269_w000023_000068,train_005506_unknown_mixed_000000_000269,MPI_HDM05/dg/HDM_dg_07-01_07_120_poses.npz,unknown_mixed,other,dg,23,68,windows/train/unknown_mixed/train_005506_unknown_mixed_000000_000269_w000023_000068.npz
train_004246_unknown_mixed_000000_000603_w000000_000045,train_004246_unknown_mixed_000000_000603,MPI_HDM05/mm/HDM_mm_01-01_01_120_poses.npz,unknown_mixed,other,mm,0,45,windows/train/unknown_mixed/train_004246_unknown_mixed_000000_000603_w000000_000045.npz
train_004246_unknown_mixed_005100_005363_w000000_000045,train_004246_unknown_mixed_005100_005363,MPI_HDM05/mm/HDM_mm_01-01_01_120_poses.npz,unknown_mixed,other,mm,0,45,windows/train/unknown_mixed/train_004246_unknown_mixed_005100_005363_w000000_000045.npz
train_004246_unknown_mixed_007785_008361_w000000_000045,train_004246_unknown_mixed_007785_008361,MPI_HDM05/mm/HDM_mm_01-01_01_120_poses.npz,unknown_mixed,other,mm,0,45,windows/train/unknown_mixed/train_004246_unknown_mixed_007785_008361_w000000_000045.npz
train_004246_unknown_mixed_001223_001465_w000015_000060,train_004246_unknown_mixed_001223_001465,MPI_HDM05/mm/HDM_mm_01-01_01_120_poses.npz,unknown_mixed,other,mm,15,60,windows/train/unknown_mixed/train_004246_unknown_mixed_001223_001465_w000015_000060.npz
train_004246_unknown_mixed_007785_008361_w000015_000060,train_004246_unknown_mixed_007785_008361,MPI_HDM05/mm/HDM_mm_01-01_01_120_poses.npz,unknown_mixed,other,mm,15,60,windows/train/unknown_mixed/train_004246_unknown_mixed_007785_008361_w000015_000060.npz
train_004246_unknown_mixed_005100_005363_w000021_000066,train_004246_unknown_mixed_005100_005363,MPI_HDM05/mm/HDM_mm_01-01_01_120_poses.npz,unknown_mixed,other,mm,21,66,windows/train/unknown_mixed/train_004246_unknown_mixed_005100_005363_w000021_000066.npz
train_004246_unknown_mixed_000000_000603_w000045_000090,train_004246_unknown_mixed_000000_000603,MPI_HDM05/mm/HDM_mm_01-01_01_120_poses.npz,unknown_mixed,other,mm,45,90,windows/train/unknown_mixed/train_004246_unknown_mixed_000000_000603_w000045_000090.npz
train_004246_unknown_mixed_000000_000603_w000075_000120,train_004246_unknown_mixed_000000_000603,MPI_HDM05/mm/HDM_mm_01-01_01_120_poses.npz,unknown_mixed,other,mm,75,120,windows/train/unknown_mixed/train_004246_unknown_mixed_000000_000603_w000075_000120.npz
train_004246_unknown_mixed_007785_008361_w000090_000135,train_004246_unknown_mixed_007785_008361,MPI_HDM05/mm/HDM_mm_01-01_01_120_poses.npz,unknown_mixed,other,mm,90,135,windows/train/unknown_mixed/train_004246_unknown_mixed_007785_008361_w000090_000135.npz
train_004246_unknown_mixed_000000_000603_w000106_000151,train_004246_unknown_mixed_000000_000603,MPI_HDM05/mm/HDM_mm_01-01_01_120_poses.npz,unknown_mixed,other,mm,106,151,windows/train/unknown_mixed/train_004246_unknown_mixed_000000_000603_w000106_000151.npz
train_004246_walk_000903_001223_w000000_000045,train_004246_walk_000903_001223,MPI_HDM05/mm/HDM_mm_01-01_01_120_poses.npz,walk,walk,mm,0,45,windows/train/walk/train_004246_walk_000903_001223_w000000_000045.npz
train_004246_walk_005363_006050_w000000_000045,train_004246_walk_005363_006050,MPI_HDM05/mm/HDM_mm_01-01_01_120_poses.npz,walk,walk,mm,0,45,windows/train/walk/train_004246_walk_005363_006050_w000000_000045.npz
train_004246_walk_003250_003640_w000015_000060,train_004246_walk_003250_003640,MPI_HDM05/mm/HDM_mm_01-01_01_120_poses.npz,walk,walk,mm,15,60,windows/train/walk/train_004246_walk_003250_003640_w000015_000060.npz
train_004246_walk_000903_001223_w000030_000075,train_004246_walk_000903_001223,MPI_HDM05/mm/HDM_mm_01-01_01_120_poses.npz,walk,walk,mm,30,75,windows/train/walk/train_004246_walk_000903_001223_w000030_000075.npz
train_004246_walk_005363_006050_w000030_000075,train_004246_walk_005363_006050,MPI_HDM05/mm/HDM_mm_01-01_01_120_poses.npz,walk,walk,mm,30,75,windows/train/walk/train_004246_walk_005363_006050_w000030_000075.npz
train_004246_walk_003250_003640_w000045_000090,train_004246_walk_003250_003640,MPI_HDM05/mm/HDM_mm_01-01_01_120_poses.npz,walk,walk,mm,45,90,windows/train/walk/train_004246_walk_003250_003640_w000045_000090.npz
train_004246_walk_004695_005100_w000057_000102,train_004246_walk_004695_005100,MPI_HDM05/mm/HDM_mm_01-01_01_120_poses.npz,walk,walk,mm,57,102,windows/train/walk/train_004246_walk_004695_005100_w000057_000102.npz
train_004246_walk_002663_003095_w000063_000108,train_004246_walk_002663_003095,MPI_HDM05/mm/HDM_mm_01-01_01_120_poses.npz,walk,walk,mm,63,108,windows/train/walk/train_004246_walk_002663_003095_w000063_000108.npz
train_004246_walk_007105_007785_w000090_000135,train_004246_walk_007105_007785,MPI_HDM05/mm/HDM_mm_01-01_01_120_poses.npz,walk,walk,mm,90,135,windows/train/walk/train_004246_walk_007105_007785_w000090_000135.npz
train_004246_walk_005363_006050_w000127_000172,train_004246_walk_005363_006050,MPI_HDM05/mm/HDM_mm_01-01_01_120_poses.npz,walk,walk,mm,127,172,windows/train/walk/train_004246_walk_005363_006050_w000127_000172.npz
train_001495_unknown_mixed_000000_000259_w000000_000045,train_001495_unknown_mixed_000000_000259,MPI_HDM05/mm/HDM_mm_01-01_02_120_poses.npz,unknown_mixed,other,mm,0,45,windows/train/unknown_mixed/train_001495_unknown_mixed_000000_000259_w000000_000045.npz
train_001495_unknown_mixed_000000_000259_w000015_000060,train_001495_unknown_mixed_000000_000259,MPI_HDM05/mm/HDM_mm_01-01_02_120_poses.npz,unknown_mixed,other,mm,15,60,windows/train/unknown_mixed/train_001495_unknown_mixed_000000_000259_w000015_000060.npz
train_001495_unknown_mixed_007705_007957_w000015_000060,train_001495_unknown_mixed_007705_007957,MPI_HDM05/mm/HDM_mm_01-01_02_120_poses.npz,unknown_mixed,other,mm,15,60,windows/train/unknown_mixed/train_001495_unknown_mixed_007705_007957_w000015_000060.npz
train_001495_unknown_mixed_005791_006967_w000030_000075,train_001495_unknown_mixed_005791_006967,MPI_HDM05/mm/HDM_mm_01-01_02_120_poses.npz,unknown_mixed,other,mm,30,75,windows/train/unknown_mixed/train_001495_unknown_mixed_005791_006967_w000030_000075.npz
train_001495_unknown_mixed_003589_004363_w000060_000105,train_001495_unknown_mixed_003589_004363,MPI_HDM05/mm/HDM_mm_01-01_02_120_poses.npz,unknown_mixed,other,mm,60,105,windows/train/unknown_mixed/train_001495_unknown_mixed_003589_004363_w000060_000105.npz
train_001495_unknown_mixed_003589_004363_w000090_000135,train_001495_unknown_mixed_003589_004363,MPI_HDM05/mm/HDM_mm_01-01_02_120_poses.npz,unknown_mixed,other,mm,90,135,windows/train/unknown_mixed/train_001495_unknown_mixed_003589_004363_w000090_000135.npz
train_001495_unknown_mixed_000973_001855_w000120_000165,train_001495_unknown_mixed_000973_001855,MPI_HDM05/mm/HDM_mm_01-01_02_120_poses.npz,unknown_mixed,other,mm,120,165,windows/train/unknown_mixed/train_001495_unknown_mixed_000973_001855_w000120_000165.npz
train_001495_unknown_mixed_003589_004363_w000149_000194,train_001495_unknown_mixed_003589_004363,MPI_HDM05/mm/HDM_mm_01-01_02_120_poses.npz,unknown_mixed,other,mm,149,194,windows/train/unknown_mixed/train_001495_unknown_mixed_003589_004363_w000149_000194.npz
train_001495_unknown_mixed_000973_001855_w000176_000221,train_001495_unknown_mixed_000973_001855,MPI_HDM05/mm/HDM_mm_01-01_02_120_poses.npz,unknown_mixed,other,mm,176,221,windows/train/unknown_mixed/train_001495_unknown_mixed_000973_001855_w000176_000221.npz
train_001495_unknown_mixed_005791_006967_w000249_000294,train_001495_unknown_mixed_005791_006967,MPI_HDM05/mm/HDM_mm_01-01_02_120_poses.npz,unknown_mixed,other,mm,249,294,windows/train/unknown_mixed/train_001495_unknown_mixed_005791_006967_w000249_000294.npz
train_001495_walk_000571_000973_w000000_000045,train_001495_walk_000571_000973,MPI_HDM05/mm/HDM_mm_01-01_02_120_poses.npz,walk,walk,mm,0,45,windows/train/walk/train_001495_walk_000571_000973_w000000_000045.npz
train_001495_walk_006967_007705_w000000_000045,train_001495_walk_006967_007705,MPI_HDM05/mm/HDM_mm_01-01_02_120_poses.npz,walk,walk,mm,0,45,windows/train/walk/train_001495_walk_006967_007705_w000000_000045.npz
train_001495_walk_005053_005791_w000015_000060,train_001495_walk_005053_005791,MPI_HDM05/mm/HDM_mm_01-01_02_120_poses.npz,walk,walk,mm,15,60,windows/train/walk/train_001495_walk_005053_005791_w000015_000060.npz
train_001495_walk_003145_003589_w000030_000075,train_001495_walk_003145_003589,MPI_HDM05/mm/HDM_mm_01-01_02_120_poses.npz,walk,walk,mm,30,75,windows/train/walk/train_001495_walk_003145_003589_w000030_000075.npz
train_001495_walk_002431_003067_w000045_000090,train_001495_walk_002431_003067,MPI_HDM05/mm/HDM_mm_01-01_02_120_poses.npz,walk,walk,mm,45,90,windows/train/walk/train_001495_walk_002431_003067_w000045_000090.npz
train_001495_walk_001855_002257_w000056_000101,train_001495_walk_001855_002257,MPI_HDM05/mm/HDM_mm_01-01_02_120_poses.npz,walk,walk,mm,56,101,windows/train/walk/train_001495_walk_001855_002257_w000056_000101.npz
train_001495_walk_004363_004801_w000065_000110,train_001495_walk_004363_004801,MPI_HDM05/mm/HDM_mm_01-01_02_120_poses.npz,walk,walk,mm,65,110,windows/train/walk/train_001495_walk_004363_004801_w000065_000110.npz
train_001495_walk_002431_003067_w000090_000135,train_001495_walk_002431_003067,MPI_HDM05/mm/HDM_mm_01-01_02_120_poses.npz,walk,walk,mm,90,135,windows/train/walk/train_001495_walk_002431_003067_w000090_000135.npz
train_001495_walk_002431_003067_w000114_000159,train_001495_walk_002431_003067,MPI_HDM05/mm/HDM_mm_01-01_02_120_poses.npz,walk,walk,mm,114,159,windows/train/walk/train_001495_walk_002431_003067_w000114_000159.npz
train_001495_walk_006967_007705_w000140_000185,train_001495_walk_006967_007705,MPI_HDM05/mm/HDM_mm_01-01_02_120_poses.npz,walk,walk,mm,140,185,windows/train/walk/train_001495_walk_006967_007705_w000140_000185.npz
train_007810_unknown_mixed_000000_000295_w000000_000045,train_007810_unknown_mixed_000000_000295,MPI_HDM05/mm/HDM_mm_01-01_03_120_poses.npz,unknown_mixed,other,mm,0,45,windows/train/unknown_mixed/train_007810_unknown_mixed_000000_000295_w000000_000045.npz
train_007810_unknown_mixed_004417_004646_w000000_000045,train_007810_unknown_mixed_004417_004646,MPI_HDM05/mm/HDM_mm_01-01_03_120_poses.npz,unknown_mixed,other,mm,0,45,windows/train/unknown_mixed/train_007810_unknown_mixed_004417_004646_w000000_000045.npz
train_007810_unknown_mixed_006965_007230_w000000_000045,train_007810_unknown_mixed_006965_007230,MPI_HDM05/mm/HDM_mm_01-01_03_120_poses.npz,unknown_mixed,other,mm,0,45,windows/train/unknown_mixed/train_007810_unknown_mixed_006965_007230_w000000_000045.npz
train_007810_unknown_mixed_004417_004646_w000013_000058,train_007810_unknown_mixed_004417_004646,MPI_HDM05/mm/HDM_mm_01-01_03_120_poses.npz,unknown_mixed,other,mm,13,58,windows/train/unknown_mixed/train_007810_unknown_mixed_004417_004646_w000013_000058.npz
train_007810_unknown_mixed_002917_003344_w000015_000060,train_007810_unknown_mixed_002917_003344,MPI_HDM05/mm/HDM_mm_01-01_03_120_poses.npz,unknown_mixed,other,mm,15,60,windows/train/unknown_mixed/train_007810_unknown_mixed_002917_003344_w000015_000060.npz
train_007810_unknown_mixed_006965_007230_w000015_000060,train_007810_unknown_mixed_006965_007230,MPI_HDM05/mm/HDM_mm_01-01_03_120_poses.npz,unknown_mixed,other,mm,15,60,windows/train/unknown_mixed/train_007810_unknown_mixed_006965_007230_w000015_000060.npz
train_007810_unknown_mixed_006965_007230_w000022_000067,train_007810_unknown_mixed_006965_007230,MPI_HDM05/mm/HDM_mm_01-01_03_120_poses.npz,unknown_mixed,other,mm,22,67,windows/train/unknown_mixed/train_007810_unknown_mixed_006965_007230_w000022_000067.npz
train_007810_unknown_mixed_000000_000295_w000029_000074,train_007810_unknown_mixed_000000_000295,MPI_HDM05/mm/HDM_mm_01-01_03_120_poses.npz,unknown_mixed,other,mm,29,74,windows/train/unknown_mixed/train_007810_unknown_mixed_000000_000295_w000029_000074.npz
train_007810_unknown_mixed_002917_003344_w000045_000090,train_007810_unknown_mixed_002917_003344,MPI_HDM05/mm/HDM_mm_01-01_03_120_poses.npz,unknown_mixed,other,mm,45,90,windows/train/unknown_mixed/train_007810_unknown_mixed_002917_003344_w000045_000090.npz
train_007810_unknown_mixed_002917_003344_w000062_000107,train_007810_unknown_mixed_002917_003344,MPI_HDM05/mm/HDM_mm_01-01_03_120_poses.npz,unknown_mixed,other,mm,62,107,windows/train/unknown_mixed/train_007810_unknown_mixed_002917_003344_w000062_000107.npz
train_007810_walk_000577_000984_w000000_000045,train_007810_walk_000577_000984,MPI_HDM05/mm/HDM_mm_01-01_03_120_poses.npz,walk,walk,mm,0,45,windows/train/walk/train_007810_walk_000577_000984_w000000_000045.npz
train_007810_walk_005605_006153_w000000_000045,train_007810_walk_005605_006153,MPI_HDM05/mm/HDM_mm_01-01_03_120_poses.npz,walk,walk,mm,0,45,windows/train/walk/train_007810_walk_005605_006153_w000000_000045.npz
train_007810_walk_004034_004417_w000015_000060,train_007810_walk_004034_004417,MPI_HDM05/mm/HDM_mm_01-01_03_120_poses.npz,walk,walk,mm,15,60,windows/train/walk/train_007810_walk_004034_004417_w000015_000060.npz
train_007810_walk_002239_002849_w000030_000075,train_007810_walk_002239_002849,MPI_HDM05/mm/HDM_mm_01-01_03_120_poses.npz,walk,walk,mm,30,75,windows/train/walk/train_007810_walk_002239_002849_w000030_000075.npz
train_007810_walk_001169_001616_w000045_000090,train_007810_walk_001169_001616,MPI_HDM05/mm/HDM_mm_01-01_03_120_poses.npz,walk,walk,mm,45,90,windows/train/walk/train_007810_walk_001169_001616_w000045_000090.npz
train_007810_walk_005605_006153_w000045_000090,train_007810_walk_005605_006153,MPI_HDM05/mm/HDM_mm_01-01_03_120_poses.npz,walk,walk,mm,45,90,windows/train/walk/train_007810_walk_005605_006153_w000045_000090.npz
train_007810_walk_003418_003896_w000060_000105,train_007810_walk_003418_003896,MPI_HDM05/mm/HDM_mm_01-01_03_120_poses.npz,walk,walk,mm,60,105,windows/train/walk/train_007810_walk_003418_003896_w000060_000105.npz
train_007810_walk_004646_005354_w000075_000120,train_007810_walk_004646_005354,MPI_HDM05/mm/HDM_mm_01-01_03_120_poses.npz,walk,walk,mm,75,120,windows/train/walk/train_007810_walk_004646_005354_w000075_000120.npz
train_007810_walk_005605_006153_w000092_000137,train_007810_walk_005605_006153,MPI_HDM05/mm/HDM_mm_01-01_03_120_poses.npz,walk,walk,mm,92,137,windows/train/walk/train_007810_walk_005605_006153_w000092_000137.npz
train_007810_walk_004646_005354_w000132_000177,train_007810_walk_004646_005354,MPI_HDM05/mm/HDM_mm_01-01_03_120_poses.npz,walk,walk,mm,132,177,windows/train/walk/train_007810_walk_004646_005354_w000132_000177.npz
train_004921_unknown_mixed_001829_002712_w000000_000045,train_004921_unknown_mixed_001829_002712,MPI_HDM05/mm/HDM_mm_01-02_02_120_poses.npz,unknown_mixed,other,mm,0,45,windows/train/unknown_mixed/train_004921_unknown_mixed_001829_002712_w000000_000045.npz
train_004921_unknown_mixed_001829_002712_w000015_000060,train_004921_unknown_mixed_001829_002712,MPI_HDM05/mm/HDM_mm_01-02_02_120_poses.npz,unknown_mixed,other,mm,15,60,windows/train/unknown_mixed/train_004921_unknown_mixed_001829_002712_w000015_000060.npz
train_004921_unknown_mixed_001829_002712_w000045_000090,train_004921_unknown_mixed_001829_002712,MPI_HDM05/mm/HDM_mm_01-02_02_120_poses.npz,unknown_mixed,other,mm,45,90,windows/train/unknown_mixed/train_004921_unknown_mixed_001829_002712_w000045_000090.npz
train_004921_unknown_mixed_001829_002712_w000060_000105,train_004921_unknown_mixed_001829_002712,MPI_HDM05/mm/HDM_mm_01-02_02_120_poses.npz,unknown_mixed,other,mm,60,105,windows/train/unknown_mixed/train_004921_unknown_mixed_001829_002712_w000060_000105.npz
train_004921_unknown_mixed_001829_002712_w000075_000120,train_004921_unknown_mixed_001829_002712,MPI_HDM05/mm/HDM_mm_01-02_02_120_poses.npz,unknown_mixed,other,mm,75,120,windows/train/unknown_mixed/train_004921_unknown_mixed_001829_002712_w000075_000120.npz
train_004921_unknown_mixed_001829_002712_w000105_000150,train_004921_unknown_mixed_001829_002712,MPI_HDM05/mm/HDM_mm_01-02_02_120_poses.npz,unknown_mixed,other,mm,105,150,windows/train/unknown_mixed/train_004921_unknown_mixed_001829_002712_w000105_000150.npz
train_004921_unknown_mixed_001829_002712_w000120_000165,train_004921_unknown_mixed_001829_002712,MPI_HDM05/mm/HDM_mm_01-02_02_120_poses.npz,unknown_mixed,other,mm,120,165,windows/train/unknown_mixed/train_004921_unknown_mixed_001829_002712_w000120_000165.npz
train_004921_unknown_mixed_001829_002712_w000135_000180,train_004921_unknown_mixed_001829_002712,MPI_HDM05/mm/HDM_mm_01-02_02_120_poses.npz,unknown_mixed,other,mm,135,180,windows/train/unknown_mixed/train_004921_unknown_mixed_001829_002712_w000135_000180.npz
train_004921_unknown_mixed_001829_002712_w000165_000210,train_004921_unknown_mixed_001829_002712,MPI_HDM05/mm/HDM_mm_01-02_02_120_poses.npz,unknown_mixed,other,mm,165,210,windows/train/unknown_mixed/train_004921_unknown_mixed_001829_002712_w000165_000210.npz
train_004921_unknown_mixed_001829_002712_w000176_000221,train_004921_unknown_mixed_001829_002712,MPI_HDM05/mm/HDM_mm_01-02_02_120_poses.npz,unknown_mixed,other,mm,176,221,windows/train/unknown_mixed/train_004921_unknown_mixed_001829_002712_w000176_000221.npz
train_004921_run_001103_001494_w000000_000045,train_004921_run_001103_001494,MPI_HDM05/mm/HDM_mm_01-02_02_120_poses.npz,run,run,mm,0,45,windows/train/run/train_004921_run_001103_001494_w000000_000045.npz
train_004921_run_001595_001829_w000000_000045,train_004921_run_001595_001829,MPI_HDM05/mm/HDM_mm_01-02_02_120_poses.npz,run,run,mm,0,45,windows/train/run/train_004921_run_001595_001829_w000000_000045.npz
train_004921_run_001595_001829_w000014_000059,train_004921_run_001595_001829,MPI_HDM05/mm/HDM_mm_01-02_02_120_poses.npz,run,run,mm,14,59,windows/train/run/train_004921_run_001595_001829_w000014_000059.npz
train_004921_run_001103_001494_w000015_000060,train_004921_run_001103_001494,MPI_HDM05/mm/HDM_mm_01-02_02_120_poses.npz,run,run,mm,15,60,windows/train/run/train_004921_run_001103_001494_w000015_000060.npz
train_004921_run_001103_001494_w000030_000075,train_004921_run_001103_001494,MPI_HDM05/mm/HDM_mm_01-02_02_120_poses.npz,run,run,mm,30,75,windows/train/run/train_004921_run_001103_001494_w000030_000075.npz
train_004921_run_001103_001494_w000045_000090,train_004921_run_001103_001494,MPI_HDM05/mm/HDM_mm_01-02_02_120_poses.npz,run,run,mm,45,90,windows/train/run/train_004921_run_001103_001494_w000045_000090.npz
train_004921_run_001103_001494_w000053_000098,train_004921_run_001103_001494,MPI_HDM05/mm/HDM_mm_01-02_02_120_poses.npz,run,run,mm,53,98,windows/train/run/train_004921_run_001103_001494_w000053_000098.npz
train_004921_walk_000347_000922_w000000_000045,train_004921_walk_000347_000922,MPI_HDM05/mm/HDM_mm_01-02_02_120_poses.npz,walk,walk,mm,0,45,windows/train/walk/train_004921_walk_000347_000922_w000000_000045.npz
train_004921_walk_000347_000922_w000015_000060,train_004921_walk_000347_000922,MPI_HDM05/mm/HDM_mm_01-02_02_120_poses.npz,walk,walk,mm,15,60,windows/train/walk/train_004921_walk_000347_000922_w000015_000060.npz
train_004921_walk_000347_000922_w000030_000075,train_004921_walk_000347_000922,MPI_HDM05/mm/HDM_mm_01-02_02_120_poses.npz,walk,walk,mm,30,75,windows/train/walk/train_004921_walk_000347_000922_w000030_000075.npz
train_004921_walk_000347_000922_w000045_000090,train_004921_walk_000347_000922,MPI_HDM05/mm/HDM_mm_01-02_02_120_poses.npz,walk,walk,mm,45,90,windows/train/walk/train_004921_walk_000347_000922_w000045_000090.npz
train_004921_walk_000347_000922_w000060_000105,train_004921_walk_000347_000922,MPI_HDM05/mm/HDM_mm_01-02_02_120_poses.npz,walk,walk,mm,60,105,windows/train/walk/train_004921_walk_000347_000922_w000060_000105.npz
train_004921_walk_000347_000922_w000075_000120,train_004921_walk_000347_000922,MPI_HDM05/mm/HDM_mm_01-02_02_120_poses.npz,walk,walk,mm,75,120,windows/train/walk/train_004921_walk_000347_000922_w000075_000120.npz
train_004921_walk_000347_000922_w000090_000135,train_004921_walk_000347_000922,MPI_HDM05/mm/HDM_mm_01-02_02_120_poses.npz,walk,walk,mm,90,135,windows/train/walk/train_004921_walk_000347_000922_w000090_000135.npz
train_004921_walk_000347_000922_w000099_000144,train_004921_walk_000347_000922,MPI_HDM05/mm/HDM_mm_01-02_02_120_poses.npz,walk,walk,mm,99,144,windows/train/walk/train_004921_walk_000347_000922_w000099_000144.npz
train_007670_unknown_mixed_000000_000379_w000000_000045,train_007670_unknown_mixed_000000_000379,MPI_HDM05/mm/HDM_mm_01-02_03_120_poses.npz,unknown_mixed,other,mm,0,45,windows/train/unknown_mixed/train_007670_unknown_mixed_000000_000379_w000000_000045.npz
train_007670_unknown_mixed_003127_003398_w000000_000045,train_007670_unknown_mixed_003127_003398,MPI_HDM05/mm/HDM_mm_01-02_03_120_poses.npz,unknown_mixed,other,mm,0,45,windows/train/unknown_mixed/train_007670_unknown_mixed_003127_003398_w000000_000045.npz
train_007670_unknown_mixed_003809_003990_w000000_000045,train_007670_unknown_mixed_003809_003990,MPI_HDM05/mm/HDM_mm_01-02_03_120_poses.npz,unknown_mixed,other,mm,0,45,windows/train/unknown_mixed/train_007670_unknown_mixed_003809_003990_w000000_000045.npz
train_007670_unknown_mixed_000000_000379_w000015_000060,train_007670_unknown_mixed_000000_000379,MPI_HDM05/mm/HDM_mm_01-02_03_120_poses.npz,unknown_mixed,other,mm,15,60,windows/train/unknown_mixed/train_007670_unknown_mixed_000000_000379_w000015_000060.npz
train_007670_unknown_mixed_003127_003398_w000015_000060,train_007670_unknown_mixed_003127_003398,MPI_HDM05/mm/HDM_mm_01-02_03_120_poses.npz,unknown_mixed,other,mm,15,60,windows/train/unknown_mixed/train_007670_unknown_mixed_003127_003398_w000015_000060.npz
train_007670_unknown_mixed_003127_003398_w000023_000068,train_007670_unknown_mixed_003127_003398,MPI_HDM05/mm/HDM_mm_01-02_03_120_poses.npz,unknown_mixed,other,mm,23,68,windows/train/unknown_mixed/train_007670_unknown_mixed_003127_003398_w000023_000068.npz
train_007670_unknown_mixed_001841_002311_w000030_000075,train_007670_unknown_mixed_001841_002311,MPI_HDM05/mm/HDM_mm_01-02_03_120_poses.npz,unknown_mixed,other,mm,30,75,windows/train/unknown_mixed/train_007670_unknown_mixed_001841_002311_w000030_000075.npz
train_007670_unknown_mixed_001841_002311_w000045_000090,train_007670_unknown_mixed_001841_002311,MPI_HDM05/mm/HDM_mm_01-02_03_120_poses.npz,unknown_mixed,other,mm,45,90,windows/train/unknown_mixed/train_007670_unknown_mixed_001841_002311_w000045_000090.npz
train_007670_unknown_mixed_000000_000379_w000050_000095,train_007670_unknown_mixed_000000_000379,MPI_HDM05/mm/HDM_mm_01-02_03_120_poses.npz,unknown_mixed,other,mm,50,95,windows/train/unknown_mixed/train_007670_unknown_mixed_000000_000379_w000050_000095.npz
train_007670_unknown_mixed_001841_002311_w000073_000118,train_007670_unknown_mixed_001841_002311,MPI_HDM05/mm/HDM_mm_01-02_03_120_poses.npz,unknown_mixed,other,mm,73,118,windows/train/unknown_mixed/train_007670_unknown_mixed_001841_002311_w000073_000118.npz
train_007670_run_001037_001481_w000000_000045,train_007670_run_001037_001481,MPI_HDM05/mm/HDM_mm_01-02_03_120_poses.npz,run,run,mm,0,45,windows/train/run/train_007670_run_001037_001481_w000000_000045.npz
train_007670_run_001543_001841_w000000_000045,train_007670_run_001543_001841,MPI_HDM05/mm/HDM_mm_01-02_03_120_poses.npz,run,run,mm,0,45,windows/train/run/train_007670_run_001543_001841_w000000_000045.npz
train_007670_run_001037_001481_w000015_000060,train_007670_run_001037_001481,MPI_HDM05/mm/HDM_mm_01-02_03_120_poses.npz,run,run,mm,15,60,windows/train/run/train_007670_run_001037_001481_w000015_000060.npz
train_007670_run_001543_001841_w000015_000060,train_007670_run_001543_001841,MPI_HDM05/mm/HDM_mm_01-02_03_120_poses.npz,run,run,mm,15,60,windows/train/run/train_007670_run_001543_001841_w000015_000060.npz
train_007670_run_001037_001481_w000030_000075,train_007670_run_001037_001481,MPI_HDM05/mm/HDM_mm_01-02_03_120_poses.npz,run,run,mm,30,75,windows/train/run/train_007670_run_001037_001481_w000030_000075.npz
train_007670_run_001543_001841_w000030_000075,train_007670_run_001543_001841,MPI_HDM05/mm/HDM_mm_01-02_03_120_poses.npz,run,run,mm,30,75,windows/train/run/train_007670_run_001543_001841_w000030_000075.npz
train_007670_run_001037_001481_w000045_000090,train_007670_run_001037_001481,MPI_HDM05/mm/HDM_mm_01-02_03_120_poses.npz,run,run,mm,45,90,windows/train/run/train_007670_run_001037_001481_w000045_000090.npz
train_007670_run_001037_001481_w000060_000105,train_007670_run_001037_001481,MPI_HDM05/mm/HDM_mm_01-02_03_120_poses.npz,run,run,mm,60,105,windows/train/run/train_007670_run_001037_001481_w000060_000105.npz
train_007670_run_001037_001481_w000066_000111,train_007670_run_001037_001481,MPI_HDM05/mm/HDM_mm_01-02_03_120_poses.npz,run,run,mm,66,111,windows/train/run/train_007670_run_001037_001481_w000066_000111.npz
train_007670_walk_000379_000953_w000000_000045,train_007670_walk_000379_000953,MPI_HDM05/mm/HDM_mm_01-02_03_120_poses.npz,walk,walk,mm,0,45,windows/train/walk/train_007670_walk_000379_000953_w000000_000045.npz
train_007670_walk_000379_000953_w000015_000060,train_007670_walk_000379_000953,MPI_HDM05/mm/HDM_mm_01-02_03_120_poses.npz,walk,walk,mm,15,60,windows/train/walk/train_007670_walk_000379_000953_w000015_000060.npz
train_007670_walk_003398_003809_w000015_000060,train_007670_walk_003398_003809,MPI_HDM05/mm/HDM_mm_01-02_03_120_poses.npz,walk,walk,mm,15,60,windows/train/walk/train_007670_walk_003398_003809_w000015_000060.npz
train_007670_walk_003398_003809_w000030_000075,train_007670_walk_003398_003809,MPI_HDM05/mm/HDM_mm_01-02_03_120_poses.npz,walk,walk,mm,30,75,windows/train/walk/train_007670_walk_003398_003809_w000030_000075.npz
train_007670_walk_003398_003809_w000045_000090,train_007670_walk_003398_003809,MPI_HDM05/mm/HDM_mm_01-02_03_120_poses.npz,walk,walk,mm,45,90,windows/train/walk/train_007670_walk_003398_003809_w000045_000090.npz
train_007670_walk_000379_000953_w000060_000105,train_007670_walk_000379_000953,MPI_HDM05/mm/HDM_mm_01-02_03_120_poses.npz,walk,walk,mm,60,105,windows/train/walk/train_007670_walk_000379_000953_w000060_000105.npz
train_007670_walk_002311_003127_w000075_000120,train_007670_walk_002311_003127,MPI_HDM05/mm/HDM_mm_01-02_03_120_poses.npz,walk,walk,mm,75,120,windows/train/walk/train_007670_walk_002311_003127_w000075_000120.npz
train_007670_walk_000379_000953_w000099_000144,train_007670_walk_000379_000953,MPI_HDM05/mm/HDM_mm_01-02_03_120_poses.npz,walk,walk,mm,99,144,windows/train/walk/train_007670_walk_000379_000953_w000099_000144.npz
train_007670_walk_002311_003127_w000120_000165,train_007670_walk_002311_003127,MPI_HDM05/mm/HDM_mm_01-02_03_120_poses.npz,walk,walk,mm,120,165,windows/train/walk/train_007670_walk_002311_003127_w000120_000165.npz
train_007670_walk_002311_003127_w000159_000204,train_007670_walk_002311_003127,MPI_HDM05/mm/HDM_mm_01-02_03_120_poses.npz,walk,walk,mm,159,204,windows/train/walk/train_007670_walk_002311_003127_w000159_000204.npz
train_002454_run_001848_002235_w000000_000045,train_002454_run_001848_002235,MPI_HDM05/mm/HDM_mm_01-03_01_120_poses.npz,run,run,mm,0,45,windows/train/run/train_002454_run_001848_002235_w000000_000045.npz
train_002454_run_002958_003369_w000000_000045,train_002454_run_002958_003369,MPI_HDM05/mm/HDM_mm_01-03_01_120_poses.npz,run,run,mm,0,45,windows/train/run/train_002454_run_002958_003369_w000000_000045.npz
train_002454_run_001848_002235_w000015_000060,train_002454_run_001848_002235,MPI_HDM05/mm/HDM_mm_01-03_01_120_poses.npz,run,run,mm,15,60,windows/train/run/train_002454_run_001848_002235_w000015_000060.npz
train_002454_run_002958_003369_w000015_000060,train_002454_run_002958_003369,MPI_HDM05/mm/HDM_mm_01-03_01_120_poses.npz,run,run,mm,15,60,windows/train/run/train_002454_run_002958_003369_w000015_000060.npz
train_002454_run_001848_002235_w000030_000075,train_002454_run_001848_002235,MPI_HDM05/mm/HDM_mm_01-03_01_120_poses.npz,run,run,mm,30,75,windows/train/run/train_002454_run_001848_002235_w000030_000075.npz
train_002454_run_002958_003369_w000030_000075,train_002454_run_002958_003369,MPI_HDM05/mm/HDM_mm_01-03_01_120_poses.npz,run,run,mm,30,75,windows/train/run/train_002454_run_002958_003369_w000030_000075.npz
train_002454_run_001848_002235_w000045_000090,train_002454_run_001848_002235,MPI_HDM05/mm/HDM_mm_01-03_01_120_poses.npz,run,run,mm,45,90,windows/train/run/train_002454_run_001848_002235_w000045_000090.npz
train_002454_run_002958_003369_w000045_000090,train_002454_run_002958_003369,MPI_HDM05/mm/HDM_mm_01-03_01_120_poses.npz,run,run,mm,45,90,windows/train/run/train_002454_run_002958_003369_w000045_000090.npz
train_002454_run_002445_002820_w000049_000094,train_002454_run_002445_002820,MPI_HDM05/mm/HDM_mm_01-03_01_120_poses.npz,run,run,mm,49,94,windows/train/run/train_002454_run_002445_002820_w000049_000094.npz
train_002454_run_002958_003369_w000058_000103,train_002454_run_002958_003369,MPI_HDM05/mm/HDM_mm_01-03_01_120_poses.npz,run,run,mm,58,103,windows/train/run/train_002454_run_002958_003369_w000058_000103.npz
train_002454_walk_000485_000955_w000000_000045,train_002454_walk_000485_000955,MPI_HDM05/mm/HDM_mm_01-03_01_120_poses.npz,walk,walk,mm,0,45,windows/train/walk/train_002454_walk_000485_000955_w000000_000045.npz
train_002454_walk_000485_000955_w000015_000060,train_002454_walk_000485_000955,MPI_HDM05/mm/HDM_mm_01-03_01_120_poses.npz,walk,walk,mm,15,60,windows/train/walk/train_002454_walk_000485_000955_w000015_000060.npz
train_002454_walk_000485_000955_w000030_000075,train_002454_walk_000485_000955,MPI_HDM05/mm/HDM_mm_01-03_01_120_poses.npz,walk,walk,mm,30,75,windows/train/walk/train_002454_walk_000485_000955_w000030_000075.npz
train_002454_walk_000485_000955_w000045_000090,train_002454_walk_000485_000955,MPI_HDM05/mm/HDM_mm_01-03_01_120_poses.npz,walk,walk,mm,45,90,windows/train/walk/train_002454_walk_000485_000955_w000045_000090.npz
train_002454_walk_000485_000955_w000060_000105,train_002454_walk_000485_000955,MPI_HDM05/mm/HDM_mm_01-03_01_120_poses.npz,walk,walk,mm,60,105,windows/train/walk/train_002454_walk_000485_000955_w000060_000105.npz
train_002454_walk_000485_000955_w000073_000118,train_002454_walk_000485_000955,MPI_HDM05/mm/HDM_mm_01-03_01_120_poses.npz,walk,walk,mm,73,118,windows/train/walk/train_002454_walk_000485_000955_w000073_000118.npz
train_008496_unknown_mixed_001695_001970_w000000_000045,train_008496_unknown_mixed_001695_001970,MPI_HDM05/mm/HDM_mm_01-03_02_120_poses.npz,unknown_mixed,other,mm,0,45,windows/train/unknown_mixed/train_008496_unknown_mixed_001695_001970_w000000_000045.npz
train_008496_unknown_mixed_001695_001970_w000015_000060,train_008496_unknown_mixed_001695_001970,MPI_HDM05/mm/HDM_mm_01-03_02_120_poses.npz,unknown_mixed,other,mm,15,60,windows/train/unknown_mixed/train_008496_unknown_mixed_001695_001970_w000015_000060.npz
train_008496_unknown_mixed_001695_001970_w000024_000069,train_008496_unknown_mixed_001695_001970,MPI_HDM05/mm/HDM_mm_01-03_02_120_poses.npz,unknown_mixed,other,mm,24,69,windows/train/unknown_mixed/train_008496_unknown_mixed_001695_001970_w000024_000069.npz
train_008496_run_001970_002254_w000000_000045,train_008496_run_001970_002254,MPI_HDM05/mm/HDM_mm_01-03_02_120_poses.npz,run,run,mm,0,45,windows/train/run/train_008496_run_001970_002254_w000000_000045.npz
train_008496_run_002464_002833_w000000_000045,train_008496_run_002464_002833,MPI_HDM05/mm/HDM_mm_01-03_02_120_poses.npz,run,run,mm,0,45,windows/train/run/train_008496_run_002464_002833_w000000_000045.npz
train_008496_run_001970_002254_w000015_000060,train_008496_run_001970_002254,MPI_HDM05/mm/HDM_mm_01-03_02_120_poses.npz,run,run,mm,15,60,windows/train/run/train_008496_run_001970_002254_w000015_000060.npz
train_008496_run_002464_002833_w000015_000060,train_008496_run_002464_002833,MPI_HDM05/mm/HDM_mm_01-03_02_120_poses.npz,run,run,mm,15,60,windows/train/run/train_008496_run_002464_002833_w000015_000060.npz
train_008496_run_002982_003371_w000015_000060,train_008496_run_002982_003371,MPI_HDM05/mm/HDM_mm_01-03_02_120_poses.npz,run,run,mm,15,60,windows/train/run/train_008496_run_002982_003371_w000015_000060.npz
train_008496_run_002464_002833_w000030_000075,train_008496_run_002464_002833,MPI_HDM05/mm/HDM_mm_01-03_02_120_poses.npz,run,run,mm,30,75,windows/train/run/train_008496_run_002464_002833_w000030_000075.npz
train_008496_run_002982_003371_w000030_000075,train_008496_run_002982_003371,MPI_HDM05/mm/HDM_mm_01-03_02_120_poses.npz,run,run,mm,30,75,windows/train/run/train_008496_run_002982_003371_w000030_000075.npz
train_008496_run_002464_002833_w000045_000090,train_008496_run_002464_002833,MPI_HDM05/mm/HDM_mm_01-03_02_120_poses.npz,run,run,mm,45,90,windows/train/run/train_008496_run_002464_002833_w000045_000090.npz
train_008496_run_002464_002833_w000048_000093,train_008496_run_002464_002833,MPI_HDM05/mm/HDM_mm_01-03_02_120_poses.npz,run,run,mm,48,93,windows/train/run/train_008496_run_002464_002833_w000048_000093.npz
train_008496_run_002982_003371_w000053_000098,train_008496_run_002982_003371,MPI_HDM05/mm/HDM_mm_01-03_02_120_poses.npz,run,run,mm,53,98,windows/train/run/train_008496_run_002982_003371_w000053_000098.npz
train_008496_walk_000353_000940_w000000_000045,train_008496_walk_000353_000940,MPI_HDM05/mm/HDM_mm_01-03_02_120_poses.npz,walk,walk,mm,0,45,windows/train/walk/train_008496_walk_000353_000940_w000000_000045.npz
train_008496_walk_003490_003805_w000000_000045,train_008496_walk_003490_003805,MPI_HDM05/mm/HDM_mm_01-03_02_120_poses.npz,walk,walk,mm,0,45,windows/train/walk/train_008496_walk_003490_003805_w000000_000045.npz
train_008496_walk_001101_001695_w000015_000060,train_008496_walk_001101_001695,MPI_HDM05/mm/HDM_mm_01-03_02_120_poses.npz,walk,walk,mm,15,60,windows/train/walk/train_008496_walk_001101_001695_w000015_000060.npz
train_008496_walk_000353_000940_w000030_000075,train_008496_walk_000353_000940,MPI_HDM05/mm/HDM_mm_01-03_02_120_poses.npz,walk,walk,mm,30,75,windows/train/walk/train_008496_walk_000353_000940_w000030_000075.npz
train_008496_walk_003490_003805_w000030_000075,train_008496_walk_003490_003805,MPI_HDM05/mm/HDM_mm_01-03_02_120_poses.npz,walk,walk,mm,30,75,windows/train/walk/train_008496_walk_003490_003805_w000030_000075.npz
train_008496_walk_001101_001695_w000045_000090,train_008496_walk_001101_001695,MPI_HDM05/mm/HDM_mm_01-03_02_120_poses.npz,walk,walk,mm,45,90,windows/train/walk/train_008496_walk_001101_001695_w000045_000090.npz
train_008496_walk_001101_001695_w000060_000105,train_008496_walk_001101_001695,MPI_HDM05/mm/HDM_mm_01-03_02_120_poses.npz,walk,walk,mm,60,105,windows/train/walk/train_008496_walk_001101_001695_w000060_000105.npz
train_008496_walk_001101_001695_w000075_000120,train_008496_walk_001101_001695,MPI_HDM05/mm/HDM_mm_01-03_02_120_poses.npz,walk,walk,mm,75,120,windows/train/walk/train_008496_walk_001101_001695_w000075_000120.npz
train_008496_walk_001101_001695_w000090_000135,train_008496_walk_001101_001695,MPI_HDM05/mm/HDM_mm_01-03_02_120_poses.npz,walk,walk,mm,90,135,windows/train/walk/train_008496_walk_001101_001695_w000090_000135.npz
train_008496_walk_001101_001695_w000104_000149,train_008496_walk_001101_001695,MPI_HDM05/mm/HDM_mm_01-03_02_120_poses.npz,walk,walk,mm,104,149,windows/train/walk/train_008496_walk_001101_001695_w000104_000149.npz
train_005023_unknown_mixed_000000_000214_w000000_000045,train_005023_unknown_mixed_000000_000214,MPI_HDM05/mm/HDM_mm_01-03_03_120_poses.npz,unknown_mixed,other,mm,0,45,windows/train/unknown_mixed/train_005023_unknown_mixed_000000_000214_w000000_000045.npz
train_005023_unknown_mixed_003399_003674_w000000_000045,train_005023_unknown_mixed_003399_003674,MPI_HDM05/mm/HDM_mm_01-03_03_120_poses.npz,unknown_mixed,other,mm,0,45,windows/train/unknown_mixed/train_005023_unknown_mixed_003399_003674_w000000_000045.npz
train_005023_unknown_mixed_000000_000214_w000009_000054,train_005023_unknown_mixed_000000_000214,MPI_HDM05/mm/HDM_mm_01-03_03_120_poses.npz,unknown_mixed,other,mm,9,54,windows/train/unknown_mixed/train_005023_unknown_mixed_000000_000214_w000009_000054.npz
train_005023_unknown_mixed_003399_003674_w000015_000060,train_005023_unknown_mixed_003399_003674,MPI_HDM05/mm/HDM_mm_01-03_03_120_poses.npz,unknown_mixed,other,mm,15,60,windows/train/unknown_mixed/train_005023_unknown_mixed_003399_003674_w000015_000060.npz
train_005023_unknown_mixed_003399_003674_w000024_000069,train_005023_unknown_mixed_003399_003674,MPI_HDM05/mm/HDM_mm_01-03_03_120_poses.npz,unknown_mixed,other,mm,24,69,windows/train/unknown_mixed/train_005023_unknown_mixed_003399_003674_w000024_000069.npz
train_005023_run_001666_002045_w000000_000045,train_005023_run_001666_002045,MPI_HDM05/mm/HDM_mm_01-03_03_120_poses.npz,run,run,mm,0,45,windows/train/run/train_005023_run_001666_002045_w000000_000045.npz
train_005023_run_002770_003111_w000000_000045,train_005023_run_002770_003111,MPI_HDM05/mm/HDM_mm_01-03_03_120_poses.npz,run,run,mm,0,45,windows/train/run/train_005023_run_002770_003111_w000000_000045.npz
train_005023_run_001666_002045_w000015_000060,train_005023_run_001666_002045,MPI_HDM05/mm/HDM_mm_01-03_03_120_poses.npz,run,run,mm,15,60,windows/train/run/train_005023_run_001666_002045_w000015_000060.npz
train_005023_run_002770_003111_w000015_000060,train_005023_run_002770_003111,MPI_HDM05/mm/HDM_mm_01-03_03_120_poses.npz,run,run,mm,15,60,windows/train/run/train_005023_run_002770_003111_w000015_000060.npz
train_005023_run_001666_002045_w000030_000075,train_005023_run_001666_002045,MPI_HDM05/mm/HDM_mm_01-03_03_120_poses.npz,run,run,mm,30,75,windows/train/run/train_005023_run_001666_002045_w000030_000075.npz
train_005023_run_002770_003111_w000030_000075,train_005023_run_002770_003111,MPI_HDM05/mm/HDM_mm_01-03_03_120_poses.npz,run,run,mm,30,75,windows/train/run/train_005023_run_002770_003111_w000030_000075.npz
train_005023_run_002770_003111_w000041_000086,train_005023_run_002770_003111,MPI_HDM05/mm/HDM_mm_01-03_03_120_poses.npz,run,run,mm,41,86,windows/train/run/train_005023_run_002770_003111_w000041_000086.npz
train_005023_run_002216_002638_w000045_000090,train_005023_run_002216_002638,MPI_HDM05/mm/HDM_mm_01-03_03_120_poses.npz,run,run,mm,45,90,windows/train/run/train_005023_run_002216_002638_w000045_000090.npz
train_005023_run_001666_002045_w000050_000095,train_005023_run_001666_002045,MPI_HDM05/mm/HDM_mm_01-03_03_120_poses.npz,run,run,mm,50,95,windows/train/run/train_005023_run_001666_002045_w000050_000095.npz
train_005023_run_002216_002638_w000061_000106,train_005023_run_002216_002638,MPI_HDM05/mm/HDM_mm_01-03_03_120_poses.npz,run,run,mm,61,106,windows/train/run/train_005023_run_002216_002638_w000061_000106.npz
train_005023_walk_000466_000935_w000000_000045,train_005023_walk_000466_000935,MPI_HDM05/mm/HDM_mm_01-03_03_120_poses.npz,walk,walk,mm,0,45,windows/train/walk/train_005023_walk_000466_000935_w000000_000045.npz
train_005023_walk_001067_001524_w000000_000045,train_005023_walk_001067_001524,MPI_HDM05/mm/HDM_mm_01-03_03_120_poses.npz,walk,walk,mm,0,45,windows/train/walk/train_005023_walk_001067_001524_w000000_000045.npz
train_005023_walk_000466_000935_w000015_000060,train_005023_walk_000466_000935,MPI_HDM05/mm/HDM_mm_01-03_03_120_poses.npz,walk,walk,mm,15,60,windows/train/walk/train_005023_walk_000466_000935_w000015_000060.npz
train_005023_walk_000466_000935_w000030_000075,train_005023_walk_000466_000935,MPI_HDM05/mm/HDM_mm_01-03_03_120_poses.npz,walk,walk,mm,30,75,windows/train/walk/train_005023_walk_000466_000935_w000030_000075.npz
train_005023_walk_001067_001524_w000030_000075,train_005023_walk_001067_001524,MPI_HDM05/mm/HDM_mm_01-03_03_120_poses.npz,walk,walk,mm,30,75,windows/train/walk/train_005023_walk_001067_001524_w000030_000075.npz
train_005023_walk_000466_000935_w000045_000090,train_005023_walk_000466_000935,MPI_HDM05/mm/HDM_mm_01-03_03_120_poses.npz,walk,walk,mm,45,90,windows/train/walk/train_005023_walk_000466_000935_w000045_000090.npz
train_005023_walk_001067_001524_w000045_000090,train_005023_walk_001067_001524,MPI_HDM05/mm/HDM_mm_01-03_03_120_poses.npz,walk,walk,mm,45,90,windows/train/walk/train_005023_walk_001067_001524_w000045_000090.npz
train_005023_walk_001067_001524_w000060_000105,train_005023_walk_001067_001524,MPI_HDM05/mm/HDM_mm_01-03_03_120_poses.npz,walk,walk,mm,60,105,windows/train/walk/train_005023_walk_001067_001524_w000060_000105.npz
train_005023_walk_001067_001524_w000070_000115,train_005023_walk_001067_001524,MPI_HDM05/mm/HDM_mm_01-03_03_120_poses.npz,walk,walk,mm,70,115,windows/train/walk/train_005023_walk_001067_001524_w000070_000115.npz
train_005023_walk_000466_000935_w000073_000118,train_005023_walk_000466_000935,MPI_HDM05/mm/HDM_mm_01-03_03_120_poses.npz,walk,walk,mm,73,118,windows/train/walk/train_005023_walk_000466_000935_w000073_000118.npz
train_011045_idle_005068_005310_w000000_000045,train_011045_idle_005068_005310,MPI_HDM05/mm/HDM_mm_01-04_01_120_poses.npz,idle,other,mm,0,45,windows/train/idle/train_011045_idle_005068_005310_w000000_000045.npz
train_011045_idle_005068_005310_w000016_000061,train_011045_idle_005068_005310,MPI_HDM05/mm/HDM_mm_01-04_01_120_poses.npz,idle,other,mm,16,61,windows/train/idle/train_011045_idle_005068_005310_w000016_000061.npz
train_011045_unknown_mixed_001620_004445_w000075_000120,train_011045_unknown_mixed_001620_004445,MPI_HDM05/mm/HDM_mm_01-04_01_120_poses.npz,unknown_mixed,other,mm,75,120,windows/train/unknown_mixed/train_011045_unknown_mixed_001620_004445_w000075_000120.npz
train_011045_unknown_mixed_001620_004445_w000150_000195,train_011045_unknown_mixed_001620_004445,MPI_HDM05/mm/HDM_mm_01-04_01_120_poses.npz,unknown_mixed,other,mm,150,195,windows/train/unknown_mixed/train_011045_unknown_mixed_001620_004445_w000150_000195.npz
train_011045_unknown_mixed_001620_004445_w000240_000285,train_011045_unknown_mixed_001620_004445,MPI_HDM05/mm/HDM_mm_01-04_01_120_poses.npz,unknown_mixed,other,mm,240,285,windows/train/unknown_mixed/train_011045_unknown_mixed_001620_004445_w000240_000285.npz
train_011045_unknown_mixed_001620_004445_w000330_000375,train_011045_unknown_mixed_001620_004445,MPI_HDM05/mm/HDM_mm_01-04_01_120_poses.npz,unknown_mixed,other,mm,330,375,windows/train/unknown_mixed/train_011045_unknown_mixed_001620_004445_w000330_000375.npz
train_011045_unknown_mixed_001620_004445_w000420_000465,train_011045_unknown_mixed_001620_004445,MPI_HDM05/mm/HDM_mm_01-04_01_120_poses.npz,unknown_mixed,other,mm,420,465,windows/train/unknown_mixed/train_011045_unknown_mixed_001620_004445_w000420_000465.npz
train_011045_unknown_mixed_001620_004445_w000495_000540,train_011045_unknown_mixed_001620_004445,MPI_HDM05/mm/HDM_mm_01-04_01_120_poses.npz,unknown_mixed,other,mm,495,540,windows/train/unknown_mixed/train_011045_unknown_mixed_001620_004445_w000495_000540.npz
train_011045_unknown_mixed_001620_004445_w000585_000630,train_011045_unknown_mixed_001620_004445,MPI_HDM05/mm/HDM_mm_01-04_01_120_poses.npz,unknown_mixed,other,mm,585,630,windows/train/unknown_mixed/train_011045_unknown_mixed_001620_004445_w000585_000630.npz
train_011045_unknown_mixed_001620_004445_w000662_000707,train_011045_unknown_mixed_001620_004445,MPI_HDM05/mm/HDM_mm_01-04_01_120_poses.npz,unknown_mixed,other,mm,662,707,windows/train/unknown_mixed/train_011045_unknown_mixed_001620_004445_w000662_000707.npz
train_011045_run_001263_001620_w000000_000045,train_011045_run_001263_001620,MPI_HDM05/mm/HDM_mm_01-04_01_120_poses.npz,run,run,mm,0,45,windows/train/run/train_011045_run_001263_001620_w000000_000045.npz
train_011045_run_004445_004785_w000000_000045,train_011045_run_004445_004785,MPI_HDM05/mm/HDM_mm_01-04_01_120_poses.npz,run,run,mm,0,45,windows/train/run/train_011045_run_004445_004785_w000000_000045.npz
train_011045_run_001263_001620_w000015_000060,train_011045_run_001263_001620,MPI_HDM05/mm/HDM_mm_01-04_01_120_poses.npz,run,run,mm,15,60,windows/train/run/train_011045_run_001263_001620_w000015_000060.npz
train_011045_run_004445_004785_w000015_000060,train_011045_run_004445_004785,MPI_HDM05/mm/HDM_mm_01-04_01_120_poses.npz,run,run,mm,15,60,windows/train/run/train_011045_run_004445_004785_w000015_000060.npz
train_011045_run_005310_005690_w000015_000060,train_011045_run_005310_005690,MPI_HDM05/mm/HDM_mm_01-04_01_120_poses.npz,run,run,mm,15,60,windows/train/run/train_011045_run_005310_005690_w000015_000060.npz
train_011045_run_004445_004785_w000030_000075,train_011045_run_004445_004785,MPI_HDM05/mm/HDM_mm_01-04_01_120_poses.npz,run,run,mm,30,75,windows/train/run/train_011045_run_004445_004785_w000030_000075.npz
train_011045_run_005310_005690_w000030_000075,train_011045_run_005310_005690,MPI_HDM05/mm/HDM_mm_01-04_01_120_poses.npz,run,run,mm,30,75,windows/train/run/train_011045_run_005310_005690_w000030_000075.npz
train_011045_run_004445_004785_w000040_000085,train_011045_run_004445_004785,MPI_HDM05/mm/HDM_mm_01-04_01_120_poses.npz,run,run,mm,40,85,windows/train/run/train_011045_run_004445_004785_w000040_000085.npz
train_011045_run_005310_005690_w000045_000090,train_011045_run_005310_005690,MPI_HDM05/mm/HDM_mm_01-04_01_120_poses.npz,run,run,mm,45,90,windows/train/run/train_011045_run_005310_005690_w000045_000090.npz
train_011045_run_005310_005690_w000050_000095,train_011045_run_005310_005690,MPI_HDM05/mm/HDM_mm_01-04_01_120_poses.npz,run,run,mm,50,95,windows/train/run/train_011045_run_005310_005690_w000050_000095.npz
train_011045_walk_000618_001040_w000000_000045,train_011045_walk_000618_001040,MPI_HDM05/mm/HDM_mm_01-04_01_120_poses.npz,walk,walk,mm,0,45,windows/train/walk/train_011045_walk_000618_001040_w000000_000045.npz
train_011045_walk_005933_006370_w000000_000045,train_011045_walk_005933_006370,MPI_HDM05/mm/HDM_mm_01-04_01_120_poses.npz,walk,walk,mm,0,45,windows/train/walk/train_011045_walk_005933_006370_w000000_000045.npz
train_011045_walk_000618_001040_w000015_000060,train_011045_walk_000618_001040,MPI_HDM05/mm/HDM_mm_01-04_01_120_poses.npz,walk,walk,mm,15,60,windows/train/walk/train_011045_walk_000618_001040_w000015_000060.npz
train_011045_walk_000618_001040_w000030_000075,train_011045_walk_000618_001040,MPI_HDM05/mm/HDM_mm_01-04_01_120_poses.npz,walk,walk,mm,30,75,windows/train/walk/train_011045_walk_000618_001040_w000030_000075.npz
train_011045_walk_005933_006370_w000030_000075,train_011045_walk_005933_006370,MPI_HDM05/mm/HDM_mm_01-04_01_120_poses.npz,walk,walk,mm,30,75,windows/train/walk/train_011045_walk_005933_006370_w000030_000075.npz
train_011045_walk_000618_001040_w000045_000090,train_011045_walk_000618_001040,MPI_HDM05/mm/HDM_mm_01-04_01_120_poses.npz,walk,walk,mm,45,90,windows/train/walk/train_011045_walk_000618_001040_w000045_000090.npz
train_011045_walk_005933_006370_w000045_000090,train_011045_walk_005933_006370,MPI_HDM05/mm/HDM_mm_01-04_01_120_poses.npz,walk,walk,mm,45,90,windows/train/walk/train_011045_walk_005933_006370_w000045_000090.npz
train_011045_walk_005933_006370_w000060_000105,train_011045_walk_005933_006370,MPI_HDM05/mm/HDM_mm_01-04_01_120_poses.npz,walk,walk,mm,60,105,windows/train/walk/train_011045_walk_005933_006370_w000060_000105.npz
train_011045_walk_000618_001040_w000061_000106,train_011045_walk_000618_001040,MPI_HDM05/mm/HDM_mm_01-04_01_120_poses.npz,walk,walk,mm,61,106,windows/train/walk/train_011045_walk_000618_001040_w000061_000106.npz
train_011045_walk_005933_006370_w000065_000110,train_011045_walk_005933_006370,MPI_HDM05/mm/HDM_mm_01-04_01_120_poses.npz,walk,walk,mm,65,110,windows/train/walk/train_011045_walk_005933_006370_w000065_000110.npz
train_011867_unknown_mixed_006249_006806_w000000_000045,train_011867_unknown_mixed_006249_006806,MPI_HDM05/mm/HDM_mm_01-04_03_120_poses.npz,unknown_mixed,other,mm,0,45,windows/train/unknown_mixed/train_011867_unknown_mixed_006249_006806_w000000_000045.npz
train_011867_unknown_mixed_006249_006806_w000015_000060,train_011867_unknown_mixed_006249_006806,MPI_HDM05/mm/HDM_mm_01-04_03_120_poses.npz,unknown_mixed,other,mm,15,60,windows/train/unknown_mixed/train_011867_unknown_mixed_006249_006806_w000015_000060.npz
train_011867_unknown_mixed_006249_006806_w000030_000075,train_011867_unknown_mixed_006249_006806,MPI_HDM05/mm/HDM_mm_01-04_03_120_poses.npz,unknown_mixed,other,mm,30,75,windows/train/unknown_mixed/train_011867_unknown_mixed_006249_006806_w000030_000075.npz
train_011867_unknown_mixed_006249_006806_w000045_000090,train_011867_unknown_mixed_006249_006806,MPI_HDM05/mm/HDM_mm_01-04_03_120_poses.npz,unknown_mixed,other,mm,45,90,windows/train/unknown_mixed/train_011867_unknown_mixed_006249_006806_w000045_000090.npz
train_011867_unknown_mixed_006249_006806_w000060_000105,train_011867_unknown_mixed_006249_006806,MPI_HDM05/mm/HDM_mm_01-04_03_120_poses.npz,unknown_mixed,other,mm,60,105,windows/train/unknown_mixed/train_011867_unknown_mixed_006249_006806_w000060_000105.npz
train_011867_unknown_mixed_006249_006806_w000075_000120,train_011867_unknown_mixed_006249_006806,MPI_HDM05/mm/HDM_mm_01-04_03_120_poses.npz,unknown_mixed,other,mm,75,120,windows/train/unknown_mixed/train_011867_unknown_mixed_006249_006806_w000075_000120.npz
train_011867_unknown_mixed_006249_006806_w000090_000135,train_011867_unknown_mixed_006249_006806,MPI_HDM05/mm/HDM_mm_01-04_03_120_poses.npz,unknown_mixed,other,mm,90,135,windows/train/unknown_mixed/train_011867_unknown_mixed_006249_006806_w000090_000135.npz
train_011867_unknown_mixed_006249_006806_w000095_000140,train_011867_unknown_mixed_006249_006806,MPI_HDM05/mm/HDM_mm_01-04_03_120_poses.npz,unknown_mixed,other,mm,95,140,windows/train/unknown_mixed/train_011867_unknown_mixed_006249_006806_w000095_000140.npz
train_011867_run_001188_001479_w000000_000045,train_011867_run_001188_001479,MPI_HDM05/mm/HDM_mm_01-04_03_120_poses.npz,run,run,mm,0,45,windows/train/run/train_011867_run_001188_001479_w000000_000045.npz
train_011867_run_001976_002233_w000000_000045,train_011867_run_001976_002233,MPI_HDM05/mm/HDM_mm_01-04_03_120_poses.npz,run,run,mm,0,45,windows/train/run/train_011867_run_001976_002233_w000000_000045.npz
train_011867_run_004423_004719_w000000_000045,train_011867_run_004423_004719,MPI_HDM05/mm/HDM_mm_01-04_03_120_poses.npz,run,run,mm,0,45,windows/train/run/train_011867_run_004423_004719_w000000_000045.npz
train_011867_run_001188_001479_w000015_000060,train_011867_run_001188_001479,MPI_HDM05/mm/HDM_mm_01-04_03_120_poses.npz,run,run,mm,15,60,windows/train/run/train_011867_run_001188_001479_w000015_000060.npz
train_011867_run_001976_002233_w000015_000060,train_011867_run_001976_002233,MPI_HDM05/mm/HDM_mm_01-04_03_120_poses.npz,run,run,mm,15,60,windows/train/run/train_011867_run_001976_002233_w000015_000060.npz
train_011867_run_004423_004719_w000015_000060,train_011867_run_004423_004719,MPI_HDM05/mm/HDM_mm_01-04_03_120_poses.npz,run,run,mm,15,60,windows/train/run/train_011867_run_004423_004719_w000015_000060.npz
train_011867_run_005250_005533_w000015_000060,train_011867_run_005250_005533,MPI_HDM05/mm/HDM_mm_01-04_03_120_poses.npz,run,run,mm,15,60,windows/train/run/train_011867_run_005250_005533_w000015_000060.npz
train_011867_run_005250_005533_w000026_000071,train_011867_run_005250_005533,MPI_HDM05/mm/HDM_mm_01-04_03_120_poses.npz,run,run,mm,26,71,windows/train/run/train_011867_run_005250_005533_w000026_000071.npz
train_011867_run_001188_001479_w000028_000073,train_011867_run_001188_001479,MPI_HDM05/mm/HDM_mm_01-04_03_120_poses.npz,run,run,mm,28,73,windows/train/run/train_011867_run_001188_001479_w000028_000073.npz
train_011867_run_004423_004719_w000029_000074,train_011867_run_004423_004719,MPI_HDM05/mm/HDM_mm_01-04_03_120_poses.npz,run,run,mm,29,74,windows/train/run/train_011867_run_004423_004719_w000029_000074.npz
train_011867_walk_000480_000965_w000000_000045,train_011867_walk_000480_000965,MPI_HDM05/mm/HDM_mm_01-04_03_120_poses.npz,walk,walk,mm,0,45,windows/train/walk/train_011867_walk_000480_000965_w000000_000045.npz
train_011867_walk_005816_006249_w000000_000045,train_011867_walk_005816_006249,MPI_HDM05/mm/HDM_mm_01-04_03_120_poses.npz,walk,walk,mm,0,45,windows/train/walk/train_011867_walk_005816_006249_w000000_000045.npz
train_011867_walk_002572_003013_w000015_000060,train_011867_walk_002572_003013,MPI_HDM05/mm/HDM_mm_01-04_03_120_poses.npz,walk,walk,mm,15,60,windows/train/walk/train_011867_walk_002572_003013_w000015_000060.npz
train_011867_walk_000480_000965_w000030_000075,train_011867_walk_000480_000965,MPI_HDM05/mm/HDM_mm_01-04_03_120_poses.npz,walk,walk,mm,30,75,windows/train/walk/train_011867_walk_000480_000965_w000030_000075.npz
train_011867_walk_003806_004209_w000030_000075,train_011867_walk_003806_004209,MPI_HDM05/mm/HDM_mm_01-04_03_120_poses.npz,walk,walk,mm,30,75,windows/train/walk/train_011867_walk_003806_004209_w000030_000075.npz
train_011867_walk_002572_003013_w000045_000090,train_011867_walk_002572_003013,MPI_HDM05/mm/HDM_mm_01-04_03_120_poses.npz,walk,walk,mm,45,90,windows/train/walk/train_011867_walk_002572_003013_w000045_000090.npz
train_011867_walk_005816_006249_w000045_000090,train_011867_walk_005816_006249,MPI_HDM05/mm/HDM_mm_01-04_03_120_poses.npz,walk,walk,mm,45,90,windows/train/walk/train_011867_walk_005816_006249_w000045_000090.npz
train_011867_walk_002572_003013_w000060_000105,train_011867_walk_002572_003013,MPI_HDM05/mm/HDM_mm_01-04_03_120_poses.npz,walk,walk,mm,60,105,windows/train/walk/train_011867_walk_002572_003013_w000060_000105.npz
train_011867_walk_005816_006249_w000064_000109,train_011867_walk_005816_006249,MPI_HDM05/mm/HDM_mm_01-04_03_120_poses.npz,walk,walk,mm,64,109,windows/train/walk/train_011867_walk_005816_006249_w000064_000109.npz
train_011867_walk_000480_000965_w000077_000122,train_011867_walk_000480_000965,MPI_HDM05/mm/HDM_mm_01-04_03_120_poses.npz,walk,walk,mm,77,122,windows/train/walk/train_011867_walk_000480_000965_w000077_000122.npz
train_007680_walk_000438_000690_w000000_000045,train_007680_walk_000438_000690,MPI_HDM05/mm/HDM_mm_02-01_01_120_poses.npz,walk,walk,mm,0,45,windows/train/walk/train_007680_walk_000438_000690_w000000_000045.npz
train_007680_walk_001194_001373_w000000_000045,train_007680_walk_001194_001373,MPI_HDM05/mm/HDM_mm_02-01_01_120_poses.npz,walk,walk,mm,0,45,windows/train/walk/train_007680_walk_001194_001373_w000000_000045.npz
train_007680_walk_002658_002958_w000000_000045,train_007680_walk_002658_002958,MPI_HDM05/mm/HDM_mm_02-01_01_120_poses.npz,walk,walk,mm,0,45,windows/train/walk/train_007680_walk_002658_002958_w000000_000045.npz
train_007680_walk_000438_000690_w000015_000060,train_007680_walk_000438_000690,MPI_HDM05/mm/HDM_mm_02-01_01_120_poses.npz,walk,walk,mm,15,60,windows/train/walk/train_007680_walk_000438_000690_w000015_000060.npz
train_007680_walk_002658_002958_w000015_000060,train_007680_walk_002658_002958,MPI_HDM05/mm/HDM_mm_02-01_01_120_poses.npz,walk,walk,mm,15,60,windows/train/walk/train_007680_walk_002658_002958_w000015_000060.npz
train_007680_walk_000438_000690_w000018_000063,train_007680_walk_000438_000690,MPI_HDM05/mm/HDM_mm_02-01_01_120_poses.npz,walk,walk,mm,18,63,windows/train/walk/train_007680_walk_000438_000690_w000018_000063.npz
train_007680_walk_002658_002958_w000030_000075,train_007680_walk_002658_002958,MPI_HDM05/mm/HDM_mm_02-01_01_120_poses.npz,walk,walk,mm,30,75,windows/train/walk/train_007680_walk_002658_002958_w000030_000075.npz
train_012609_unknown_mixed_000000_000305_w000000_000045,train_012609_unknown_mixed_000000_000305,MPI_HDM05/mm/HDM_mm_02-01_02_120_poses.npz,unknown_mixed,other,mm,0,45,windows/train/unknown_mixed/train_012609_unknown_mixed_000000_000305_w000000_000045.npz
train_012609_unknown_mixed_001130_001390_w000000_000045,train_012609_unknown_mixed_001130_001390,MPI_HDM05/mm/HDM_mm_02-01_02_120_poses.npz,unknown_mixed,other,mm,0,45,windows/train/unknown_mixed/train_012609_unknown_mixed_001130_001390_w000000_000045.npz
train_012609_unknown_mixed_001443_001758_w000000_000045,train_012609_unknown_mixed_001443_001758,MPI_HDM05/mm/HDM_mm_02-01_02_120_poses.npz,unknown_mixed,other,mm,0,45,windows/train/unknown_mixed/train_012609_unknown_mixed_001443_001758_w000000_000045.npz
train_012609_unknown_mixed_000605_000793_w000002_000047,train_012609_unknown_mixed_000605_000793,MPI_HDM05/mm/HDM_mm_02-01_02_120_poses.npz,unknown_mixed,other,mm,2,47,windows/train/unknown_mixed/train_012609_unknown_mixed_000605_000793_w000002_000047.npz
train_012609_unknown_mixed_001935_002160_w000012_000057,train_012609_unknown_mixed_001935_002160,MPI_HDM05/mm/HDM_mm_02-01_02_120_poses.npz,unknown_mixed,other,mm,12,57,windows/train/unknown_mixed/train_012609_unknown_mixed_001935_002160_w000012_000057.npz
train_012609_unknown_mixed_001130_001390_w000015_000060,train_012609_unknown_mixed_001130_001390,MPI_HDM05/mm/HDM_mm_02-01_02_120_poses.npz,unknown_mixed,other,mm,15,60,windows/train/unknown_mixed/train_012609_unknown_mixed_001130_001390_w000015_000060.npz
train_012609_unknown_mixed_001443_001758_w000015_000060,train_012609_unknown_mixed_001443_001758,MPI_HDM05/mm/HDM_mm_02-01_02_120_poses.npz,unknown_mixed,other,mm,15,60,windows/train/unknown_mixed/train_012609_unknown_mixed_001443_001758_w000015_000060.npz
train_012609_unknown_mixed_000000_000305_w000030_000075,train_012609_unknown_mixed_000000_000305,MPI_HDM05/mm/HDM_mm_02-01_02_120_poses.npz,unknown_mixed,other,mm,30,75,windows/train/unknown_mixed/train_012609_unknown_mixed_000000_000305_w000030_000075.npz
train_012609_unknown_mixed_001443_001758_w000030_000075,train_012609_unknown_mixed_001443_001758,MPI_HDM05/mm/HDM_mm_02-01_02_120_poses.npz,unknown_mixed,other,mm,30,75,windows/train/unknown_mixed/train_012609_unknown_mixed_001443_001758_w000030_000075.npz
train_012609_unknown_mixed_001443_001758_w000034_000079,train_012609_unknown_mixed_001443_001758,MPI_HDM05/mm/HDM_mm_02-01_02_120_poses.npz,unknown_mixed,other,mm,34,79,windows/train/unknown_mixed/train_012609_unknown_mixed_001443_001758_w000034_000079.npz
train_012609_walk_000305_000605_w000000_000045,train_012609_walk_000305_000605,MPI_HDM05/mm/HDM_mm_02-01_02_120_poses.npz,walk,walk,mm,0,45,windows/train/walk/train_012609_walk_000305_000605_w000000_000045.npz
train_012609_walk_001758_001935_w000000_000045,train_012609_walk_001758_001935,MPI_HDM05/mm/HDM_mm_02-01_02_120_poses.npz,walk,walk,mm,0,45,windows/train/walk/train_012609_walk_001758_001935_w000000_000045.npz
train_012609_walk_000305_000605_w000015_000060,train_012609_walk_000305_000605,MPI_HDM05/mm/HDM_mm_02-01_02_120_poses.npz,walk,walk,mm,15,60,windows/train/walk/train_012609_walk_000305_000605_w000015_000060.npz
train_012609_walk_000305_000605_w000030_000075,train_012609_walk_000305_000605,MPI_HDM05/mm/HDM_mm_02-01_02_120_poses.npz,walk,walk,mm,30,75,windows/train/walk/train_012609_walk_000305_000605_w000030_000075.npz
train_011254_unknown_mixed_000000_000195_w000000_000045,train_011254_unknown_mixed_000000_000195,MPI_HDM05/mm/HDM_mm_02-01_03_120_poses.npz,unknown_mixed,other,mm,0,45,windows/train/unknown_mixed/train_011254_unknown_mixed_000000_000195_w000000_000045.npz
train_011254_unknown_mixed_003333_003576_w000000_000045,train_011254_unknown_mixed_003333_003576,MPI_HDM05/mm/HDM_mm_02-01_03_120_poses.npz,unknown_mixed,other,mm,0,45,windows/train/unknown_mixed/train_011254_unknown_mixed_003333_003576_w000000_000045.npz
train_011254_unknown_mixed_000000_000195_w000004_000049,train_011254_unknown_mixed_000000_000195,MPI_HDM05/mm/HDM_mm_02-01_03_120_poses.npz,unknown_mixed,other,mm,4,49,windows/train/unknown_mixed/train_011254_unknown_mixed_000000_000195_w000004_000049.npz
train_011254_unknown_mixed_003333_003576_w000015_000060,train_011254_unknown_mixed_003333_003576,MPI_HDM05/mm/HDM_mm_02-01_03_120_poses.npz,unknown_mixed,other,mm,15,60,windows/train/unknown_mixed/train_011254_unknown_mixed_003333_003576_w000015_000060.npz
train_011254_unknown_mixed_003333_003576_w000016_000061,train_011254_unknown_mixed_003333_003576,MPI_HDM05/mm/HDM_mm_02-01_03_120_poses.npz,unknown_mixed,other,mm,16,61,windows/train/unknown_mixed/train_011254_unknown_mixed_003333_003576_w000016_000061.npz
train_011254_walk_000319_000637_w000000_000045,train_011254_walk_000319_000637,MPI_HDM05/mm/HDM_mm_02-01_03_120_poses.npz,walk,walk,mm,0,45,windows/train/walk/train_011254_walk_000319_000637_w000000_000045.npz
train_011254_walk_000965_001254_w000000_000045,train_011254_walk_000965_001254,MPI_HDM05/mm/HDM_mm_02-01_03_120_poses.npz,walk,walk,mm,0,45,windows/train/walk/train_011254_walk_000965_001254_w000000_000045.npz
train_011254_walk_002082_002259_w000000_000045,train_011254_walk_002082_002259,MPI_HDM05/mm/HDM_mm_02-01_03_120_poses.npz,walk,walk,mm,0,45,windows/train/walk/train_011254_walk_002082_002259_w000000_000045.npz
train_011254_walk_002762_003027_w000000_000045,train_011254_walk_002762_003027,MPI_HDM05/mm/HDM_mm_02-01_03_120_poses.npz,walk,walk,mm,0,45,windows/train/walk/train_011254_walk_002762_003027_w000000_000045.npz
train_011254_walk_000319_000637_w000015_000060,train_011254_walk_000319_000637,MPI_HDM05/mm/HDM_mm_02-01_03_120_poses.npz,walk,walk,mm,15,60,windows/train/walk/train_011254_walk_000319_000637_w000015_000060.npz
train_011254_walk_002762_003027_w000015_000060,train_011254_walk_002762_003027,MPI_HDM05/mm/HDM_mm_02-01_03_120_poses.npz,walk,walk,mm,15,60,windows/train/walk/train_011254_walk_002762_003027_w000015_000060.npz
train_011254_walk_002762_003027_w000022_000067,train_011254_walk_002762_003027,MPI_HDM05/mm/HDM_mm_02-01_03_120_poses.npz,walk,walk,mm,22,67,windows/train/walk/train_011254_walk_002762_003027_w000022_000067.npz
train_011254_walk_000965_001254_w000028_000073,train_011254_walk_000965_001254,MPI_HDM05/mm/HDM_mm_02-01_03_120_poses.npz,walk,walk,mm,28,73,windows/train/walk/train_011254_walk_000965_001254_w000028_000073.npz
train_011254_walk_000319_000637_w000030_000075,train_011254_walk_000319_000637,MPI_HDM05/mm/HDM_mm_02-01_03_120_poses.npz,walk,walk,mm,30,75,windows/train/walk/train_011254_walk_000319_000637_w000030_000075.npz
train_011254_walk_000319_000637_w000035_000080,train_011254_walk_000319_000637,MPI_HDM05/mm/HDM_mm_02-01_03_120_poses.npz,walk,walk,mm,35,80,windows/train/walk/train_011254_walk_000319_000637_w000035_000080.npz
train_011613_unknown_mixed_000326_000522_w000000_000045,train_011613_unknown_mixed_000326_000522,MPI_HDM05/mm/HDM_mm_02-01_04_120_poses.npz,unknown_mixed,other,mm,0,45,windows/train/unknown_mixed/train_011613_unknown_mixed_000326_000522_w000000_000045.npz
train_011613_unknown_mixed_001037_001307_w000000_000045,train_011613_unknown_mixed_001037_001307,MPI_HDM05/mm/HDM_mm_02-01_04_120_poses.npz,unknown_mixed,other,mm,0,45,windows/train/unknown_mixed/train_011613_unknown_mixed_001037_001307_w000000_000045.npz
train_011613_unknown_mixed_001353_001845_w000000_000045,train_011613_unknown_mixed_001353_001845,MPI_HDM05/mm/HDM_mm_02-01_04_120_poses.npz,unknown_mixed,other,mm,0,45,windows/train/unknown_mixed/train_011613_unknown_mixed_001353_001845_w000000_000045.npz
train_011613_unknown_mixed_001037_001307_w000015_000060,train_011613_unknown_mixed_001037_001307,MPI_HDM05/mm/HDM_mm_02-01_04_120_poses.npz,unknown_mixed,other,mm,15,60,windows/train/unknown_mixed/train_011613_unknown_mixed_001037_001307_w000015_000060.npz
train_011613_unknown_mixed_001353_001845_w000015_000060,train_011613_unknown_mixed_001353_001845,MPI_HDM05/mm/HDM_mm_02-01_04_120_poses.npz,unknown_mixed,other,mm,15,60,windows/train/unknown_mixed/train_011613_unknown_mixed_001353_001845_w000015_000060.npz
train_011613_unknown_mixed_001037_001307_w000023_000068,train_011613_unknown_mixed_001037_001307,MPI_HDM05/mm/HDM_mm_02-01_04_120_poses.npz,unknown_mixed,other,mm,23,68,windows/train/unknown_mixed/train_011613_unknown_mixed_001037_001307_w000023_000068.npz
train_011613_unknown_mixed_001353_001845_w000030_000075,train_011613_unknown_mixed_001353_001845,MPI_HDM05/mm/HDM_mm_02-01_04_120_poses.npz,unknown_mixed,other,mm,30,75,windows/train/unknown_mixed/train_011613_unknown_mixed_001353_001845_w000030_000075.npz
train_011613_unknown_mixed_001353_001845_w000060_000105,train_011613_unknown_mixed_001353_001845,MPI_HDM05/mm/HDM_mm_02-01_04_120_poses.npz,unknown_mixed,other,mm,60,105,windows/train/unknown_mixed/train_011613_unknown_mixed_001353_001845_w000060_000105.npz
train_011613_unknown_mixed_001353_001845_w000075_000120,train_011613_unknown_mixed_001353_001845,MPI_HDM05/mm/HDM_mm_02-01_04_120_poses.npz,unknown_mixed,other,mm,75,120,windows/train/unknown_mixed/train_011613_unknown_mixed_001353_001845_w000075_000120.npz
train_011613_unknown_mixed_001353_001845_w000078_000123,train_011613_unknown_mixed_001353_001845,MPI_HDM05/mm/HDM_mm_02-01_04_120_poses.npz,unknown_mixed,other,mm,78,123,windows/train/unknown_mixed/train_011613_unknown_mixed_001353_001845_w000078_000123.npz
train_011613_walk_000000_000326_w000000_000045,train_011613_walk_000000_000326,MPI_HDM05/mm/HDM_mm_02-01_04_120_poses.npz,walk,walk,mm,0,45,windows/train/walk/train_011613_walk_000000_000326_w000000_000045.npz
train_011613_walk_000000_000326_w000015_000060,train_011613_walk_000000_000326,MPI_HDM05/mm/HDM_mm_02-01_04_120_poses.npz,walk,walk,mm,15,60,windows/train/walk/train_011613_walk_000000_000326_w000015_000060.npz
train_011613_walk_000000_000326_w000030_000075,train_011613_walk_000000_000326,MPI_HDM05/mm/HDM_mm_02-01_04_120_poses.npz,walk,walk,mm,30,75,windows/train/walk/train_011613_walk_000000_000326_w000030_000075.npz
train_011613_walk_000000_000326_w000037_000082,train_011613_walk_000000_000326,MPI_HDM05/mm/HDM_mm_02-01_04_120_poses.npz,walk,walk,mm,37,82,windows/train/walk/train_011613_walk_000000_000326_w000037_000082.npz
train_010594_idle_001710_001900_w000000_000045,train_010594_idle_001710_001900,MPI_HDM05/mm/HDM_mm_02-02_01_120_poses.npz,idle,other,mm,0,45,windows/train/idle/train_010594_idle_001710_001900_w000000_000045.npz
train_010594_unknown_mixed_004143_004533_w000000_000045,train_010594_unknown_mixed_004143_004533,MPI_HDM05/mm/HDM_mm_02-02_01_120_poses.npz,unknown_mixed,other,mm,0,45,windows/train/unknown_mixed/train_010594_unknown_mixed_004143_004533_w000000_000045.npz
train_010594_unknown_mixed_001265_001475_w000008_000053,train_010594_unknown_mixed_001265_001475,MPI_HDM05/mm/HDM_mm_02-02_01_120_poses.npz,unknown_mixed,other,mm,8,53,windows/train/unknown_mixed/train_010594_unknown_mixed_001265_001475_w000008_000053.npz
train_010594_unknown_mixed_005405_005810_w000015_000060,train_010594_unknown_mixed_005405_005810,MPI_HDM05/mm/HDM_mm_02-02_01_120_poses.npz,unknown_mixed,other,mm,15,60,windows/train/unknown_mixed/train_010594_unknown_mixed_005405_005810_w000015_000060.npz
train_010594_unknown_mixed_005405_005810_w000030_000075,train_010594_unknown_mixed_005405_005810,MPI_HDM05/mm/HDM_mm_02-02_01_120_poses.npz,unknown_mixed,other,mm,30,75,windows/train/unknown_mixed/train_010594_unknown_mixed_005405_005810_w000030_000075.npz
train_010594_unknown_mixed_004143_004533_w000053_000098,train_010594_unknown_mixed_004143_004533,MPI_HDM05/mm/HDM_mm_02-02_01_120_poses.npz,unknown_mixed,other,mm,53,98,windows/train/unknown_mixed/train_010594_unknown_mixed_004143_004533_w000053_000098.npz
train_010594_unknown_mixed_000000_001020_w000075_000120,train_010594_unknown_mixed_000000_001020,MPI_HDM05/mm/HDM_mm_02-02_01_120_poses.npz,unknown_mixed,other,mm,75,120,windows/train/unknown_mixed/train_010594_unknown_mixed_000000_001020_w000075_000120.npz
train_010594_unknown_mixed_000000_001020_w000120_000165,train_010594_unknown_mixed_000000_001020,MPI_HDM05/mm/HDM_mm_02-02_01_120_poses.npz,unknown_mixed,other,mm,120,165,windows/train/unknown_mixed/train_010594_unknown_mixed_000000_001020_w000120_000165.npz
train_010594_unknown_mixed_000000_001020_w000165_000210,train_010594_unknown_mixed_000000_001020,MPI_HDM05/mm/HDM_mm_02-02_01_120_poses.npz,unknown_mixed,other,mm,165,210,windows/train/unknown_mixed/train_010594_unknown_mixed_000000_001020_w000165_000210.npz
train_010594_unknown_mixed_000000_001020_w000210_000255,train_010594_unknown_mixed_000000_001020,MPI_HDM05/mm/HDM_mm_02-02_01_120_poses.npz,unknown_mixed,other,mm,210,255,windows/train/unknown_mixed/train_010594_unknown_mixed_000000_001020_w000210_000255.npz
train_010594_walk_001020_001265_w000000_000045,train_010594_walk_001020_001265,MPI_HDM05/mm/HDM_mm_02-02_01_120_poses.npz,walk,walk,mm,0,45,windows/train/walk/train_010594_walk_001020_001265_w000000_000045.npz
train_010594_walk_002063_002265_w000000_000045,train_010594_walk_002063_002265,MPI_HDM05/mm/HDM_mm_02-02_01_120_poses.npz,walk,walk,mm,0,45,windows/train/walk/train_010594_walk_002063_002265_w000000_000045.npz
train_010594_walk_002943_003145_w000000_000045,train_010594_walk_002943_003145,MPI_HDM05/mm/HDM_mm_02-02_01_120_poses.npz,walk,walk,mm,0,45,windows/train/walk/train_010594_walk_002943_003145_w000000_000045.npz
train_010594_walk_003785_003970_w000000_000045,train_010594_walk_003785_003970,MPI_HDM05/mm/HDM_mm_02-02_01_120_poses.npz,walk,walk,mm,0,45,windows/train/walk/train_010594_walk_003785_003970_w000000_000045.npz
train_010594_walk_005060_005278_w000000_000045,train_010594_walk_005060_005278,MPI_HDM05/mm/HDM_mm_02-02_01_120_poses.npz,walk,walk,mm,0,45,windows/train/walk/train_010594_walk_005060_005278_w000000_000045.npz
train_010594_walk_003785_003970_w000002_000047,train_010594_walk_003785_003970,MPI_HDM05/mm/HDM_mm_02-02_01_120_poses.npz,walk,walk,mm,2,47,windows/train/walk/train_010594_walk_003785_003970_w000002_000047.npz
train_010594_walk_002943_003145_w000006_000051,train_010594_walk_002943_003145,MPI_HDM05/mm/HDM_mm_02-02_01_120_poses.npz,walk,walk,mm,6,51,windows/train/walk/train_010594_walk_002943_003145_w000006_000051.npz
train_010594_walk_004673_004890_w000010_000055,train_010594_walk_004673_004890,MPI_HDM05/mm/HDM_mm_02-02_01_120_poses.npz,walk,walk,mm,10,55,windows/train/walk/train_010594_walk_004673_004890_w000010_000055.npz
train_010594_walk_001475_001710_w000014_000059,train_010594_walk_001475_001710,MPI_HDM05/mm/HDM_mm_02-02_01_120_poses.npz,walk,walk,mm,14,59,windows/train/walk/train_010594_walk_001475_001710_w000014_000059.npz
train_010594_walk_001020_001265_w000017_000062,train_010594_walk_001020_001265,MPI_HDM05/mm/HDM_mm_02-02_01_120_poses.npz,walk,walk,mm,17,62,windows/train/walk/train_010594_walk_001020_001265_w000017_000062.npz
train_002384_unknown_mixed_000000_000307_w000000_000045,train_002384_unknown_mixed_000000_000307,MPI_HDM05/mm/HDM_mm_02-02_02_120_poses.npz,unknown_mixed,other,mm,0,45,windows/train/unknown_mixed/train_002384_unknown_mixed_000000_000307_w000000_000045.npz
train_002384_unknown_mixed_005486_005695_w000000_000045,train_002384_unknown_mixed_005486_005695,MPI_HDM05/mm/HDM_mm_02-02_02_120_poses.npz,unknown_mixed,other,mm,0,45,windows/train/unknown_mixed/train_002384_unknown_mixed_005486_005695_w000000_000045.npz
train_002384_unknown_mixed_002086_002650_w000015_000060,train_002384_unknown_mixed_002086_002650,MPI_HDM05/mm/HDM_mm_02-02_02_120_poses.npz,unknown_mixed,other,mm,15,60,windows/train/unknown_mixed/train_002384_unknown_mixed_002086_002650_w000015_000060.npz
train_002384_unknown_mixed_003274_004010_w000030_000075,train_002384_unknown_mixed_003274_004010,MPI_HDM05/mm/HDM_mm_02-02_02_120_poses.npz,unknown_mixed,other,mm,30,75,windows/train/unknown_mixed/train_002384_unknown_mixed_003274_004010_w000030_000075.npz
train_002384_unknown_mixed_005947_007246_w000045_000090,train_002384_unknown_mixed_005947_007246,MPI_HDM05/mm/HDM_mm_02-02_02_120_poses.npz,unknown_mixed,other,mm,45,90,windows/train/unknown_mixed/train_002384_unknown_mixed_005947_007246_w000045_000090.npz
train_002384_unknown_mixed_002086_002650_w000075_000120,train_002384_unknown_mixed_002086_002650,MPI_HDM05/mm/HDM_mm_02-02_02_120_poses.npz,unknown_mixed,other,mm,75,120,windows/train/unknown_mixed/train_002384_unknown_mixed_002086_002650_w000075_000120.npz
train_002384_unknown_mixed_005947_007246_w000090_000135,train_002384_unknown_mixed_005947_007246,MPI_HDM05/mm/HDM_mm_02-02_02_120_poses.npz,unknown_mixed,other,mm,90,135,windows/train/unknown_mixed/train_002384_unknown_mixed_005947_007246_w000090_000135.npz
train_002384_unknown_mixed_005947_007246_w000120_000165,train_002384_unknown_mixed_005947_007246,MPI_HDM05/mm/HDM_mm_02-02_02_120_poses.npz,unknown_mixed,other,mm,120,165,windows/train/unknown_mixed/train_002384_unknown_mixed_005947_007246_w000120_000165.npz
train_002384_unknown_mixed_007615_008500_w000165_000210,train_002384_unknown_mixed_007615_008500,MPI_HDM05/mm/HDM_mm_02-02_02_120_poses.npz,unknown_mixed,other,mm,165,210,windows/train/unknown_mixed/train_002384_unknown_mixed_007615_008500_w000165_000210.npz
train_002384_unknown_mixed_005947_007246_w000280_000325,train_002384_unknown_mixed_005947_007246,MPI_HDM05/mm/HDM_mm_02-02_02_120_poses.npz,unknown_mixed,other,mm,280,325,windows/train/unknown_mixed/train_002384_unknown_mixed_005947_007246_w000280_000325.npz
train_002384_walk_000559_000876_w000000_000045,train_002384_walk_000559_000876,MPI_HDM05/mm/HDM_mm_02-02_02_120_poses.npz,walk,walk,mm,0,45,windows/train/walk/train_002384_walk_000559_000876_w000000_000045.npz
train_002384_walk_002995_003274_w000000_000045,train_002384_walk_002995_003274,MPI_HDM05/mm/HDM_mm_02-02_02_120_poses.npz,walk,walk,mm,0,45,windows/train/walk/train_002384_walk_002995_003274_w000000_000045.npz
train_002384_walk_007246_007615_w000000_000045,train_002384_walk_007246_007615,MPI_HDM05/mm/HDM_mm_02-02_02_120_poses.npz,walk,walk,mm,0,45,windows/train/walk/train_002384_walk_007246_007615_w000000_000045.npz
train_002384_walk_000559_000876_w000015_000060,train_002384_walk_000559_000876,MPI_HDM05/mm/HDM_mm_02-02_02_120_poses.npz,walk,walk,mm,15,60,windows/train/walk/train_002384_walk_000559_000876_w000015_000060.npz
train_002384_walk_004358_004750_w000015_000060,train_002384_walk_004358_004750,MPI_HDM05/mm/HDM_mm_02-02_02_120_poses.npz,walk,walk,mm,15,60,windows/train/walk/train_002384_walk_004358_004750_w000015_000060.npz
train_002384_walk_005695_005947_w000018_000063,train_002384_walk_005695_005947,MPI_HDM05/mm/HDM_mm_02-02_02_120_poses.npz,walk,walk,mm,18,63,windows/train/walk/train_002384_walk_005695_005947_w000018_000063.npz
train_002384_walk_001778_002086_w000030_000075,train_002384_walk_001778_002086,MPI_HDM05/mm/HDM_mm_02-02_02_120_poses.npz,walk,walk,mm,30,75,windows/train/walk/train_002384_walk_001778_002086_w000030_000075.npz
train_002384_walk_007246_007615_w000030_000075,train_002384_walk_007246_007615,MPI_HDM05/mm/HDM_mm_02-02_02_120_poses.npz,walk,walk,mm,30,75,windows/train/walk/train_002384_walk_007246_007615_w000030_000075.npz
train_002384_walk_004358_004750_w000045_000090,train_002384_walk_004358_004750,MPI_HDM05/mm/HDM_mm_02-02_02_120_poses.npz,walk,walk,mm,45,90,windows/train/walk/train_002384_walk_004358_004750_w000045_000090.npz
train_002384_walk_004358_004750_w000053_000098,train_002384_walk_004358_004750,MPI_HDM05/mm/HDM_mm_02-02_02_120_poses.npz,walk,walk,mm,53,98,windows/train/walk/train_002384_walk_004358_004750_w000053_000098.npz
train_007896_unknown_mixed_000000_000258_w000000_000045,train_007896_unknown_mixed_000000_000258,MPI_HDM05/mm/HDM_mm_02-02_03_120_poses.npz,unknown_mixed,other,mm,0,45,windows/train/unknown_mixed/train_007896_unknown_mixed_000000_000258_w000000_000045.npz
train_007896_unknown_mixed_003056_003241_w000000_000045,train_007896_unknown_mixed_003056_003241,MPI_HDM05/mm/HDM_mm_02-02_03_120_poses.npz,unknown_mixed,other,mm,0,45,windows/train/unknown_mixed/train_007896_unknown_mixed_003056_003241_w000000_000045.npz
train_007896_unknown_mixed_004031_004237_w000000_000045,train_007896_unknown_mixed_004031_004237,MPI_HDM05/mm/HDM_mm_02-02_03_120_poses.npz,unknown_mixed,other,mm,0,45,windows/train/unknown_mixed/train_007896_unknown_mixed_004031_004237_w000000_000045.npz
train_007896_unknown_mixed_003056_003241_w000002_000047,train_007896_unknown_mixed_003056_003241,MPI_HDM05/mm/HDM_mm_02-02_03_120_poses.npz,unknown_mixed,other,mm,2,47,windows/train/unknown_mixed/train_007896_unknown_mixed_003056_003241_w000002_000047.npz
train_007896_unknown_mixed_004031_004237_w000007_000052,train_007896_unknown_mixed_004031_004237,MPI_HDM05/mm/HDM_mm_02-02_03_120_poses.npz,unknown_mixed,other,mm,7,52,windows/train/unknown_mixed/train_007896_unknown_mixed_004031_004237_w000007_000052.npz
train_007896_unknown_mixed_000000_000258_w000015_000060,train_007896_unknown_mixed_000000_000258,MPI_HDM05/mm/HDM_mm_02-02_03_120_poses.npz,unknown_mixed,other,mm,15,60,windows/train/unknown_mixed/train_007896_unknown_mixed_000000_000258_w000015_000060.npz
train_007896_unknown_mixed_000000_000258_w000020_000065,train_007896_unknown_mixed_000000_000258,MPI_HDM05/mm/HDM_mm_02-02_03_120_poses.npz,unknown_mixed,other,mm,20,65,windows/train/unknown_mixed/train_007896_unknown_mixed_000000_000258_w000020_000065.npz
train_007896_walk_000410_000592_w000000_000045,train_007896_walk_000410_000592,MPI_HDM05/mm/HDM_mm_02-02_03_120_poses.npz,walk,walk,mm,0,45,windows/train/walk/train_007896_walk_000410_000592_w000000_000045.npz
train_007896_walk_000712_000935_w000000_000045,train_007896_walk_000712_000935,MPI_HDM05/mm/HDM_mm_02-02_03_120_poses.npz,walk,walk,mm,0,45,windows/train/walk/train_007896_walk_000712_000935_w000000_000045.npz
train_007896_walk_001360_001585_w000000_000045,train_007896_walk_001360_001585,MPI_HDM05/mm/HDM_mm_02-02_03_120_poses.npz,walk,walk,mm,0,45,windows/train/walk/train_007896_walk_001360_001585_w000000_000045.npz
train_007896_walk_002018_002198_w000000_000045,train_007896_walk_002018_002198,MPI_HDM05/mm/HDM_mm_02-02_03_120_poses.npz,walk,walk,mm,0,45,windows/train/walk/train_007896_walk_002018_002198_w000000_000045.npz
train_007896_walk_002626_002816_w000000_000045,train_007896_walk_002626_002816,MPI_HDM05/mm/HDM_mm_02-02_03_120_poses.npz,walk,walk,mm,0,45,windows/train/walk/train_007896_walk_002626_002816_w000000_000045.npz
train_007896_walk_003529_003709_w000000_000045,train_007896_walk_003529_003709,MPI_HDM05/mm/HDM_mm_02-02_03_120_poses.npz,walk,walk,mm,0,45,windows/train/walk/train_007896_walk_003529_003709_w000000_000045.npz
train_007896_walk_000410_000592_w000001_000046,train_007896_walk_000410_000592,MPI_HDM05/mm/HDM_mm_02-02_03_120_poses.npz,walk,walk,mm,1,46,windows/train/walk/train_007896_walk_000410_000592_w000001_000046.npz
train_007896_walk_003241_003426_w000002_000047,train_007896_walk_003241_003426,MPI_HDM05/mm/HDM_mm_02-02_03_120_poses.npz,walk,walk,mm,2,47,windows/train/walk/train_007896_walk_003241_003426_w000002_000047.npz
train_007896_walk_000712_000935_w000011_000056,train_007896_walk_000712_000935,MPI_HDM05/mm/HDM_mm_02-02_03_120_poses.npz,walk,walk,mm,11,56,windows/train/walk/train_007896_walk_000712_000935_w000011_000056.npz
train_007896_walk_001360_001585_w000012_000057,train_007896_walk_001360_001585,MPI_HDM05/mm/HDM_mm_02-02_03_120_poses.npz,walk,walk,mm,12,57,windows/train/walk/train_007896_walk_001360_001585_w000012_000057.npz
train_000176_unknown_mixed_000000_003464_w000000_000045,train_000176_unknown_mixed_000000_003464,MPI_HDM05/mm/HDM_mm_02-03_01_120_poses.npz,unknown_mixed,other,mm,0,45,windows/train/unknown_mixed/train_000176_unknown_mixed_000000_003464_w000000_000045.npz
train_000176_unknown_mixed_000000_003464_w000090_000135,train_000176_unknown_mixed_000000_003464,MPI_HDM05/mm/HDM_mm_02-03_01_120_poses.npz,unknown_mixed,other,mm,90,135,windows/train/unknown_mixed/train_000176_unknown_mixed_000000_003464_w000090_000135.npz
train_000176_unknown_mixed_000000_003464_w000180_000225,train_000176_unknown_mixed_000000_003464,MPI_HDM05/mm/HDM_mm_02-03_01_120_poses.npz,unknown_mixed,other,mm,180,225,windows/train/unknown_mixed/train_000176_unknown_mixed_000000_003464_w000180_000225.npz
train_000176_unknown_mixed_000000_003464_w000270_000315,train_000176_unknown_mixed_000000_003464,MPI_HDM05/mm/HDM_mm_02-03_01_120_poses.npz,unknown_mixed,other,mm,270,315,windows/train/unknown_mixed/train_000176_unknown_mixed_000000_003464_w000270_000315.npz
train_000176_unknown_mixed_000000_003464_w000360_000405,train_000176_unknown_mixed_000000_003464,MPI_HDM05/mm/HDM_mm_02-03_01_120_poses.npz,unknown_mixed,other,mm,360,405,windows/train/unknown_mixed/train_000176_unknown_mixed_000000_003464_w000360_000405.npz
train_000176_unknown_mixed_000000_003464_w000465_000510,train_000176_unknown_mixed_000000_003464,MPI_HDM05/mm/HDM_mm_02-03_01_120_poses.npz,unknown_mixed,other,mm,465,510,windows/train/unknown_mixed/train_000176_unknown_mixed_000000_003464_w000465_000510.npz
train_000176_unknown_mixed_000000_003464_w000555_000600,train_000176_unknown_mixed_000000_003464,MPI_HDM05/mm/HDM_mm_02-03_01_120_poses.npz,unknown_mixed,other,mm,555,600,windows/train/unknown_mixed/train_000176_unknown_mixed_000000_003464_w000555_000600.npz
train_000176_unknown_mixed_000000_003464_w000645_000690,train_000176_unknown_mixed_000000_003464,MPI_HDM05/mm/HDM_mm_02-03_01_120_poses.npz,unknown_mixed,other,mm,645,690,windows/train/unknown_mixed/train_000176_unknown_mixed_000000_003464_w000645_000690.npz
train_000176_unknown_mixed_000000_003464_w000735_000780,train_000176_unknown_mixed_000000_003464,MPI_HDM05/mm/HDM_mm_02-03_01_120_poses.npz,unknown_mixed,other,mm,735,780,windows/train/unknown_mixed/train_000176_unknown_mixed_000000_003464_w000735_000780.npz
train_000176_unknown_mixed_000000_003464_w000821_000866,train_000176_unknown_mixed_000000_003464,MPI_HDM05/mm/HDM_mm_02-03_01_120_poses.npz,unknown_mixed,other,mm,821,866,windows/train/unknown_mixed/train_000176_unknown_mixed_000000_003464_w000821_000866.npz
train_006320_unknown_mixed_000000_001628_w000000_000045,train_006320_unknown_mixed_000000_001628,MPI_HDM05/mm/HDM_mm_02-03_02_120_poses.npz,unknown_mixed,other,mm,0,45,windows/train/unknown_mixed/train_006320_unknown_mixed_000000_001628_w000000_000045.npz
train_006320_unknown_mixed_000000_001628_w000045_000090,train_006320_unknown_mixed_000000_001628,MPI_HDM05/mm/HDM_mm_02-03_02_120_poses.npz,unknown_mixed,other,mm,45,90,windows/train/unknown_mixed/train_006320_unknown_mixed_000000_001628_w000045_000090.npz
train_006320_unknown_mixed_000000_001628_w000090_000135,train_006320_unknown_mixed_000000_001628,MPI_HDM05/mm/HDM_mm_02-03_02_120_poses.npz,unknown_mixed,other,mm,90,135,windows/train/unknown_mixed/train_006320_unknown_mixed_000000_001628_w000090_000135.npz
train_006320_unknown_mixed_000000_001628_w000120_000165,train_006320_unknown_mixed_000000_001628,MPI_HDM05/mm/HDM_mm_02-03_02_120_poses.npz,unknown_mixed,other,mm,120,165,windows/train/unknown_mixed/train_006320_unknown_mixed_000000_001628_w000120_000165.npz
train_006320_unknown_mixed_000000_001628_w000165_000210,train_006320_unknown_mixed_000000_001628,MPI_HDM05/mm/HDM_mm_02-03_02_120_poses.npz,unknown_mixed,other,mm,165,210,windows/train/unknown_mixed/train_006320_unknown_mixed_000000_001628_w000165_000210.npz
train_006320_unknown_mixed_000000_001628_w000210_000255,train_006320_unknown_mixed_000000_001628,MPI_HDM05/mm/HDM_mm_02-03_02_120_poses.npz,unknown_mixed,other,mm,210,255,windows/train/unknown_mixed/train_006320_unknown_mixed_000000_001628_w000210_000255.npz
train_006320_unknown_mixed_000000_001628_w000255_000300,train_006320_unknown_mixed_000000_001628,MPI_HDM05/mm/HDM_mm_02-03_02_120_poses.npz,unknown_mixed,other,mm,255,300,windows/train/unknown_mixed/train_006320_unknown_mixed_000000_001628_w000255_000300.npz
train_006320_unknown_mixed_000000_001628_w000285_000330,train_006320_unknown_mixed_000000_001628,MPI_HDM05/mm/HDM_mm_02-03_02_120_poses.npz,unknown_mixed,other,mm,285,330,windows/train/unknown_mixed/train_006320_unknown_mixed_000000_001628_w000285_000330.npz
train_006320_unknown_mixed_000000_001628_w000330_000375,train_006320_unknown_mixed_000000_001628,MPI_HDM05/mm/HDM_mm_02-03_02_120_poses.npz,unknown_mixed,other,mm,330,375,windows/train/unknown_mixed/train_006320_unknown_mixed_000000_001628_w000330_000375.npz
train_006320_unknown_mixed_000000_001628_w000362_000407,train_006320_unknown_mixed_000000_001628,MPI_HDM05/mm/HDM_mm_02-03_02_120_poses.npz,unknown_mixed,other,mm,362,407,windows/train/unknown_mixed/train_006320_unknown_mixed_000000_001628_w000362_000407.npz
train_002078_unknown_mixed_000000_002240_w000000_000045,train_002078_unknown_mixed_000000_002240,MPI_HDM05/mm/HDM_mm_02-03_03_120_poses.npz,unknown_mixed,other,mm,0,45,windows/train/unknown_mixed/train_002078_unknown_mixed_000000_002240_w000000_000045.npz
train_002078_unknown_mixed_000000_002240_w000060_000105,train_002078_unknown_mixed_000000_002240,MPI_HDM05/mm/HDM_mm_02-03_03_120_poses.npz,unknown_mixed,other,mm,60,105,windows/train/unknown_mixed/train_002078_unknown_mixed_000000_002240_w000060_000105.npz
train_002078_unknown_mixed_000000_002240_w000120_000165,train_002078_unknown_mixed_000000_002240,MPI_HDM05/mm/HDM_mm_02-03_03_120_poses.npz,unknown_mixed,other,mm,120,165,windows/train/unknown_mixed/train_002078_unknown_mixed_000000_002240_w000120_000165.npz
train_002078_unknown_mixed_000000_002240_w000180_000225,train_002078_unknown_mixed_000000_002240,MPI_HDM05/mm/HDM_mm_02-03_03_120_poses.npz,unknown_mixed,other,mm,180,225,windows/train/unknown_mixed/train_002078_unknown_mixed_000000_002240_w000180_000225.npz
train_002078_unknown_mixed_000000_002240_w000240_000285,train_002078_unknown_mixed_000000_002240,MPI_HDM05/mm/HDM_mm_02-03_03_120_poses.npz,unknown_mixed,other,mm,240,285,windows/train/unknown_mixed/train_002078_unknown_mixed_000000_002240_w000240_000285.npz
train_002078_unknown_mixed_000000_002240_w000285_000330,train_002078_unknown_mixed_000000_002240,MPI_HDM05/mm/HDM_mm_02-03_03_120_poses.npz,unknown_mixed,other,mm,285,330,windows/train/unknown_mixed/train_002078_unknown_mixed_000000_002240_w000285_000330.npz
train_002078_unknown_mixed_000000_002240_w000345_000390,train_002078_unknown_mixed_000000_002240,MPI_HDM05/mm/HDM_mm_02-03_03_120_poses.npz,unknown_mixed,other,mm,345,390,windows/train/unknown_mixed/train_002078_unknown_mixed_000000_002240_w000345_000390.npz
train_002078_unknown_mixed_000000_002240_w000405_000450,train_002078_unknown_mixed_000000_002240,MPI_HDM05/mm/HDM_mm_02-03_03_120_poses.npz,unknown_mixed,other,mm,405,450,windows/train/unknown_mixed/train_002078_unknown_mixed_000000_002240_w000405_000450.npz
train_002078_unknown_mixed_000000_002240_w000465_000510,train_002078_unknown_mixed_000000_002240,MPI_HDM05/mm/HDM_mm_02-03_03_120_poses.npz,unknown_mixed,other,mm,465,510,windows/train/unknown_mixed/train_002078_unknown_mixed_000000_002240_w000465_000510.npz
train_002078_unknown_mixed_000000_002240_w000515_000560,train_002078_unknown_mixed_000000_002240,MPI_HDM05/mm/HDM_mm_02-03_03_120_poses.npz,unknown_mixed,other,mm,515,560,windows/train/unknown_mixed/train_002078_unknown_mixed_000000_002240_w000515_000560.npz
train_006701_dance_003049_007568_w000000_000045,train_006701_dance_003049_007568,MPI_HDM05/mm/HDM_mm_03-01_01_120_poses.npz,dance,other,mm,0,45,windows/train/dance/train_006701_dance_003049_007568_w000000_000045.npz
train_006701_dance_003049_007568_w000090_000135,train_006701_dance_003049_007568,MPI_HDM05/mm/HDM_mm_03-01_01_120_poses.npz,dance,other,mm,90,135,windows/train/dance/train_006701_dance_003049_007568_w000090_000135.npz
train_006701_dance_003049_007568_w000195_000240,train_006701_dance_003049_007568,MPI_HDM05/mm/HDM_mm_03-01_01_120_poses.npz,dance,other,mm,195,240,windows/train/dance/train_006701_dance_003049_007568_w000195_000240.npz
train_006701_unknown_mixed_000000_003049_w000285_000330,train_006701_unknown_mixed_000000_003049,MPI_HDM05/mm/HDM_mm_03-01_01_120_poses.npz,unknown_mixed,other,mm,285,330,windows/train/unknown_mixed/train_006701_unknown_mixed_000000_003049_w000285_000330.npz
train_006701_unknown_mixed_000000_003049_w000390_000435,train_006701_unknown_mixed_000000_003049,MPI_HDM05/mm/HDM_mm_03-01_01_120_poses.npz,unknown_mixed,other,mm,390,435,windows/train/unknown_mixed/train_006701_unknown_mixed_000000_003049_w000390_000435.npz
train_006701_unknown_mixed_000000_003049_w000495_000540,train_006701_unknown_mixed_000000_003049,MPI_HDM05/mm/HDM_mm_03-01_01_120_poses.npz,unknown_mixed,other,mm,495,540,windows/train/unknown_mixed/train_006701_unknown_mixed_000000_003049_w000495_000540.npz
train_006701_unknown_mixed_000000_003049_w000600_000645,train_006701_unknown_mixed_000000_003049,MPI_HDM05/mm/HDM_mm_03-01_01_120_poses.npz,unknown_mixed,other,mm,600,645,windows/train/unknown_mixed/train_006701_unknown_mixed_000000_003049_w000600_000645.npz
train_006701_dance_003049_007568_w000705_000750,train_006701_dance_003049_007568,MPI_HDM05/mm/HDM_mm_03-01_01_120_poses.npz,dance,other,mm,705,750,windows/train/dance/train_006701_dance_003049_007568_w000705_000750.npz
train_006701_dance_003049_007568_w000885_000930,train_006701_dance_003049_007568,MPI_HDM05/mm/HDM_mm_03-01_01_120_poses.npz,dance,other,mm,885,930,windows/train/dance/train_006701_dance_003049_007568_w000885_000930.npz
train_006701_dance_003049_007568_w001085_001130,train_006701_dance_003049_007568,MPI_HDM05/mm/HDM_mm_03-01_01_120_poses.npz,dance,other,mm,1085,1130,windows/train/dance/train_006701_dance_003049_007568_w001085_001130.npz
train_010499_combat_004296_005421_w000000_000045,train_010499_combat_004296_005421,MPI_HDM05/mm/HDM_mm_03-01_03_120_poses.npz,combat,other,mm,0,45,windows/train/combat/train_010499_combat_004296_005421_w000000_000045.npz
train_010499_unknown_mixed_007811_008040_w000013_000058,train_010499_unknown_mixed_007811_008040,MPI_HDM05/mm/HDM_mm_03-01_03_120_poses.npz,unknown_mixed,other,mm,13,58,windows/train/unknown_mixed/train_010499_unknown_mixed_007811_008040_w000013_000058.npz
train_010499_unknown_mixed_002790_003043_w000015_000060,train_010499_unknown_mixed_002790_003043,MPI_HDM05/mm/HDM_mm_03-01_03_120_poses.npz,unknown_mixed,other,mm,15,60,windows/train/unknown_mixed/train_010499_unknown_mixed_002790_003043_w000015_000060.npz
train_010499_combat_004296_005421_w000045_000090,train_010499_combat_004296_005421,MPI_HDM05/mm/HDM_mm_03-01_03_120_poses.npz,combat,other,mm,45,90,windows/train/combat/train_010499_combat_004296_005421_w000045_000090.npz
train_010499_combat_005996_007161_w000075_000120,train_010499_combat_005996_007161,MPI_HDM05/mm/HDM_mm_03-01_03_120_poses.npz,combat,other,mm,75,120,windows/train/combat/train_010499_combat_005996_007161_w000075_000120.npz
train_010499_combat_005996_007161_w000105_000150,train_010499_combat_005996_007161,MPI_HDM05/mm/HDM_mm_03-01_03_120_poses.npz,combat,other,mm,105,150,windows/train/combat/train_010499_combat_005996_007161_w000105_000150.npz
train_010499_combat_004296_005421_w000150_000195,train_010499_combat_004296_005421,MPI_HDM05/mm/HDM_mm_03-01_03_120_poses.npz,combat,other,mm,150,195,windows/train/combat/train_010499_combat_004296_005421_w000150_000195.npz
train_010499_combat_005996_007161_w000180_000225,train_010499_combat_005996_007161,MPI_HDM05/mm/HDM_mm_03-01_03_120_poses.npz,combat,other,mm,180,225,windows/train/combat/train_010499_combat_005996_007161_w000180_000225.npz
train_010499_combat_005996_007161_w000210_000255,train_010499_combat_005996_007161,MPI_HDM05/mm/HDM_mm_03-01_03_120_poses.npz,combat,other,mm,210,255,windows/train/combat/train_010499_combat_005996_007161_w000210_000255.npz
train_010499_combat_005996_007161_w000247_000292,train_010499_combat_005996_007161,MPI_HDM05/mm/HDM_mm_03-01_03_120_poses.npz,combat,other,mm,247,292,windows/train/combat/train_010499_combat_005996_007161_w000247_000292.npz
train_010499_walk_000298_002790_w000000_000045,train_010499_walk_000298_002790,MPI_HDM05/mm/HDM_mm_03-01_03_120_poses.npz,walk,walk,mm,0,45,windows/train/walk/train_010499_walk_000298_002790_w000000_000045.npz
train_010499_walk_000298_002790_w000030_000075,train_010499_walk_000298_002790,MPI_HDM05/mm/HDM_mm_03-01_03_120_poses.npz,walk,walk,mm,30,75,windows/train/walk/train_010499_walk_000298_002790_w000030_000075.npz
train_010499_walk_003043_004296_w000060_000105,train_010499_walk_003043_004296,MPI_HDM05/mm/HDM_mm_03-01_03_120_poses.npz,walk,walk,mm,60,105,windows/train/walk/train_010499_walk_003043_004296_w000060_000105.npz
train_010499_walk_003043_004296_w000090_000135,train_010499_walk_003043_004296,MPI_HDM05/mm/HDM_mm_03-01_03_120_poses.npz,walk,walk,mm,90,135,windows/train/walk/train_010499_walk_003043_004296_w000090_000135.npz
train_010499_walk_000298_002790_w000120_000165,train_010499_walk_000298_002790,MPI_HDM05/mm/HDM_mm_03-01_03_120_poses.npz,walk,walk,mm,120,165,windows/train/walk/train_010499_walk_000298_002790_w000120_000165.npz
train_010499_walk_003043_004296_w000180_000225,train_010499_walk_003043_004296,MPI_HDM05/mm/HDM_mm_03-01_03_120_poses.npz,walk,walk,mm,180,225,windows/train/walk/train_010499_walk_003043_004296_w000180_000225.npz
train_010499_walk_003043_004296_w000240_000285,train_010499_walk_003043_004296,MPI_HDM05/mm/HDM_mm_03-01_03_120_poses.npz,walk,walk,mm,240,285,windows/train/walk/train_010499_walk_003043_004296_w000240_000285.npz
train_010499_walk_000298_002790_w000330_000375,train_010499_walk_000298_002790,MPI_HDM05/mm/HDM_mm_03-01_03_120_poses.npz,walk,walk,mm,330,375,windows/train/walk/train_010499_walk_000298_002790_w000330_000375.npz
train_010499_walk_000298_002790_w000465_000510,train_010499_walk_000298_002790,MPI_HDM05/mm/HDM_mm_03-01_03_120_poses.npz,walk,walk,mm,465,510,windows/train/walk/train_010499_walk_000298_002790_w000465_000510.npz
train_010499_walk_000298_002790_w000578_000623,train_010499_walk_000298_002790,MPI_HDM05/mm/HDM_mm_03-01_03_120_poses.npz,walk,walk,mm,578,623,windows/train/walk/train_010499_walk_000298_002790_w000578_000623.npz
train_003417_unknown_mixed_001183_001513_w000000_000045,train_003417_unknown_mixed_001183_001513,MPI_HDM05/mm/HDM_mm_03-02_01_120_poses.npz,unknown_mixed,other,mm,0,45,windows/train/unknown_mixed/train_003417_unknown_mixed_001183_001513_w000000_000045.npz
train_003417_unknown_mixed_002903_003213_w000000_000045,train_003417_unknown_mixed_002903_003213,MPI_HDM05/mm/HDM_mm_03-02_01_120_poses.npz,unknown_mixed,other,mm,0,45,windows/train/unknown_mixed/train_003417_unknown_mixed_002903_003213_w000000_000045.npz
train_003417_unknown_mixed_007040_007671_w000000_000045,train_003417_unknown_mixed_007040_007671,MPI_HDM05/mm/HDM_mm_03-02_01_120_poses.npz,unknown_mixed,other,mm,0,45,windows/train/unknown_mixed/train_003417_unknown_mixed_007040_007671_w000000_000045.npz
train_003417_unknown_mixed_002903_003213_w000015_000060,train_003417_unknown_mixed_002903_003213,MPI_HDM05/mm/HDM_mm_03-02_01_120_poses.npz,unknown_mixed,other,mm,15,60,windows/train/unknown_mixed/train_003417_unknown_mixed_002903_003213_w000015_000060.npz
train_003417_unknown_mixed_007040_007671_w000015_000060,train_003417_unknown_mixed_007040_007671,MPI_HDM05/mm/HDM_mm_03-02_01_120_poses.npz,unknown_mixed,other,mm,15,60,windows/train/unknown_mixed/train_003417_unknown_mixed_007040_007671_w000015_000060.npz
train_003417_unknown_mixed_001183_001513_w000030_000075,train_003417_unknown_mixed_001183_001513,MPI_HDM05/mm/HDM_mm_03-02_01_120_poses.npz,unknown_mixed,other,mm,30,75,windows/train/unknown_mixed/train_003417_unknown_mixed_001183_001513_w000030_000075.npz
train_003417_unknown_mixed_006658_006969_w000030_000075,train_003417_unknown_mixed_006658_006969,MPI_HDM05/mm/HDM_mm_03-02_01_120_poses.npz,unknown_mixed,other,mm,30,75,windows/train/unknown_mixed/train_003417_unknown_mixed_006658_006969_w000030_000075.npz
train_003417_unknown_mixed_002058_002398_w000040_000085,train_003417_unknown_mixed_002058_002398,MPI_HDM05/mm/HDM_mm_03-02_01_120_poses.npz,unknown_mixed,other,mm,40,85,windows/train/unknown_mixed/train_003417_unknown_mixed_002058_002398_w000040_000085.npz
train_003417_unknown_mixed_007040_007671_w000060_000105,train_003417_unknown_mixed_007040_007671,MPI_HDM05/mm/HDM_mm_03-02_01_120_poses.npz,unknown_mixed,other,mm,60,105,windows/train/unknown_mixed/train_003417_unknown_mixed_007040_007671_w000060_000105.npz
train_003417_unknown_mixed_007040_007671_w000113_000158,train_003417_unknown_mixed_007040_007671,MPI_HDM05/mm/HDM_mm_03-02_01_120_poses.npz,unknown_mixed,other,mm,113,158,windows/train/unknown_mixed/train_003417_unknown_mixed_007040_007671_w000113_000158.npz
train_007676_combat_000463_000693_w000000_000045,train_007676_combat_000463_000693,MPI_HDM05/mm/HDM_mm_03-02_02_120_poses.npz,combat,other,mm,0,45,windows/train/combat/train_007676_combat_000463_000693_w000000_000045.npz
train_007676_combat_003660_003905_w000000_000045,train_007676_combat_003660_003905,MPI_HDM05/mm/HDM_mm_03-02_02_120_poses.npz,combat,other,mm,0,45,windows/train/combat/train_007676_combat_003660_003905_w000000_000045.npz
train_007676_unknown_mixed_002415_002725_w000000_000045,train_007676_unknown_mixed_002415_002725,MPI_HDM05/mm/HDM_mm_03-02_02_120_poses.npz,unknown_mixed,other,mm,0,45,windows/train/unknown_mixed/train_007676_unknown_mixed_002415_002725_w000000_000045.npz
train_007676_combat_003176_003402_w000012_000057,train_007676_combat_003176_003402,MPI_HDM05/mm/HDM_mm_03-02_02_120_poses.npz,combat,other,mm,12,57,windows/train/combat/train_007676_combat_003176_003402_w000012_000057.npz
train_007676_combat_003660_003905_w000015_000060,train_007676_combat_003660_003905,MPI_HDM05/mm/HDM_mm_03-02_02_120_poses.npz,combat,other,mm,15,60,windows/train/combat/train_007676_combat_003660_003905_w000015_000060.npz
train_007676_unknown_mixed_002415_002725_w000015_000060,train_007676_unknown_mixed_002415_002725,MPI_HDM05/mm/HDM_mm_03-02_02_120_poses.npz,unknown_mixed,other,mm,15,60,windows/train/unknown_mixed/train_007676_unknown_mixed_002415_002725_w000015_000060.npz
train_007676_combat_001090_001348_w000020_000065,train_007676_combat_001090_001348,MPI_HDM05/mm/HDM_mm_03-02_02_120_poses.npz,combat,other,mm,20,65,windows/train/combat/train_007676_combat_001090_001348_w000020_000065.npz
train_007676_unknown_mixed_001348_001668_w000030_000075,train_007676_unknown_mixed_001348_001668,MPI_HDM05/mm/HDM_mm_03-02_02_120_poses.npz,unknown_mixed,other,mm,30,75,windows/train/unknown_mixed/train_007676_unknown_mixed_001348_001668_w000030_000075.npz
train_007676_unknown_mixed_000693_001090_w000045_000090,train_007676_unknown_mixed_000693_001090,MPI_HDM05/mm/HDM_mm_03-02_02_120_poses.npz,unknown_mixed,other,mm,45,90,windows/train/unknown_mixed/train_007676_unknown_mixed_000693_001090_w000045_000090.npz
train_007676_unknown_mixed_004370_004850_w000075_000120,train_007676_unknown_mixed_004370_004850,MPI_HDM05/mm/HDM_mm_03-02_02_120_poses.npz,unknown_mixed,other,mm,75,120,windows/train/unknown_mixed/train_007676_unknown_mixed_004370_004850_w000075_000120.npz
train_001449_idle_001410_001720_w000000_000045,train_001449_idle_001410_001720,MPI_HDM05/mm/HDM_mm_03-03_01_120_poses.npz,idle,other,mm,0,45,windows/train/idle/train_001449_idle_001410_001720_w000000_000045.npz
train_001449_idle_002873_003153_w000000_000045,train_001449_idle_002873_003153,MPI_HDM05/mm/HDM_mm_03-03_01_120_poses.npz,idle,other,mm,0,45,windows/train/idle/train_001449_idle_002873_003153_w000000_000045.npz
train_001449_unknown_mixed_003153_003900_w000000_000045,train_001449_unknown_mixed_003153_003900,MPI_HDM05/mm/HDM_mm_03-03_01_120_poses.npz,unknown_mixed,other,mm,0,45,windows/train/unknown_mixed/train_001449_unknown_mixed_003153_003900_w000000_000045.npz
train_001449_idle_002233_002440_w000007_000052,train_001449_idle_002233_002440,MPI_HDM05/mm/HDM_mm_03-03_01_120_poses.npz,idle,other,mm,7,52,windows/train/idle/train_001449_idle_002233_002440_w000007_000052.npz
train_001449_idle_002873_003153_w000015_000060,train_001449_idle_002873_003153,MPI_HDM05/mm/HDM_mm_03-03_01_120_poses.npz,idle,other,mm,15,60,windows/train/idle/train_001449_idle_002873_003153_w000015_000060.npz
train_001449_idle_001410_001720_w000030_000075,train_001449_idle_001410_001720,MPI_HDM05/mm/HDM_mm_03-03_01_120_poses.npz,idle,other,mm,30,75,windows/train/idle/train_001449_idle_001410_001720_w000030_000075.npz
train_001449_idle_001410_001720_w000033_000078,train_001449_idle_001410_001720,MPI_HDM05/mm/HDM_mm_03-03_01_120_poses.npz,idle,other,mm,33,78,windows/train/idle/train_001449_idle_001410_001720_w000033_000078.npz
train_001449_unknown_mixed_003153_003900_w000075_000120,train_001449_unknown_mixed_003153_003900,MPI_HDM05/mm/HDM_mm_03-03_01_120_poses.npz,unknown_mixed,other,mm,75,120,windows/train/unknown_mixed/train_001449_unknown_mixed_003153_003900_w000075_000120.npz
train_001449_unknown_mixed_003153_003900_w000105_000150,train_001449_unknown_mixed_003153_003900,MPI_HDM05/mm/HDM_mm_03-03_01_120_poses.npz,unknown_mixed,other,mm,105,150,windows/train/unknown_mixed/train_001449_unknown_mixed_003153_003900_w000105_000150.npz
train_001449_unknown_mixed_003153_003900_w000142_000187,train_001449_unknown_mixed_003153_003900,MPI_HDM05/mm/HDM_mm_03-03_01_120_poses.npz,unknown_mixed,other,mm,142,187,windows/train/unknown_mixed/train_001449_unknown_mixed_003153_003900_w000142_000187.npz
train_001449_walk_002500_002733_w000000_000045,train_001449_walk_002500_002733,MPI_HDM05/mm/HDM_mm_03-03_01_120_poses.npz,walk,walk,mm,0,45,windows/train/walk/train_001449_walk_002500_002733_w000000_000045.npz
train_001449_walk_002500_002733_w000014_000059,train_001449_walk_002500_002733,MPI_HDM05/mm/HDM_mm_03-03_01_120_poses.npz,walk,walk,mm,14,59,windows/train/walk/train_001449_walk_002500_002733_w000014_000059.npz
train_004425_unknown_mixed_000000_001693_w000000_000045,train_004425_unknown_mixed_000000_001693,MPI_HDM05/mm/HDM_mm_03-03_02_120_poses.npz,unknown_mixed,other,mm,0,45,windows/train/unknown_mixed/train_004425_unknown_mixed_000000_001693_w000000_000045.npz
train_004425_unknown_mixed_000000_001693_w000030_000075,train_004425_unknown_mixed_000000_001693,MPI_HDM05/mm/HDM_mm_03-03_02_120_poses.npz,unknown_mixed,other,mm,30,75,windows/train/unknown_mixed/train_004425_unknown_mixed_000000_001693_w000030_000075.npz
train_004425_unknown_mixed_000000_001693_w000060_000105,train_004425_unknown_mixed_000000_001693,MPI_HDM05/mm/HDM_mm_03-03_02_120_poses.npz,unknown_mixed,other,mm,60,105,windows/train/unknown_mixed/train_004425_unknown_mixed_000000_001693_w000060_000105.npz
train_004425_unknown_mixed_000000_001693_w000105_000150,train_004425_unknown_mixed_000000_001693,MPI_HDM05/mm/HDM_mm_03-03_02_120_poses.npz,unknown_mixed,other,mm,105,150,windows/train/unknown_mixed/train_004425_unknown_mixed_000000_001693_w000105_000150.npz
train_004425_unknown_mixed_000000_001693_w000150_000195,train_004425_unknown_mixed_000000_001693,MPI_HDM05/mm/HDM_mm_03-03_02_120_poses.npz,unknown_mixed,other,mm,150,195,windows/train/unknown_mixed/train_004425_unknown_mixed_000000_001693_w000150_000195.npz
train_004425_unknown_mixed_002803_004299_w000180_000225,train_004425_unknown_mixed_002803_004299,MPI_HDM05/mm/HDM_mm_03-03_02_120_poses.npz,unknown_mixed,other,mm,180,225,windows/train/unknown_mixed/train_004425_unknown_mixed_002803_004299_w000180_000225.npz
train_004425_unknown_mixed_002803_004299_w000225_000270,train_004425_unknown_mixed_002803_004299,MPI_HDM05/mm/HDM_mm_03-03_02_120_poses.npz,unknown_mixed,other,mm,225,270,windows/train/unknown_mixed/train_004425_unknown_mixed_002803_004299_w000225_000270.npz
train_004425_unknown_mixed_002803_004299_w000270_000315,train_004425_unknown_mixed_002803_004299,MPI_HDM05/mm/HDM_mm_03-03_02_120_poses.npz,unknown_mixed,other,mm,270,315,windows/train/unknown_mixed/train_004425_unknown_mixed_002803_004299_w000270_000315.npz
train_004425_unknown_mixed_002803_004299_w000315_000360,train_004425_unknown_mixed_002803_004299,MPI_HDM05/mm/HDM_mm_03-03_02_120_poses.npz,unknown_mixed,other,mm,315,360,windows/train/unknown_mixed/train_004425_unknown_mixed_002803_004299_w000315_000360.npz
train_004425_unknown_mixed_000000_001693_w000379_000424,train_004425_unknown_mixed_000000_001693,MPI_HDM05/mm/HDM_mm_03-03_02_120_poses.npz,unknown_mixed,other,mm,379,424,windows/train/unknown_mixed/train_004425_unknown_mixed_000000_001693_w000379_000424.npz
train_013286_unknown_mixed_000000_001994_w000000_000045,train_013286_unknown_mixed_000000_001994,MPI_HDM05/mm/HDM_mm_03-05_01_120_poses.npz,unknown_mixed,other,mm,0,45,windows/train/unknown_mixed/train_013286_unknown_mixed_000000_001994_w000000_000045.npz
train_013286_unknown_mixed_000000_001994_w000045_000090,train_013286_unknown_mixed_000000_001994,MPI_HDM05/mm/HDM_mm_03-05_01_120_poses.npz,unknown_mixed,other,mm,45,90,windows/train/unknown_mixed/train_013286_unknown_mixed_000000_001994_w000045_000090.npz
train_013286_unknown_mixed_000000_001994_w000105_000150,train_013286_unknown_mixed_000000_001994,MPI_HDM05/mm/HDM_mm_03-05_01_120_poses.npz,unknown_mixed,other,mm,105,150,windows/train/unknown_mixed/train_013286_unknown_mixed_000000_001994_w000105_000150.npz
train_013286_unknown_mixed_000000_001994_w000150_000195,train_013286_unknown_mixed_000000_001994,MPI_HDM05/mm/HDM_mm_03-05_01_120_poses.npz,unknown_mixed,other,mm,150,195,windows/train/unknown_mixed/train_013286_unknown_mixed_000000_001994_w000150_000195.npz
train_013286_unknown_mixed_000000_001994_w000210_000255,train_013286_unknown_mixed_000000_001994,MPI_HDM05/mm/HDM_mm_03-05_01_120_poses.npz,unknown_mixed,other,mm,210,255,windows/train/unknown_mixed/train_013286_unknown_mixed_000000_001994_w000210_000255.npz
train_013286_unknown_mixed_000000_001994_w000255_000300,train_013286_unknown_mixed_000000_001994,MPI_HDM05/mm/HDM_mm_03-05_01_120_poses.npz,unknown_mixed,other,mm,255,300,windows/train/unknown_mixed/train_013286_unknown_mixed_000000_001994_w000255_000300.npz
train_013286_unknown_mixed_000000_001994_w000315_000360,train_013286_unknown_mixed_000000_001994,MPI_HDM05/mm/HDM_mm_03-05_01_120_poses.npz,unknown_mixed,other,mm,315,360,windows/train/unknown_mixed/train_013286_unknown_mixed_000000_001994_w000315_000360.npz
train_013286_unknown_mixed_000000_001994_w000360_000405,train_013286_unknown_mixed_000000_001994,MPI_HDM05/mm/HDM_mm_03-05_01_120_poses.npz,unknown_mixed,other,mm,360,405,windows/train/unknown_mixed/train_013286_unknown_mixed_000000_001994_w000360_000405.npz
train_013286_unknown_mixed_000000_001994_w000420_000465,train_013286_unknown_mixed_000000_001994,MPI_HDM05/mm/HDM_mm_03-05_01_120_poses.npz,unknown_mixed,other,mm,420,465,windows/train/unknown_mixed/train_013286_unknown_mixed_000000_001994_w000420_000465.npz
train_013286_unknown_mixed_000000_001994_w000454_000499,train_013286_unknown_mixed_000000_001994,MPI_HDM05/mm/HDM_mm_03-05_01_120_poses.npz,unknown_mixed,other,mm,454,499,windows/train/unknown_mixed/train_013286_unknown_mixed_000000_001994_w000454_000499.npz
train_012356_idle_000208_000527_w000000_000045,train_012356_idle_000208_000527,MPI_HDM05/mm/HDM_mm_03-10_07_120_poses.npz,idle,other,mm,0,45,windows/train/idle/train_012356_idle_000208_000527_w000000_000045.npz
train_012356_unknown_mixed_000000_000208_w000000_000045,train_012356_unknown_mixed_000000_000208,MPI_HDM05/mm/HDM_mm_03-10_07_120_poses.npz,unknown_mixed,other,mm,0,45,windows/train/unknown_mixed/train_012356_unknown_mixed_000000_000208_w000000_000045.npz
train_012356_unknown_mixed_001473_001679_w000007_000052,train_012356_unknown_mixed_001473_001679,MPI_HDM05/mm/HDM_mm_03-10_07_120_poses.npz,unknown_mixed,other,mm,7,52,windows/train/unknown_mixed/train_012356_unknown_mixed_001473_001679_w000007_000052.npz
train_012356_jump_acrobatic_000527_001473_w000015_000060,train_012356_jump_acrobatic_000527_001473,MPI_HDM05/mm/HDM_mm_03-10_07_120_poses.npz,jump_acrobatic,other,mm,15,60,windows/train/jump_acrobatic/train_012356_jump_acrobatic_000527_001473_w000015_000060.npz
train_012356_jump_acrobatic_000527_001473_w000030_000075,train_012356_jump_acrobatic_000527_001473,MPI_HDM05/mm/HDM_mm_03-10_07_120_poses.npz,jump_acrobatic,other,mm,30,75,windows/train/jump_acrobatic/train_012356_jump_acrobatic_000527_001473_w000030_000075.npz
train_012356_jump_acrobatic_000527_001473_w000060_000105,train_012356_jump_acrobatic_000527_001473,MPI_HDM05/mm/HDM_mm_03-10_07_120_poses.npz,jump_acrobatic,other,mm,60,105,windows/train/jump_acrobatic/train_012356_jump_acrobatic_000527_001473_w000060_000105.npz
train_012356_jump_acrobatic_000527_001473_w000090_000135,train_012356_jump_acrobatic_000527_001473,MPI_HDM05/mm/HDM_mm_03-10_07_120_poses.npz,jump_acrobatic,other,mm,90,135,windows/train/jump_acrobatic/train_012356_jump_acrobatic_000527_001473_w000090_000135.npz
train_012356_jump_acrobatic_000527_001473_w000120_000165,train_012356_jump_acrobatic_000527_001473,MPI_HDM05/mm/HDM_mm_03-10_07_120_poses.npz,jump_acrobatic,other,mm,120,165,windows/train/jump_acrobatic/train_012356_jump_acrobatic_000527_001473_w000120_000165.npz
train_012356_jump_acrobatic_000527_001473_w000165_000210,train_012356_jump_acrobatic_000527_001473,MPI_HDM05/mm/HDM_mm_03-10_07_120_poses.npz,jump_acrobatic,other,mm,165,210,windows/train/jump_acrobatic/train_012356_jump_acrobatic_000527_001473_w000165_000210.npz
train_012356_jump_acrobatic_000527_001473_w000192_000237,train_012356_jump_acrobatic_000527_001473,MPI_HDM05/mm/HDM_mm_03-10_07_120_poses.npz,jump_acrobatic,other,mm,192,237,windows/train/jump_acrobatic/train_012356_jump_acrobatic_000527_001473_w000192_000237.npz
train_012692_unknown_mixed_000000_000530_w000000_000045,train_012692_unknown_mixed_000000_000530,MPI_HDM05/mm/HDM_mm_04-01_01_120_poses.npz,unknown_mixed,other,mm,0,45,windows/train/unknown_mixed/train_012692_unknown_mixed_000000_000530_w000000_000045.npz
train_012692_unknown_mixed_000924_001636_w000015_000060,train_012692_unknown_mixed_000924_001636,MPI_HDM05/mm/HDM_mm_04-01_01_120_poses.npz,unknown_mixed,other,mm,15,60,windows/train/unknown_mixed/train_012692_unknown_mixed_000924_001636_w000015_000060.npz
train_012692_unknown_mixed_005340_005977_w000030_000075,train_012692_unknown_mixed_005340_005977,MPI_HDM05/mm/HDM_mm_04-01_01_120_poses.npz,unknown_mixed,other,mm,30,75,windows/train/unknown_mixed/train_012692_unknown_mixed_005340_005977_w000030_000075.npz
train_012692_unknown_mixed_007977_008739_w000045_000090,train_012692_unknown_mixed_007977_008739,MPI_HDM05/mm/HDM_mm_04-01_01_120_poses.npz,unknown_mixed,other,mm,45,90,windows/train/unknown_mixed/train_012692_unknown_mixed_007977_008739_w000045_000090.npz
train_012692_unknown_mixed_000000_000530_w000075_000120,train_012692_unknown_mixed_000000_000530,MPI_HDM05/mm/HDM_mm_04-01_01_120_poses.npz,unknown_mixed,other,mm,75,120,windows/train/unknown_mixed/train_012692_unknown_mixed_000000_000530_w000075_000120.npz
train_012692_unknown_mixed_003922_004594_w000090_000135,train_012692_unknown_mixed_003922_004594,MPI_HDM05/mm/HDM_mm_04-01_01_120_poses.npz,unknown_mixed,other,mm,90,135,windows/train/unknown_mixed/train_012692_unknown_mixed_003922_004594_w000090_000135.npz
train_012692_unknown_mixed_009356_010579_w000105_000150,train_012692_unknown_mixed_009356_010579,MPI_HDM05/mm/HDM_mm_04-01_01_120_poses.npz,unknown_mixed,other,mm,105,150,windows/train/unknown_mixed/train_012692_unknown_mixed_009356_010579_w000105_000150.npz
train_012692_unknown_mixed_006509_007217_w000132_000177,train_012692_unknown_mixed_006509_007217,MPI_HDM05/mm/HDM_mm_04-01_01_120_poses.npz,unknown_mixed,other,mm,132,177,windows/train/unknown_mixed/train_012692_unknown_mixed_006509_007217_w000132_000177.npz
train_012692_unknown_mixed_011306_012405_w000165_000210,train_012692_unknown_mixed_011306_012405,MPI_HDM05/mm/HDM_mm_04-01_01_120_poses.npz,unknown_mixed,other,mm,165,210,windows/train/unknown_mixed/train_012692_unknown_mixed_011306_012405_w000165_000210.npz
train_012692_unknown_mixed_009356_010579_w000261_000306,train_012692_unknown_mixed_009356_010579,MPI_HDM05/mm/HDM_mm_04-01_01_120_poses.npz,unknown_mixed,other,mm,261,306,windows/train/unknown_mixed/train_012692_unknown_mixed_009356_010579_w000261_000306.npz
train_012692_walk_000530_000924_w000000_000045,train_012692_walk_000530_000924,MPI_HDM05/mm/HDM_mm_04-01_01_120_poses.npz,walk,walk,mm,0,45,windows/train/walk/train_012692_walk_000530_000924_w000000_000045.npz
train_012692_walk_012405_012619_w000000_000045,train_012692_walk_012405_012619,MPI_HDM05/mm/HDM_mm_04-01_01_120_poses.npz,walk,walk,mm,0,45,windows/train/walk/train_012692_walk_012405_012619_w000000_000045.npz
train_012692_walk_010579_011306_w000015_000060,train_012692_walk_010579_011306,MPI_HDM05/mm/HDM_mm_04-01_01_120_poses.npz,walk,walk,mm,15,60,windows/train/walk/train_012692_walk_010579_011306_w000015_000060.npz
train_012692_walk_010579_011306_w000030_000075,train_012692_walk_010579_011306,MPI_HDM05/mm/HDM_mm_04-01_01_120_poses.npz,walk,walk,mm,30,75,windows/train/walk/train_012692_walk_010579_011306_w000030_000075.npz
train_012692_walk_000530_000924_w000054_000099,train_012692_walk_000530_000924,MPI_HDM05/mm/HDM_mm_04-01_01_120_poses.npz,walk,walk,mm,54,99,windows/train/walk/train_012692_walk_000530_000924_w000054_000099.npz
train_012692_walk_001636_002507_w000075_000120,train_012692_walk_001636_002507,MPI_HDM05/mm/HDM_mm_04-01_01_120_poses.npz,walk,walk,mm,75,120,windows/train/walk/train_012692_walk_001636_002507_w000075_000120.npz
train_012692_walk_003330_003922_w000090_000135,train_012692_walk_003330_003922,MPI_HDM05/mm/HDM_mm_04-01_01_120_poses.npz,walk,walk,mm,90,135,windows/train/walk/train_012692_walk_003330_003922_w000090_000135.npz
train_012692_walk_007217_007977_w000105_000150,train_012692_walk_007217_007977,MPI_HDM05/mm/HDM_mm_04-01_01_120_poses.npz,walk,walk,mm,105,150,windows/train/walk/train_012692_walk_007217_007977_w000105_000150.npz
train_012692_walk_004594_005340_w000135_000180,train_012692_walk_004594_005340,MPI_HDM05/mm/HDM_mm_04-01_01_120_poses.npz,walk,walk,mm,135,180,windows/train/walk/train_012692_walk_004594_005340_w000135_000180.npz
train_012692_walk_001636_002507_w000173_000218,train_012692_walk_001636_002507,MPI_HDM05/mm/HDM_mm_04-01_01_120_poses.npz,walk,walk,mm,173,218,windows/train/walk/train_012692_walk_001636_002507_w000173_000218.npz
train_008000_unknown_mixed_000000_000423_w000000_000045,train_008000_unknown_mixed_000000_000423,MPI_HDM05/mm/HDM_mm_04-01_02_120_poses.npz,unknown_mixed,other,mm,0,45,windows/train/unknown_mixed/train_008000_unknown_mixed_000000_000423_w000000_000045.npz
train_008000_unknown_mixed_003206_003395_w000000_000045,train_008000_unknown_mixed_003206_003395,MPI_HDM05/mm/HDM_mm_04-01_02_120_poses.npz,unknown_mixed,other,mm,0,45,windows/train/unknown_mixed/train_008000_unknown_mixed_003206_003395_w000000_000045.npz
train_008000_unknown_mixed_005581_005991_w000000_000045,train_008000_unknown_mixed_005581_005991,MPI_HDM05/mm/HDM_mm_04-01_02_120_poses.npz,unknown_mixed,other,mm,0,45,windows/train/unknown_mixed/train_008000_unknown_mixed_005581_005991_w000000_000045.npz
train_008000_unknown_mixed_002381_002572_w000003_000048,train_008000_unknown_mixed_002381_002572,MPI_HDM05/mm/HDM_mm_04-01_02_120_poses.npz,unknown_mixed,other,mm,3,48,windows/train/unknown_mixed/train_008000_unknown_mixed_002381_002572_w000003_000048.npz
train_008000_unknown_mixed_004671_004931_w000015_000060,train_008000_unknown_mixed_004671_004931,MPI_HDM05/mm/HDM_mm_04-01_02_120_poses.npz,unknown_mixed,other,mm,15,60,windows/train/unknown_mixed/train_008000_unknown_mixed_004671_004931_w000015_000060.npz
train_008000_unknown_mixed_006541_006931_w000015_000060,train_008000_unknown_mixed_006541_006931,MPI_HDM05/mm/HDM_mm_04-01_02_120_poses.npz,unknown_mixed,other,mm,15,60,windows/train/unknown_mixed/train_008000_unknown_mixed_006541_006931_w000015_000060.npz
train_008000_unknown_mixed_005581_005991_w000030_000075,train_008000_unknown_mixed_005581_005991,MPI_HDM05/mm/HDM_mm_04-01_02_120_poses.npz,unknown_mixed,other,mm,30,75,windows/train/unknown_mixed/train_008000_unknown_mixed_005581_005991_w000030_000075.npz
train_008000_unknown_mixed_005581_005991_w000045_000090,train_008000_unknown_mixed_005581_005991,MPI_HDM05/mm/HDM_mm_04-01_02_120_poses.npz,unknown_mixed,other,mm,45,90,windows/train/unknown_mixed/train_008000_unknown_mixed_005581_005991_w000045_000090.npz
train_008000_unknown_mixed_006541_006931_w000053_000098,train_008000_unknown_mixed_006541_006931,MPI_HDM05/mm/HDM_mm_04-01_02_120_poses.npz,unknown_mixed,other,mm,53,98,windows/train/unknown_mixed/train_008000_unknown_mixed_006541_006931_w000053_000098.npz
train_008000_unknown_mixed_000000_000423_w000061_000106,train_008000_unknown_mixed_000000_000423,MPI_HDM05/mm/HDM_mm_04-01_02_120_poses.npz,unknown_mixed,other,mm,61,106,windows/train/unknown_mixed/train_008000_unknown_mixed_000000_000423_w000061_000106.npz
train_008000_walk_000423_000799_w000000_000045,train_008000_walk_000423_000799,MPI_HDM05/mm/HDM_mm_04-01_02_120_poses.npz,walk,walk,mm,0,45,windows/train/walk/train_008000_walk_000423_000799_w000000_000045.npz
train_008000_walk_005991_006541_w000000_000045,train_008000_walk_005991_006541,MPI_HDM05/mm/HDM_mm_04-01_02_120_poses.npz,walk,walk,mm,0,45,windows/train/walk/train_008000_walk_005991_006541_w000000_000045.npz
train_008000_walk_004931_005581_w000015_000060,train_008000_walk_004931_005581,MPI_HDM05/mm/HDM_mm_04-01_02_120_poses.npz,walk,walk,mm,15,60,windows/train/walk/train_008000_walk_004931_005581_w000015_000060.npz
train_008000_walk_003395_003793_w000030_000075,train_008000_walk_003395_003793,MPI_HDM05/mm/HDM_mm_04-01_02_120_poses.npz,walk,walk,mm,30,75,windows/train/walk/train_008000_walk_003395_003793_w000030_000075.npz
train_008000_walk_002572_003206_w000045_000090,train_008000_walk_002572_003206,MPI_HDM05/mm/HDM_mm_04-01_02_120_poses.npz,walk,walk,mm,45,90,windows/train/walk/train_008000_walk_002572_003206_w000045_000090.npz
train_008000_walk_003395_003793_w000055_000100,train_008000_walk_003395_003793,MPI_HDM05/mm/HDM_mm_04-01_02_120_poses.npz,walk,walk,mm,55,100,windows/train/walk/train_008000_walk_003395_003793_w000055_000100.npz
train_008000_walk_001920_002381_w000071_000116,train_008000_walk_001920_002381,MPI_HDM05/mm/HDM_mm_04-01_02_120_poses.npz,walk,walk,mm,71,116,windows/train/walk/train_008000_walk_001920_002381_w000071_000116.npz
train_008000_walk_000990_001761_w000090_000135,train_008000_walk_000990_001761,MPI_HDM05/mm/HDM_mm_04-01_02_120_poses.npz,walk,walk,mm,90,135,windows/train/walk/train_008000_walk_000990_001761_w000090_000135.npz
train_008000_walk_004031_004671_w000105_000150,train_008000_walk_004031_004671,MPI_HDM05/mm/HDM_mm_04-01_02_120_poses.npz,walk,walk,mm,105,150,windows/train/walk/train_008000_walk_004031_004671_w000105_000150.npz
train_008000_walk_000990_001761_w000148_000193,train_008000_walk_000990_001761,MPI_HDM05/mm/HDM_mm_04-01_02_120_poses.npz,walk,walk,mm,148,193,windows/train/walk/train_008000_walk_000990_001761_w000148_000193.npz
train_006351_unknown_mixed_000000_002103_w000000_000045,train_006351_unknown_mixed_000000_002103,MPI_HDM05/mm/HDM_mm_05-02_02_120_poses.npz,unknown_mixed,other,mm,0,45,windows/train/unknown_mixed/train_006351_unknown_mixed_000000_002103_w000000_000045.npz
train_006351_unknown_mixed_000000_002103_w000060_000105,train_006351_unknown_mixed_000000_002103,MPI_HDM05/mm/HDM_mm_05-02_02_120_poses.npz,unknown_mixed,other,mm,60,105,windows/train/unknown_mixed/train_006351_unknown_mixed_000000_002103_w000060_000105.npz
train_006351_unknown_mixed_000000_002103_w000105_000150,train_006351_unknown_mixed_000000_002103,MPI_HDM05/mm/HDM_mm_05-02_02_120_poses.npz,unknown_mixed,other,mm,105,150,windows/train/unknown_mixed/train_006351_unknown_mixed_000000_002103_w000105_000150.npz
train_006351_unknown_mixed_000000_002103_w000165_000210,train_006351_unknown_mixed_000000_002103,MPI_HDM05/mm/HDM_mm_05-02_02_120_poses.npz,unknown_mixed,other,mm,165,210,windows/train/unknown_mixed/train_006351_unknown_mixed_000000_002103_w000165_000210.npz
train_006351_unknown_mixed_000000_002103_w000225_000270,train_006351_unknown_mixed_000000_002103,MPI_HDM05/mm/HDM_mm_05-02_02_120_poses.npz,unknown_mixed,other,mm,225,270,windows/train/unknown_mixed/train_006351_unknown_mixed_000000_002103_w000225_000270.npz
train_006351_unknown_mixed_000000_002103_w000270_000315,train_006351_unknown_mixed_000000_002103,MPI_HDM05/mm/HDM_mm_05-02_02_120_poses.npz,unknown_mixed,other,mm,270,315,windows/train/unknown_mixed/train_006351_unknown_mixed_000000_002103_w000270_000315.npz
train_006351_unknown_mixed_000000_002103_w000330_000375,train_006351_unknown_mixed_000000_002103,MPI_HDM05/mm/HDM_mm_05-02_02_120_poses.npz,unknown_mixed,other,mm,330,375,windows/train/unknown_mixed/train_006351_unknown_mixed_000000_002103_w000330_000375.npz
train_006351_unknown_mixed_000000_002103_w000390_000435,train_006351_unknown_mixed_000000_002103,MPI_HDM05/mm/HDM_mm_05-02_02_120_poses.npz,unknown_mixed,other,mm,390,435,windows/train/unknown_mixed/train_006351_unknown_mixed_000000_002103_w000390_000435.npz
train_006351_unknown_mixed_000000_002103_w000435_000480,train_006351_unknown_mixed_000000_002103,MPI_HDM05/mm/HDM_mm_05-02_02_120_poses.npz,unknown_mixed,other,mm,435,480,windows/train/unknown_mixed/train_006351_unknown_mixed_000000_002103_w000435_000480.npz
train_006351_unknown_mixed_000000_002103_w000481_000526,train_006351_unknown_mixed_000000_002103,MPI_HDM05/mm/HDM_mm_05-02_02_120_poses.npz,unknown_mixed,other,mm,481,526,windows/train/unknown_mixed/train_006351_unknown_mixed_000000_002103_w000481_000526.npz
train_001657_jump_acrobatic_003123_003503_w000000_000045,train_001657_jump_acrobatic_003123_003503,MPI_HDM05/mm/HDM_mm_05-03_01_120_poses.npz,jump_acrobatic,other,mm,0,45,windows/train/jump_acrobatic/train_001657_jump_acrobatic_003123_003503_w000000_000045.npz
train_001657_unknown_mixed_002835_003123_w000000_000045,train_001657_unknown_mixed_002835_003123,MPI_HDM05/mm/HDM_mm_05-03_01_120_poses.npz,unknown_mixed,other,mm,0,45,windows/train/unknown_mixed/train_001657_unknown_mixed_002835_003123_w000000_000045.npz
train_001657_unknown_mixed_000843_001193_w000015_000060,train_001657_unknown_mixed_000843_001193,MPI_HDM05/mm/HDM_mm_05-03_01_120_poses.npz,unknown_mixed,other,mm,15,60,windows/train/unknown_mixed/train_001657_unknown_mixed_000843_001193_w000015_000060.npz
train_001657_unknown_mixed_002835_003123_w000027_000072,train_001657_unknown_mixed_002835_003123,MPI_HDM05/mm/HDM_mm_05-03_01_120_poses.npz,unknown_mixed,other,mm,27,72,windows/train/unknown_mixed/train_001657_unknown_mixed_002835_003123_w000027_000072.npz
train_001657_unknown_mixed_001303_002610_w000030_000075,train_001657_unknown_mixed_001303_002610,MPI_HDM05/mm/HDM_mm_05-03_01_120_poses.npz,unknown_mixed,other,mm,30,75,windows/train/unknown_mixed/train_001657_unknown_mixed_001303_002610_w000030_000075.npz
train_001657_unknown_mixed_001303_002610_w000045_000090,train_001657_unknown_mixed_001303_002610,MPI_HDM05/mm/HDM_mm_05-03_01_120_poses.npz,unknown_mixed,other,mm,45,90,windows/train/unknown_mixed/train_001657_unknown_mixed_001303_002610_w000045_000090.npz
train_001657_unknown_mixed_001303_002610_w000090_000135,train_001657_unknown_mixed_001303_002610,MPI_HDM05/mm/HDM_mm_05-03_01_120_poses.npz,unknown_mixed,other,mm,90,135,windows/train/unknown_mixed/train_001657_unknown_mixed_001303_002610_w000090_000135.npz
train_001657_unknown_mixed_001303_002610_w000165_000210,train_001657_unknown_mixed_001303_002610,MPI_HDM05/mm/HDM_mm_05-03_01_120_poses.npz,unknown_mixed,other,mm,165,210,windows/train/unknown_mixed/train_001657_unknown_mixed_001303_002610_w000165_000210.npz
train_001657_unknown_mixed_001303_002610_w000225_000270,train_001657_unknown_mixed_001303_002610,MPI_HDM05/mm/HDM_mm_05-03_01_120_poses.npz,unknown_mixed,other,mm,225,270,windows/train/unknown_mixed/train_001657_unknown_mixed_001303_002610_w000225_000270.npz
train_001657_unknown_mixed_001303_002610_w000282_000327,train_001657_unknown_mixed_001303_002610,MPI_HDM05/mm/HDM_mm_05-03_01_120_poses.npz,unknown_mixed,other,mm,282,327,windows/train/unknown_mixed/train_001657_unknown_mixed_001303_002610_w000282_000327.npz
train_001657_run_002610_002835_w000000_000045,train_001657_run_002610_002835,MPI_HDM05/mm/HDM_mm_05-03_01_120_poses.npz,run,run,mm,0,45,windows/train/run/train_001657_run_002610_002835_w000000_000045.npz
train_001657_run_002610_002835_w000012_000057,train_001657_run_002610_002835,MPI_HDM05/mm/HDM_mm_05-03_01_120_poses.npz,run,run,mm,12,57,windows/train/run/train_001657_run_002610_002835_w000012_000057.npz
train_001657_walk_000315_000843_w000000_000045,train_001657_walk_000315_000843,MPI_HDM05/mm/HDM_mm_05-03_01_120_poses.npz,walk,walk,mm,0,45,windows/train/walk/train_001657_walk_000315_000843_w000000_000045.npz
train_001657_walk_003603_003903_w000000_000045,train_001657_walk_003603_003903,MPI_HDM05/mm/HDM_mm_05-03_01_120_poses.npz,walk,walk,mm,0,45,windows/train/walk/train_001657_walk_003603_003903_w000000_000045.npz
train_001657_walk_000315_000843_w000015_000060,train_001657_walk_000315_000843,MPI_HDM05/mm/HDM_mm_05-03_01_120_poses.npz,walk,walk,mm,15,60,windows/train/walk/train_001657_walk_000315_000843_w000015_000060.npz
train_001657_walk_003603_003903_w000015_000060,train_001657_walk_003603_003903,MPI_HDM05/mm/HDM_mm_05-03_01_120_poses.npz,walk,walk,mm,15,60,windows/train/walk/train_001657_walk_003603_003903_w000015_000060.npz
train_001657_walk_000315_000843_w000030_000075,train_001657_walk_000315_000843,MPI_HDM05/mm/HDM_mm_05-03_01_120_poses.npz,walk,walk,mm,30,75,windows/train/walk/train_001657_walk_000315_000843_w000030_000075.npz
train_001657_walk_003603_003903_w000030_000075,train_001657_walk_003603_003903,MPI_HDM05/mm/HDM_mm_05-03_01_120_poses.npz,walk,walk,mm,30,75,windows/train/walk/train_001657_walk_003603_003903_w000030_000075.npz
train_001657_walk_000315_000843_w000045_000090,train_001657_walk_000315_000843,MPI_HDM05/mm/HDM_mm_05-03_01_120_poses.npz,walk,walk,mm,45,90,windows/train/walk/train_001657_walk_000315_000843_w000045_000090.npz
train_001657_walk_000315_000843_w000060_000105,train_001657_walk_000315_000843,MPI_HDM05/mm/HDM_mm_05-03_01_120_poses.npz,walk,walk,mm,60,105,windows/train/walk/train_001657_walk_000315_000843_w000060_000105.npz
train_001657_walk_000315_000843_w000075_000120,train_001657_walk_000315_000843,MPI_HDM05/mm/HDM_mm_05-03_01_120_poses.npz,walk,walk,mm,75,120,windows/train/walk/train_001657_walk_000315_000843_w000075_000120.npz
train_001657_walk_000315_000843_w000087_000132,train_001657_walk_000315_000843,MPI_HDM05/mm/HDM_mm_05-03_01_120_poses.npz,walk,walk,mm,87,132,windows/train/walk/train_001657_walk_000315_000843_w000087_000132.npz
train_002921_unknown_mixed_000000_000278_w000000_000045,train_002921_unknown_mixed_000000_000278,MPI_HDM05/mm/HDM_mm_06-04_01_120_poses.npz,unknown_mixed,other,mm,0,45,windows/train/unknown_mixed/train_002921_unknown_mixed_000000_000278_w000000_000045.npz
train_002921_unknown_mixed_000000_000278_w000015_000060,train_002921_unknown_mixed_000000_000278,MPI_HDM05/mm/HDM_mm_06-04_01_120_poses.npz,unknown_mixed,other,mm,15,60,windows/train/unknown_mixed/train_002921_unknown_mixed_000000_000278_w000015_000060.npz
train_002921_unknown_mixed_000000_000278_w000025_000070,train_002921_unknown_mixed_000000_000278,MPI_HDM05/mm/HDM_mm_06-04_01_120_poses.npz,unknown_mixed,other,mm,25,70,windows/train/unknown_mixed/train_002921_unknown_mixed_000000_000278_w000025_000070.npz
train_002921_unknown_mixed_000356_000748_w000045_000090,train_002921_unknown_mixed_000356_000748,MPI_HDM05/mm/HDM_mm_06-04_01_120_poses.npz,unknown_mixed,other,mm,45,90,windows/train/unknown_mixed/train_002921_unknown_mixed_000356_000748_w000045_000090.npz
train_002921_unknown_mixed_001412_002167_w000060_000105,train_002921_unknown_mixed_001412_002167,MPI_HDM05/mm/HDM_mm_06-04_01_120_poses.npz,unknown_mixed,other,mm,60,105,windows/train/unknown_mixed/train_002921_unknown_mixed_001412_002167_w000060_000105.npz
train_002921_unknown_mixed_003382_004320_w000075_000120,train_002921_unknown_mixed_003382_004320,MPI_HDM05/mm/HDM_mm_06-04_01_120_poses.npz,unknown_mixed,other,mm,75,120,windows/train/unknown_mixed/train_002921_unknown_mixed_003382_004320_w000075_000120.npz
train_002921_unknown_mixed_002384_002980_w000104_000149,train_002921_unknown_mixed_002384_002980,MPI_HDM05/mm/HDM_mm_06-04_01_120_poses.npz,unknown_mixed,other,mm,104,149,windows/train/unknown_mixed/train_002921_unknown_mixed_002384_002980_w000104_000149.npz
train_002921_unknown_mixed_004867_005795_w000120_000165,train_002921_unknown_mixed_004867_005795,MPI_HDM05/mm/HDM_mm_06-04_01_120_poses.npz,unknown_mixed,other,mm,120,165,windows/train/unknown_mixed/train_002921_unknown_mixed_004867_005795_w000120_000165.npz
train_002921_unknown_mixed_004867_005795_w000150_000195,train_002921_unknown_mixed_004867_005795,MPI_HDM05/mm/HDM_mm_06-04_01_120_poses.npz,unknown_mixed,other,mm,150,195,windows/train/unknown_mixed/train_002921_unknown_mixed_004867_005795_w000150_000195.npz
train_002921_unknown_mixed_003382_004320_w000190_000235,train_002921_unknown_mixed_003382_004320,MPI_HDM05/mm/HDM_mm_06-04_01_120_poses.npz,unknown_mixed,other,mm,190,235,windows/train/unknown_mixed/train_002921_unknown_mixed_003382_004320_w000190_000235.npz
